[{"bus_status": "for ", "name": "Aarons Pass", "geo": {"location": {"lat": -32.8647451, "lng": 149.8066172}, "viewport": {"northeast": {"lat": -32.8227179, "lng": 149.8667068}, "southwest": {"lat": -32.9264692, "lng": 149.7430119}}}, "distance": 1000000, "hour": "", "photo": "", "price_level": "", "rating": 0, "stars": ["", "", "", "", ""], "tags": ["locality", "political"], "user_total_rating": 0, "address": "Aarons Pass NSW 2850, Australia", "map": "https://www.google.com/maps/place/?q=place_id:ChIJ92a6XZp3DmsRwFpDkLQJBgQ", "row": {"geometry": {"location": {"lat": -32.8647451, "lng": 149.8066172}, "viewport": {"northeast": {"lat": -32.8227179, "lng": 149.8667068}, "southwest": {"lat": -32.9264692, "lng": 149.7430119}}}, "icon": "https://maps.gstatic.com/mapfiles/place_api/icons/v1/png_71/geocode-71.png", "icon_background_color": "#7B9EB0", "icon_mask_base_uri": "https://maps.gstatic.com/mapfiles/place_api/icons/v2/generic_pinlet", "name": "Aarons Pass", "place_id": "ChIJ92a6XZp3DmsRwFpDkLQJBgQ", "reference": "ChIJ92a6XZp3DmsRwFpDkLQJBgQ", "scope": "GOOGLE", "types": ["locality", "political"], "vicinity": "Aarons Pass NSW 2850, Australia"}}]