[{"bus_status": "OPERATIONAL", "name": "Royal Hotel", "geo": {"location": {"lat": -33.0804634, "lng": 149.6913757}, "viewport": {"northeast": {"lat": -33.07909577010728, "lng": 149.6927251798927}, "southwest": {"lat": -33.08179542989272, "lng": 149.6900255201072}}}, "distance": 1000000, "hour": "", "photo": "Aap_uED0uUXSEJmZaaCDcGGXF2YrIOSYPpeXnkGqPotv1P8VTkK8eVWIrodKqHXuHavZEe_1ubVIaYmBT0AbPHmiQRDeLlUlsQyNHCRWjogl4kJlThwEMdHRrQfo2fAhd03Q20OxDblkyRwM4kz8Agfw4LVqEJsUuS-mHEFzdWqdEKk3N2-H", "price_level": "", "rating": 4.4, "stars": ["checked", "checked", "checked", "checked", ""], "tags": ["lodging", "point_of_interest", "establishment"], "user_total_rating": 110, "address": "Denison St, Sofala", "map": "https://www.google.com/maps/place/?q=place_id:ChIJTX3AxNkNDmsRUPgB6N2kz5g", "row": {"business_status": "OPERATIONAL", "geometry": {"location": {"lat": -33.0804634, "lng": 149.6913757}, "viewport": {"northeast": {"lat": -33.07909577010728, "lng": 149.6927251798927}, "southwest": {"lat": -33.08179542989272, "lng": 149.6900255201072}}}, "icon": "https://maps.gstatic.com/mapfiles/place_api/icons/v1/png_71/lodging-71.png", "icon_background_color": "#909CE1", "icon_mask_base_uri": "https://maps.gstatic.com/mapfiles/place_api/icons/v2/hotel_pinlet", "name": "Royal Hotel", "photos": [{"height": 3024, "html_attributions": ["<a href=\"https://maps.google.com/maps/contrib/101228767287797121831\">Stefan Jones</a>"], "photo_reference": "Aap_uED0uUXSEJmZaaCDcGGXF2YrIOSYPpeXnkGqPotv1P8VTkK8eVWIrodKqHXuHavZEe_1ubVIaYmBT0AbPHmiQRDeLlUlsQyNHCRWjogl4kJlThwEMdHRrQfo2fAhd03Q20OxDblkyRwM4kz8Agfw4LVqEJsUuS-mHEFzdWqdEKk3N2-H", "width": 4032}], "place_id": "ChIJTX3AxNkNDmsRUPgB6N2kz5g", "plus_code": {"compound_code": "WM9R+RH Sofala, New South Wales, Australia", "global_code": "4RRFWM9R+RH"}, "rating": 4.4, "reference": "ChIJTX3AxNkNDmsRUPgB6N2kz5g", "scope": "GOOGLE", "types": ["lodging", "point_of_interest", "establishment"], "user_ratings_total": 110, "vicinity": "Denison St, Sofala"}}, {"bus_status": "OPERATIONAL", "name": "Kandos Hotel", "geo": {"location": {"lat": -32.8589556, "lng": 149.9713702}, "viewport": {"northeast": {"lat": -32.85760577010728, "lng": 149.9727200298927}, "southwest": {"lat": -32.86030542989272, "lng": 149.9700203701073}}}, "distance": 1000000, "hour": "", "photo": "Aap_uECzUX1-Vh7haxiriuO5ZmIzbFA-m3oPnTnuf4PqQZs2Kh5NVBi-A9EIRmGFI7Ax6UKxrDcetL3gE0FzDIfwpkjk0_s8no9zdpSLEd7AwCelE5ShkGCkjHeBoKGU4ZgkIfp_Ifa2oApG7DapXDa5zTk7X6j0HUyZbOEc96OtbcyaJK3f", "price_level": "", "rating": 4.4, "stars": ["checked", "checked", "checked", "checked", ""], "tags": ["lodging", "point_of_interest", "establishment"], "user_total_rating": 84, "address": "2 Angus Ave, Kandos", "map": "https://www.google.com/maps/place/?q=place_id:ChIJmR3W-Q7RDWsR_Xz3sYVZYQQ", "row": {"business_status": "OPERATIONAL", "geometry": {"location": {"lat": -32.8589556, "lng": 149.9713702}, "viewport": {"northeast": {"lat": -32.85760577010728, "lng": 149.9727200298927}, "southwest": {"lat": -32.86030542989272, "lng": 149.9700203701073}}}, "icon": "https://maps.gstatic.com/mapfiles/place_api/icons/v1/png_71/lodging-71.png", "icon_background_color": "#909CE1", "icon_mask_base_uri": "https://maps.gstatic.com/mapfiles/place_api/icons/v2/hotel_pinlet", "name": "Kandos Hotel", "photos": [{"height": 2916, "html_attributions": ["<a href=\"https://maps.google.com/maps/contrib/111046339982708647214\">Lyndon Bell</a>"], "photo_reference": "Aap_uECzUX1-Vh7haxiriuO5ZmIzbFA-m3oPnTnuf4PqQZs2Kh5NVBi-A9EIRmGFI7Ax6UKxrDcetL3gE0FzDIfwpkjk0_s8no9zdpSLEd7AwCelE5ShkGCkjHeBoKGU4ZgkIfp_Ifa2oApG7DapXDa5zTk7X6j0HUyZbOEc96OtbcyaJK3f", "width": 5184}], "place_id": "ChIJmR3W-Q7RDWsR_Xz3sYVZYQQ", "plus_code": {"compound_code": "4XRC+CG Kandos, New South Wales, Australia", "global_code": "4RVF4XRC+CG"}, "rating": 4.4, "reference": "ChIJmR3W-Q7RDWsR_Xz3sYVZYQQ", "scope": "GOOGLE", "types": ["lodging", "point_of_interest", "establishment"], "user_ratings_total": 84, "vicinity": "2 Angus Ave, Kandos"}}, {"bus_status": "OPERATIONAL", "name": "TAB Rylstone", "geo": {"location": {"lat": -32.79779, "lng": 149.971164}, "viewport": {"northeast": {"lat": -32.79640262010727, "lng": 149.9722937298927}, "southwest": {"lat": -32.79910227989271, "lng": 149.9695940701072}}}, "distance": 1000000, "hour": "", "photo": "", "price_level": "", "rating": 0, "stars": ["", "", "", "", ""], "tags": ["point_of_interest", "establishment"], "user_total_rating": 0, "address": "62 Louee St, Rylstone", "map": "https://www.google.com/maps/place/?q=place_id:ChIJMRi9_67TDWsRhjSjnhesy4U", "row": {"business_status": "OPERATIONAL", "geometry": {"location": {"lat": -32.79779, "lng": 149.971164}, "viewport": {"northeast": {"lat": -32.79640262010727, "lng": 149.9722937298927}, "southwest": {"lat": -32.79910227989271, "lng": 149.9695940701072}}}, "icon": "https://maps.gstatic.com/mapfiles/place_api/icons/v1/png_71/generic_business-71.png", "icon_background_color": "#7B9EB0", "icon_mask_base_uri": "https://maps.gstatic.com/mapfiles/place_api/icons/v2/generic_pinlet", "name": "TAB Rylstone", "place_id": "ChIJMRi9_67TDWsRhjSjnhesy4U", "plus_code": {"compound_code": "6X2C+VF Rylstone, New South Wales, Australia", "global_code": "4RVF6X2C+VF"}, "rating": 0, "reference": "ChIJMRi9_67TDWsRhjSjnhesy4U", "scope": "GOOGLE", "types": ["point_of_interest", "establishment"], "user_ratings_total": 0, "vicinity": "62 Louee St, Rylstone"}}]