[{"bus_status": "OPERATIONAL", "name": "The Rylstone Hotel", "geo": {"location": {"lat": -32.7976217, "lng": 149.9710146}, "viewport": {"northeast": {"lat": -32.79615992010727, "lng": 149.9723439298927}, "southwest": {"lat": -32.79885957989272, "lng": 149.9696442701072}}}, "distance": 1000000, "hour": {"open_now": true}, "photo": "Aap_uEBbqnM_0W7P_nW6ty9EUiKceQKnS0E9dkKQniMIvGjRJDGSXZZC0Dr-FGbAGt458Kt95N-e9LVx2AYGJ6Ks0RBqrz9sDK0-6NxO0aKf24a41o7wuZdE07heygfW7pMHfKaNGcUlgTsu8HKcpARcD3ptoPBmkMNO0c56mcVi7UhJNMjD", "price_level": "", "rating": 4.3, "stars": ["checked", "checked", "checked", "checked", ""], "tags": ["lodging", "bar", "restaurant", "food"], "user_total_rating": 185, "address": "60/62 Louee St, Rylstone", "map": "https://www.google.com/maps/place/?q=place_id:ChIJWxa9_67TDWsRU5QTfcTWVxk", "row": {"business_status": "OPERATIONAL", "geometry": {"location": {"lat": -32.7976217, "lng": 149.9710146}, "viewport": {"northeast": {"lat": -32.79615992010727, "lng": 149.9723439298927}, "southwest": {"lat": -32.79885957989272, "lng": 149.9696442701072}}}, "icon": "https://maps.gstatic.com/mapfiles/place_api/icons/v1/png_71/lodging-71.png", "icon_background_color": "#909CE1", "icon_mask_base_uri": "https://maps.gstatic.com/mapfiles/place_api/icons/v2/hotel_pinlet", "name": "The Rylstone Hotel", "opening_hours": {"open_now": true}, "photos": [{"height": 2048, "html_attributions": ["<a href=\"https://maps.google.com/maps/contrib/106100797539636949015\">The Rylstone Hotel</a>"], "photo_reference": "Aap_uEBbqnM_0W7P_nW6ty9EUiKceQKnS0E9dkKQniMIvGjRJDGSXZZC0Dr-FGbAGt458Kt95N-e9LVx2AYGJ6Ks0RBqrz9sDK0-6NxO0aKf24a41o7wuZdE07heygfW7pMHfKaNGcUlgTsu8HKcpARcD3ptoPBmkMNO0c56mcVi7UhJNMjD", "width": 2048}], "place_id": "ChIJWxa9_67TDWsRU5QTfcTWVxk", "plus_code": {"compound_code": "6X2C+XC Rylstone, New South Wales, Australia", "global_code": "4RVF6X2C+XC"}, "rating": 4.3, "reference": "ChIJWxa9_67TDWsRU5QTfcTWVxk", "scope": "GOOGLE", "types": ["lodging", "bar", "restaurant", "food", "point_of_interest", "establishment"], "user_ratings_total": 185, "vicinity": "60/62 Louee St, Rylstone"}}, {"bus_status": "OPERATIONAL", "name": "The Rylstone Club Ltd", "geo": {"location": {"lat": -32.7989615, "lng": 149.9692288}, "viewport": {"northeast": {"lat": -32.79772262010728, "lng": 149.9705583798927}, "southwest": {"lat": -32.80042227989272, "lng": 149.9678587201073}}}, "distance": 1000000, "hour": {"open_now": true}, "photo": "Aap_uED6oft3xtZXFI-ASj-rYBAJ3WBkuGrFygllb47Lul8dpl4fA14FK0E1CN0CFOQsj1tquWa9Ak4hDS8VozdYoq7Sc5Nj70vSb5vtwbSG-p-HWqAvprxEarSEAKmHrZHwpcjpcxBXCe1tTk14RlVUBxExBa5m_ZUOW8zVkASVhLa9T3P0", "price_level": "", "rating": 4.4, "stars": ["checked", "checked", "checked", "checked", ""], "tags": ["lodging", "restaurant", "food", "point_of_interest"], "user_total_rating": 57, "address": "31 Cox St, Rylstone", "map": "https://www.google.com/maps/place/?q=place_id:ChIJI2D8sinTDWsRzziG8EjmMcw", "row": {"business_status": "OPERATIONAL", "geometry": {"location": {"lat": -32.7989615, "lng": 149.9692288}, "viewport": {"northeast": {"lat": -32.79772262010728, "lng": 149.9705583798927}, "southwest": {"lat": -32.80042227989272, "lng": 149.9678587201073}}}, "icon": "https://maps.gstatic.com/mapfiles/place_api/icons/v1/png_71/generic_business-71.png", "icon_background_color": "#7B9EB0", "icon_mask_base_uri": "https://maps.gstatic.com/mapfiles/place_api/icons/v2/generic_pinlet", "name": "The Rylstone Club Ltd", "opening_hours": {"open_now": true}, "photos": [{"height": 1536, "html_attributions": ["<a href=\"https://maps.google.com/maps/contrib/107992451634129348361\">A Google User</a>"], "photo_reference": "Aap_uED6oft3xtZXFI-ASj-rYBAJ3WBkuGrFygllb47Lul8dpl4fA14FK0E1CN0CFOQsj1tquWa9Ak4hDS8VozdYoq7Sc5Nj70vSb5vtwbSG-p-HWqAvprxEarSEAKmHrZHwpcjpcxBXCe1tTk14RlVUBxExBa5m_ZUOW8zVkASVhLa9T3P0", "width": 2560}], "place_id": "ChIJI2D8sinTDWsRzziG8EjmMcw", "plus_code": {"compound_code": "6X29+CM Rylstone, New South Wales, Australia", "global_code": "4RVF6X29+CM"}, "rating": 4.4, "reference": "ChIJI2D8sinTDWsRzziG8EjmMcw", "scope": "GOOGLE", "types": ["lodging", "restaurant", "food", "point_of_interest", "establishment"], "user_ratings_total": 57, "vicinity": "31 Cox St, Rylstone"}}, {"bus_status": "OPERATIONAL", "name": "29 Nine 99 YUM CHA & TEA HOUSE", "geo": {"location": {"lat": -32.7952778, "lng": 149.9716667}, "viewport": {"northeast": {"lat": -32.79392797010728, "lng": 149.9730165298927}, "southwest": {"lat": -32.79662762989272, "lng": 149.9703168701073}}}, "distance": 1000000, "hour": {"open_now": false}, "photo": "Aap_uECx2hcaRlIZkVJ24_AdiJ85PJZtcqhRvp-32LeL8DdvRutAGNatMc6Ik4XoZzs-uhgPhAyAm3AQH3sIwDimHoNkGw6DVbgPe13HKv2NIQWMqSmUisOCF63ADxYfFsj1_3qe9VcO73zWU9r_2zOtwCE9wQostH5LuXjWnX5KzsukwIz-", "price_level": 2, "rating": 4.6, "stars": ["checked", "checked", "checked", "checked", ""], "tags": ["restaurant", "cafe", "food", "point_of_interest"], "user_total_rating": 244, "address": "28 Louee St, Rylstone", "map": "https://www.google.com/maps/place/?q=place_id:ChIJq6g-I6nTDWsRBV-pDvBEZSQ", "row": {"business_status": "OPERATIONAL", "geometry": {"location": {"lat": -32.7952778, "lng": 149.9716667}, "viewport": {"northeast": {"lat": -32.79392797010728, "lng": 149.9730165298927}, "southwest": {"lat": -32.79662762989272, "lng": 149.9703168701073}}}, "icon": "https://maps.gstatic.com/mapfiles/place_api/icons/v1/png_71/restaurant-71.png", "icon_background_color": "#FF9E67", "icon_mask_base_uri": "https://maps.gstatic.com/mapfiles/place_api/icons/v2/restaurant_pinlet", "name": "29 Nine 99 YUM CHA & TEA HOUSE", "opening_hours": {"open_now": false}, "photos": [{"height": 3096, "html_attributions": ["<a href=\"https://maps.google.com/maps/contrib/113184217882549209051\">\ud5c8\uc815\ud604</a>"], "photo_reference": "Aap_uECx2hcaRlIZkVJ24_AdiJ85PJZtcqhRvp-32LeL8DdvRutAGNatMc6Ik4XoZzs-uhgPhAyAm3AQH3sIwDimHoNkGw6DVbgPe13HKv2NIQWMqSmUisOCF63ADxYfFsj1_3qe9VcO73zWU9r_2zOtwCE9wQostH5LuXjWnX5KzsukwIz-", "width": 4128}], "place_id": "ChIJq6g-I6nTDWsRBV-pDvBEZSQ", "plus_code": {"compound_code": "6X3C+VM Rylstone, New South Wales, Australia", "global_code": "4RVF6X3C+VM"}, "price_level": 2, "rating": 4.6, "reference": "ChIJq6g-I6nTDWsRBV-pDvBEZSQ", "scope": "GOOGLE", "types": ["restaurant", "cafe", "food", "point_of_interest", "store", "establishment"], "user_ratings_total": 244, "vicinity": "28 Louee St, Rylstone"}}, {"bus_status": "OPERATIONAL", "name": "Cafe On Louee", "geo": {"location": {"lat": -32.7988732, "lng": 149.9706083}, "viewport": {"northeast": {"lat": -32.79752337010727, "lng": 149.9719581298927}, "southwest": {"lat": -32.80022302989271, "lng": 149.9692584701073}}}, "distance": 1000000, "hour": {"open_now": false}, "photo": "Aap_uECYIgEeUhFaXzB3upY546FjIHhWt9D-yxyFzfAfnMsL-AEixrwXUcjGMii6KMHWvgMCvbWzY9E9z20zQV3SyMqTCx5dRbef-qnyXTWSqPLJ7YPAgtbmQXVWjcD6ThmwaJKBPn-FYhFyP6Hwa1o_Y5wQmaIz642Sw0jpDYJA4OOYct7D", "price_level": 1, "rating": 4.3, "stars": ["checked", "checked", "checked", "checked", ""], "tags": ["cafe", "restaurant", "food", "point_of_interest"], "user_total_rating": 133, "address": "Lot A Cox St 84 Louee Street, Rylstone", "map": "https://www.google.com/maps/place/?q=place_id:ChIJS8fltq_TDWsRBM_nPKcCci8", "row": {"business_status": "OPERATIONAL", "geometry": {"location": {"lat": -32.7988732, "lng": 149.9706083}, "viewport": {"northeast": {"lat": -32.79752337010727, "lng": 149.9719581298927}, "southwest": {"lat": -32.80022302989271, "lng": 149.9692584701073}}}, "icon": "https://maps.gstatic.com/mapfiles/place_api/icons/v1/png_71/cafe-71.png", "icon_background_color": "#FF9E67", "icon_mask_base_uri": "https://maps.gstatic.com/mapfiles/place_api/icons/v2/cafe_pinlet", "name": "Cafe On Louee", "opening_hours": {"open_now": false}, "photos": [{"height": 2268, "html_attributions": ["<a href=\"https://maps.google.com/maps/contrib/106447661671019636722\">Theticus Maximus</a>"], "photo_reference": "Aap_uECYIgEeUhFaXzB3upY546FjIHhWt9D-yxyFzfAfnMsL-AEixrwXUcjGMii6KMHWvgMCvbWzY9E9z20zQV3SyMqTCx5dRbef-qnyXTWSqPLJ7YPAgtbmQXVWjcD6ThmwaJKBPn-FYhFyP6Hwa1o_Y5wQmaIz642Sw0jpDYJA4OOYct7D", "width": 4032}], "place_id": "ChIJS8fltq_TDWsRBM_nPKcCci8", "plus_code": {"compound_code": "6X2C+F6 Rylstone, New South Wales, Australia", "global_code": "4RVF6X2C+F6"}, "price_level": 1, "rating": 4.3, "reference": "ChIJS8fltq_TDWsRBM_nPKcCci8", "scope": "GOOGLE", "types": ["cafe", "restaurant", "food", "point_of_interest", "store", "establishment"], "user_ratings_total": 133, "vicinity": "Lot A Cox St 84 Louee Street, Rylstone"}}, {"bus_status": "OPERATIONAL", "name": "The Saffron Kitchen", "geo": {"location": {"lat": -32.7966446, "lng": 149.9709545}, "viewport": {"northeast": {"lat": -32.79530802010727, "lng": 149.9724246298927}, "southwest": {"lat": -32.79800767989272, "lng": 149.9697249701073}}}, "distance": 1000000, "hour": {"open_now": false}, "photo": "Aap_uECB8dT1jlz45ksXpV3eXbOdf_1aE7xFcIjJAsxbJ-a_V_jckWi9JhgtnqwxXHIbmLl8k8dSjX8B43eCgy1Sp0_YdUoy2Boqn4toxGZADkLOFYoLT4DJzzvBJv8ZlVuOOGjO3nd_z0-WexSqySzLwoKEB7kOrIn6rZG_4wDA7WhkIK12", "price_level": 1, "rating": 4.7, "stars": ["checked", "checked", "checked", "checked", ""], "tags": ["restaurant", "cafe", "food", "point_of_interest"], "user_total_rating": 57, "address": "47 Louee St, Rylstone", "map": "https://www.google.com/maps/place/?q=place_id:ChIJjS9WHa_TDWsRu9_D3WnhGRM", "row": {"business_status": "OPERATIONAL", "geometry": {"location": {"lat": -32.7966446, "lng": 149.9709545}, "viewport": {"northeast": {"lat": -32.79530802010727, "lng": 149.9724246298927}, "southwest": {"lat": -32.79800767989272, "lng": 149.9697249701073}}}, "icon": "https://maps.gstatic.com/mapfiles/place_api/icons/v1/png_71/restaurant-71.png", "icon_background_color": "#FF9E67", "icon_mask_base_uri": "https://maps.gstatic.com/mapfiles/place_api/icons/v2/restaurant_pinlet", "name": "The Saffron Kitchen", "opening_hours": {"open_now": false}, "photos": [{"height": 4032, "html_attributions": ["<a href=\"https://maps.google.com/maps/contrib/111502524853952654208\">Jacky E</a>"], "photo_reference": "Aap_uECB8dT1jlz45ksXpV3eXbOdf_1aE7xFcIjJAsxbJ-a_V_jckWi9JhgtnqwxXHIbmLl8k8dSjX8B43eCgy1Sp0_YdUoy2Boqn4toxGZADkLOFYoLT4DJzzvBJv8ZlVuOOGjO3nd_z0-WexSqySzLwoKEB7kOrIn6rZG_4wDA7WhkIK12", "width": 3024}], "place_id": "ChIJjS9WHa_TDWsRu9_D3WnhGRM", "plus_code": {"compound_code": "6X3C+89 Rylstone, New South Wales, Australia", "global_code": "4RVF6X3C+89"}, "price_level": 1, "rating": 4.7, "reference": "ChIJjS9WHa_TDWsRu9_D3WnhGRM", "scope": "GOOGLE", "types": ["restaurant", "cafe", "food", "point_of_interest", "store", "establishment"], "user_ratings_total": 57, "vicinity": "47 Louee St, Rylstone"}}]