[{"bus_status": "OPERATIONAL", "name": "Rylstone Cafe", "geo": {"location": {"lat": -32.797036, "lng": 149.9709468}, "viewport": {"northeast": {"lat": -32.79570762010727, "lng": 149.9723871298928}, "southwest": {"lat": -32.79840727989272, "lng": 149.9696874701073}}}, "distance": 1000000, "hour": {"open_now": true}, "photo": "Aap_uECAHqDCb0AdFfTSytzjbyzwClE8rNWvtKJcU7R70veBxSW-I9jKhR6Ak0cR9MLqinwVylc5Ht_juQ6WeKZPzrThTiIUgvieBAUZGEgIfwRu2EDPbbXWI84D2TgkHe3Hl6VGkAfyb6rmJfPQ2sDisI5Uugq1YlFzP3kZZZ0tgx6_QxdU", "price_level": 2, "rating": 4.4, "stars": ["checked", "checked", "checked", "checked", ""], "tags": ["cafe", "food", "point_of_interest", "establishment"], "user_total_rating": 20, "address": "61 Louee St, Rylstone", "map": "https://www.google.com/maps/place/?q=place_id:ChIJIdBt4q7TDWsRdEYyjR_AgJM", "row": {"business_status": "OPERATIONAL", "geometry": {"location": {"lat": -32.797036, "lng": 149.9709468}, "viewport": {"northeast": {"lat": -32.79570762010727, "lng": 149.9723871298928}, "southwest": {"lat": -32.79840727989272, "lng": 149.9696874701073}}}, "icon": "https://maps.gstatic.com/mapfiles/place_api/icons/v1/png_71/cafe-71.png", "icon_background_color": "#FF9E67", "icon_mask_base_uri": "https://maps.gstatic.com/mapfiles/place_api/icons/v2/cafe_pinlet", "name": "Rylstone Cafe", "opening_hours": {"open_now": true}, "photos": [{"height": 2448, "html_attributions": ["<a href=\"https://maps.google.com/maps/contrib/116259943632988978537\">Jicki Hill</a>"], "photo_reference": "Aap_uECAHqDCb0AdFfTSytzjbyzwClE8rNWvtKJcU7R70veBxSW-I9jKhR6Ak0cR9MLqinwVylc5Ht_juQ6WeKZPzrThTiIUgvieBAUZGEgIfwRu2EDPbbXWI84D2TgkHe3Hl6VGkAfyb6rmJfPQ2sDisI5Uugq1YlFzP3kZZZ0tgx6_QxdU", "width": 3264}], "place_id": "ChIJIdBt4q7TDWsRdEYyjR_AgJM", "plus_code": {"compound_code": "6X3C+59 Rylstone, New South Wales, Australia", "global_code": "4RVF6X3C+59"}, "price_level": 2, "rating": 4.4, "reference": "ChIJIdBt4q7TDWsRdEYyjR_AgJM", "scope": "GOOGLE", "types": ["cafe", "food", "point_of_interest", "establishment"], "user_ratings_total": 20, "vicinity": "61 Louee St, Rylstone"}}, {"bus_status": "OPERATIONAL", "name": "Cafe On Louee", "geo": {"location": {"lat": -32.7988732, "lng": 149.9706083}, "viewport": {"northeast": {"lat": -32.79752337010727, "lng": 149.9719581298927}, "southwest": {"lat": -32.80022302989271, "lng": 149.9692584701073}}}, "distance": 1000000, "hour": {"open_now": true}, "photo": "Aap_uEDWGt_ahCmY7KFl7ezkvpwKaLEkSX2rOZ3FEXDmivKENqGZaEi_sV8YirCXqVPMYfTWh-xy9_fOc9prGTTe6I-5oS3uzqkcwlT9mPj37mZ1YHc52nuj64b24rpGj6eZYB2EAw6MRRTZEuJd0jE7I2-btLqfv0Q8VLgS2npcAKsW1NyN", "price_level": 1, "rating": 4.3, "stars": ["checked", "checked", "checked", "checked", ""], "tags": ["cafe", "restaurant", "food", "point_of_interest"], "user_total_rating": 133, "address": "Lot A Cox St 84 Louee Street, Rylstone", "map": "https://www.google.com/maps/place/?q=place_id:ChIJS8fltq_TDWsRBM_nPKcCci8", "row": {"business_status": "OPERATIONAL", "geometry": {"location": {"lat": -32.7988732, "lng": 149.9706083}, "viewport": {"northeast": {"lat": -32.79752337010727, "lng": 149.9719581298927}, "southwest": {"lat": -32.80022302989271, "lng": 149.9692584701073}}}, "icon": "https://maps.gstatic.com/mapfiles/place_api/icons/v1/png_71/cafe-71.png", "icon_background_color": "#FF9E67", "icon_mask_base_uri": "https://maps.gstatic.com/mapfiles/place_api/icons/v2/cafe_pinlet", "name": "Cafe On Louee", "opening_hours": {"open_now": true}, "photos": [{"height": 2988, "html_attributions": ["<a href=\"https://maps.google.com/maps/contrib/108511732056560068594\">Glenn Hinton</a>"], "photo_reference": "Aap_uEDWGt_ahCmY7KFl7ezkvpwKaLEkSX2rOZ3FEXDmivKENqGZaEi_sV8YirCXqVPMYfTWh-xy9_fOc9prGTTe6I-5oS3uzqkcwlT9mPj37mZ1YHc52nuj64b24rpGj6eZYB2EAw6MRRTZEuJd0jE7I2-btLqfv0Q8VLgS2npcAKsW1NyN", "width": 5312}], "place_id": "ChIJS8fltq_TDWsRBM_nPKcCci8", "plus_code": {"compound_code": "6X2C+F6 Rylstone, New South Wales, Australia", "global_code": "4RVF6X2C+F6"}, "price_level": 1, "rating": 4.3, "reference": "ChIJS8fltq_TDWsRBM_nPKcCci8", "scope": "GOOGLE", "types": ["cafe", "restaurant", "food", "point_of_interest", "store", "establishment"], "user_ratings_total": 133, "vicinity": "Lot A Cox St 84 Louee Street, Rylstone"}}, {"bus_status": "OPERATIONAL", "name": "No 47 Rylstone", "geo": {"location": {"lat": -32.7965082, "lng": 149.9710672}, "viewport": {"northeast": {"lat": -32.79516972010727, "lng": 149.9724938298927}, "southwest": {"lat": -32.79786937989272, "lng": 149.9697941701073}}}, "distance": 1000000, "hour": {"open_now": true}, "photo": "Aap_uEC-Eri_9ZZEBz9hh4Apr0LRMisr2Mk-ufU4c86qwj8Dbi4vuzzJkh4bDr0_GlfXKUTc5IUOJ7LTG26SfyKzr1L3e9XliyG5ojUT-jdkT6iYr-XxylwxPj1HDJKMa3v1seRWGae2Tao-eWgJSH-PxSOQDM2M-sli_frioKgD1SggPLeY", "price_level": 1, "rating": 4.5, "stars": ["checked", "checked", "checked", "checked", ""], "tags": ["cafe", "food", "point_of_interest", "store"], "user_total_rating": 73, "address": "47 Louee St, Rylstone", "map": "https://www.google.com/maps/place/?q=place_id:ChIJ7SP54a7TDWsRaXNyXInyTYw", "row": {"business_status": "OPERATIONAL", "geometry": {"location": {"lat": -32.7965082, "lng": 149.9710672}, "viewport": {"northeast": {"lat": -32.79516972010727, "lng": 149.9724938298927}, "southwest": {"lat": -32.79786937989272, "lng": 149.9697941701073}}}, "icon": "https://maps.gstatic.com/mapfiles/place_api/icons/v1/png_71/cafe-71.png", "icon_background_color": "#FF9E67", "icon_mask_base_uri": "https://maps.gstatic.com/mapfiles/place_api/icons/v2/cafe_pinlet", "name": "No 47 Rylstone", "opening_hours": {"open_now": true}, "photos": [{"height": 1408, "html_attributions": ["<a href=\"https://maps.google.com/maps/contrib/101621926211332085212\">Matt Berry</a>"], "photo_reference": "Aap_uEC-Eri_9ZZEBz9hh4Apr0LRMisr2Mk-ufU4c86qwj8Dbi4vuzzJkh4bDr0_GlfXKUTc5IUOJ7LTG26SfyKzr1L3e9XliyG5ojUT-jdkT6iYr-XxylwxPj1HDJKMa3v1seRWGae2Tao-eWgJSH-PxSOQDM2M-sli_frioKgD1SggPLeY", "width": 2268}], "place_id": "ChIJ7SP54a7TDWsRaXNyXInyTYw", "plus_code": {"compound_code": "6X3C+9C Rylstone, New South Wales, Australia", "global_code": "4RVF6X3C+9C"}, "price_level": 1, "rating": 4.5, "reference": "ChIJ7SP54a7TDWsRaXNyXInyTYw", "scope": "GOOGLE", "types": ["cafe", "food", "point_of_interest", "store", "establishment"], "user_ratings_total": 73, "vicinity": "47 Louee St, Rylstone"}}, {"bus_status": "OPERATIONAL", "name": "Mountain View Bakery & Coffee", "geo": {"location": {"lat": -32.858963, "lng": 149.9726724}, "viewport": {"northeast": {"lat": -32.85761317010727, "lng": 149.9740222298927}, "southwest": {"lat": -32.86031282989271, "lng": 149.9713225701073}}}, "distance": 1000000, "hour": {"open_now": true}, "photo": "Aap_uEB7xMjTQUG-2nEJzcivnOCzql9tTKomrsfxL1J8sTS0JXTm2IizhycawN22X2rKVbud-oh9quKWHvVTywOBfFtKgM-mOc_mB98gDKt8E8oOL0pwH9BNcNYZ9dYo0JqN4-mAyXrFmeIGHksjTu-HljYvynqAmoBI8LBElafnj2E06R_G", "price_level": 1, "rating": 4.5, "stars": ["checked", "checked", "checked", "checked", ""], "tags": ["cafe", "food", "point_of_interest", "store"], "user_total_rating": 93, "address": "22 Angus Ave, Kandos", "map": "https://www.google.com/maps/place/?q=place_id:ChIJvYOtww7RDWsRjYKjsFm9S8Q", "row": {"business_status": "OPERATIONAL", "geometry": {"location": {"lat": -32.858963, "lng": 149.9726724}, "viewport": {"northeast": {"lat": -32.85761317010727, "lng": 149.9740222298927}, "southwest": {"lat": -32.86031282989271, "lng": 149.9713225701073}}}, "icon": "https://maps.gstatic.com/mapfiles/place_api/icons/v1/png_71/cafe-71.png", "icon_background_color": "#FF9E67", "icon_mask_base_uri": "https://maps.gstatic.com/mapfiles/place_api/icons/v2/cafe_pinlet", "name": "Mountain View Bakery & Coffee", "opening_hours": {"open_now": true}, "photos": [{"height": 2448, "html_attributions": ["<a href=\"https://maps.google.com/maps/contrib/105753242978428720517\">Mountain View Bakery &amp; Coffee</a>"], "photo_reference": "Aap_uEB7xMjTQUG-2nEJzcivnOCzql9tTKomrsfxL1J8sTS0JXTm2IizhycawN22X2rKVbud-oh9quKWHvVTywOBfFtKgM-mOc_mB98gDKt8E8oOL0pwH9BNcNYZ9dYo0JqN4-mAyXrFmeIGHksjTu-HljYvynqAmoBI8LBElafnj2E06R_G", "width": 3264}], "place_id": "ChIJvYOtww7RDWsRjYKjsFm9S8Q", "plus_code": {"compound_code": "4XRF+C3 Kandos, New South Wales, Australia", "global_code": "4RVF4XRF+C3"}, "price_level": 1, "rating": 4.5, "reference": "ChIJvYOtww7RDWsRjYKjsFm9S8Q", "scope": "GOOGLE", "types": ["cafe", "food", "point_of_interest", "store", "establishment"], "user_ratings_total": 93, "vicinity": "22 Angus Ave, Kandos"}}, {"bus_status": "OPERATIONAL", "name": "The Golden Mile Cafe", "geo": {"location": {"lat": -32.8589302, "lng": 149.972073}, "viewport": {"northeast": {"lat": -32.85753047010728, "lng": 149.9734226298927}, "southwest": {"lat": -32.86023012989273, "lng": 149.9707229701073}}}, "distance": 1000000, "hour": "", "photo": "", "price_level": "", "rating": 0, "stars": ["", "", "", "", ""], "tags": ["cafe", "food", "point_of_interest", "store"], "user_total_rating": 0, "address": "10 Angus Ave, Kandos", "map": "https://www.google.com/maps/place/?q=place_id:ChIJ4Sp2hWvRDWsRAKZhU5LCAVY", "row": {"business_status": "OPERATIONAL", "geometry": {"location": {"lat": -32.8589302, "lng": 149.972073}, "viewport": {"northeast": {"lat": -32.85753047010728, "lng": 149.9734226298927}, "southwest": {"lat": -32.86023012989273, "lng": 149.9707229701073}}}, "icon": "https://maps.gstatic.com/mapfiles/place_api/icons/v1/png_71/cafe-71.png", "icon_background_color": "#FF9E67", "icon_mask_base_uri": "https://maps.gstatic.com/mapfiles/place_api/icons/v2/cafe_pinlet", "name": "The Golden Mile Cafe", "place_id": "ChIJ4Sp2hWvRDWsRAKZhU5LCAVY", "plus_code": {"compound_code": "4XRC+CR Kandos, New South Wales, Australia", "global_code": "4RVF4XRC+CR"}, "rating": 0, "reference": "ChIJ4Sp2hWvRDWsRAKZhU5LCAVY", "scope": "GOOGLE", "types": ["cafe", "food", "point_of_interest", "store", "establishment"], "user_ratings_total": 0, "vicinity": "10 Angus Ave, Kandos"}}, {"bus_status": "OPERATIONAL", "name": "Painted Horse Cafe", "geo": {"location": {"lat": -33.0806749, "lng": 149.6912744}, "viewport": {"northeast": {"lat": -33.07922697010728, "lng": 149.6926221298928}, "southwest": {"lat": -33.08192662989272, "lng": 149.6899224701073}}}, "distance": 1000000, "hour": {"open_now": true}, "photo": "Aap_uEA96NOwY8cwjp-76UAi8jfE-Nu9n5AyA0umY28a1Tlohr0l_KUm1wOo2InO8O27SvkhW_0yOICsuoWKKK3CCVeKIAF6QLF61TIRYzG64UR-TMPnV4V8XqjmC1tMI5fbEWRJy90Pb8QbwMaCqzEEQ-BMcMi8n3E1XI216W9ns9hQHzwd", "price_level": "", "rating": 4.6, "stars": ["checked", "checked", "checked", "checked", ""], "tags": ["cafe", "food", "point_of_interest", "store"], "user_total_rating": 22, "address": "27 Denison St, Sofala", "map": "https://www.google.com/maps/place/?q=place_id:ChIJ4ytycosNDmsRkITdXdiuQPw", "row": {"business_status": "OPERATIONAL", "geometry": {"location": {"lat": -33.0806749, "lng": 149.6912744}, "viewport": {"northeast": {"lat": -33.07922697010728, "lng": 149.6926221298928}, "southwest": {"lat": -33.08192662989272, "lng": 149.6899224701073}}}, "icon": "https://maps.gstatic.com/mapfiles/place_api/icons/v1/png_71/cafe-71.png", "icon_background_color": "#FF9E67", "icon_mask_base_uri": "https://maps.gstatic.com/mapfiles/place_api/icons/v2/cafe_pinlet", "name": "Painted Horse Cafe", "opening_hours": {"open_now": true}, "photos": [{"height": 3456, "html_attributions": ["<a href=\"https://maps.google.com/maps/contrib/107313874466021721805\">Lawrence Menz</a>"], "photo_reference": "Aap_uEA96NOwY8cwjp-76UAi8jfE-Nu9n5AyA0umY28a1Tlohr0l_KUm1wOo2InO8O27SvkhW_0yOICsuoWKKK3CCVeKIAF6QLF61TIRYzG64UR-TMPnV4V8XqjmC1tMI5fbEWRJy90Pb8QbwMaCqzEEQ-BMcMi8n3E1XI216W9ns9hQHzwd", "width": 4608}], "place_id": "ChIJ4ytycosNDmsRkITdXdiuQPw", "plus_code": {"compound_code": "WM9R+PG Sofala, New South Wales, Australia", "global_code": "4RRFWM9R+PG"}, "rating": 4.6, "reference": "ChIJ4ytycosNDmsRkITdXdiuQPw", "scope": "GOOGLE", "types": ["cafe", "food", "point_of_interest", "store", "establishment"], "user_ratings_total": 22, "vicinity": "27 Denison St, Sofala"}}, {"bus_status": "OPERATIONAL", "name": "Rustic Cafe Sofala", "geo": {"location": {"lat": -33.0806749, "lng": 149.6912744}, "viewport": {"northeast": {"lat": -33.07922697010728, "lng": 149.6926221298928}, "southwest": {"lat": -33.08192662989272, "lng": 149.6899224701073}}}, "distance": 1000000, "hour": {"open_now": true}, "photo": "Aap_uEDBCa1w0oQROMMp6dfy7WfGAfoi8Y0XK8-VH_umwarS0hDugIfAK2dtBKkd1fT0jraPRVwCcJbqqCC3VlH19FBK6X-t4mo5WCPouBDaBmUrpa6vB7HrI9bFW_W0sIXtz4uvZq6NrXY0YoR5J9wiV7nPUmLAXnC0zKUKv37nmj25C7tz", "price_level": "", "rating": 4.9, "stars": ["checked", "checked", "checked", "checked", ""], "tags": ["cafe", "food", "point_of_interest", "establishment"], "user_total_rating": 19, "address": "27 Denison St, Sofala", "map": "https://www.google.com/maps/place/?q=place_id:ChIJKYBRbiwNDmsRMg3Yq4uhdwg", "row": {"business_status": "OPERATIONAL", "geometry": {"location": {"lat": -33.0806749, "lng": 149.6912744}, "viewport": {"northeast": {"lat": -33.07922697010728, "lng": 149.6926221298928}, "southwest": {"lat": -33.08192662989272, "lng": 149.6899224701073}}}, "icon": "https://maps.gstatic.com/mapfiles/place_api/icons/v1/png_71/cafe-71.png", "icon_background_color": "#FF9E67", "icon_mask_base_uri": "https://maps.gstatic.com/mapfiles/place_api/icons/v2/cafe_pinlet", "name": "Rustic Cafe Sofala", "opening_hours": {"open_now": true}, "photos": [{"height": 720, "html_attributions": ["<a href=\"https://maps.google.com/maps/contrib/113344788740563160859\">A Google User</a>"], "photo_reference": "Aap_uEDBCa1w0oQROMMp6dfy7WfGAfoi8Y0XK8-VH_umwarS0hDugIfAK2dtBKkd1fT0jraPRVwCcJbqqCC3VlH19FBK6X-t4mo5WCPouBDaBmUrpa6vB7HrI9bFW_W0sIXtz4uvZq6NrXY0YoR5J9wiV7nPUmLAXnC0zKUKv37nmj25C7tz", "width": 979}], "place_id": "ChIJKYBRbiwNDmsRMg3Yq4uhdwg", "plus_code": {"compound_code": "WM9R+PG Sofala, New South Wales, Australia", "global_code": "4RRFWM9R+PG"}, "rating": 4.9, "reference": "ChIJKYBRbiwNDmsRMg3Yq4uhdwg", "scope": "GOOGLE", "types": ["cafe", "food", "point_of_interest", "establishment"], "user_ratings_total": 19, "vicinity": "27 Denison St, Sofala"}}, {"bus_status": "OPERATIONAL", "name": "The Saffron Kitchen", "geo": {"location": {"lat": -32.7966446, "lng": 149.9709545}, "viewport": {"northeast": {"lat": -32.79530802010727, "lng": 149.9724246298927}, "southwest": {"lat": -32.79800767989272, "lng": 149.9697249701073}}}, "distance": 1000000, "hour": {"open_now": true}, "photo": "Aap_uEAVeaPPOCDZzxq5WLS5D3oAddpklF7c-_XhK0T64yWoG4oIrQT0FjhFkifYKWo5I4As36R7pxafSJb5jmKVAqpcbFefboS8NX9UPyfT79UCEJV7NQvDWKLnk1sjEAdPzPhLlPK0IDA39e6pHvRIcpeAqUqCwe7_NfpSZ185cKGxoT1s", "price_level": 1, "rating": 4.7, "stars": ["checked", "checked", "checked", "checked", ""], "tags": ["restaurant", "cafe", "food", "point_of_interest"], "user_total_rating": 57, "address": "47 Louee St, Rylstone", "map": "https://www.google.com/maps/place/?q=place_id:ChIJjS9WHa_TDWsRu9_D3WnhGRM", "row": {"business_status": "OPERATIONAL", "geometry": {"location": {"lat": -32.7966446, "lng": 149.9709545}, "viewport": {"northeast": {"lat": -32.79530802010727, "lng": 149.9724246298927}, "southwest": {"lat": -32.79800767989272, "lng": 149.9697249701073}}}, "icon": "https://maps.gstatic.com/mapfiles/place_api/icons/v1/png_71/restaurant-71.png", "icon_background_color": "#FF9E67", "icon_mask_base_uri": "https://maps.gstatic.com/mapfiles/place_api/icons/v2/restaurant_pinlet", "name": "The Saffron Kitchen", "opening_hours": {"open_now": true}, "photos": [{"height": 4032, "html_attributions": ["<a href=\"https://maps.google.com/maps/contrib/111502524853952654208\">Jacky E</a>"], "photo_reference": "Aap_uEAVeaPPOCDZzxq5WLS5D3oAddpklF7c-_XhK0T64yWoG4oIrQT0FjhFkifYKWo5I4As36R7pxafSJb5jmKVAqpcbFefboS8NX9UPyfT79UCEJV7NQvDWKLnk1sjEAdPzPhLlPK0IDA39e6pHvRIcpeAqUqCwe7_NfpSZ185cKGxoT1s", "width": 3024}], "place_id": "ChIJjS9WHa_TDWsRu9_D3WnhGRM", "plus_code": {"compound_code": "6X3C+89 Rylstone, New South Wales, Australia", "global_code": "4RVF6X3C+89"}, "price_level": 1, "rating": 4.7, "reference": "ChIJjS9WHa_TDWsRu9_D3WnhGRM", "scope": "GOOGLE", "types": ["restaurant", "cafe", "food", "point_of_interest", "store", "establishment"], "user_ratings_total": 57, "vicinity": "47 Louee St, Rylstone"}}, {"bus_status": "CLOSED_TEMPORARILY", "name": "Farm View Cafe", "geo": {"location": {"lat": -33.0315389, "lng": 149.9004019}, "viewport": {"northeast": {"lat": -33.03015367010728, "lng": 149.9018939298927}, "southwest": {"lat": -33.03285332989272, "lng": 149.8991942701073}}}, "distance": 1000000, "hour": "", "photo": "Aap_uEBYeyzp8Qsvvhoh42aoMyx9hU0o8ciVfpijMj4BBKhJ-I3DklulSTIHzZbwzPZ6-HJF3a5F0mMlz4jmXF6IQY1Lusq9yHuw-iWehBVJhG56DIqXRtvoHSTHhsh4QsWOjF4ryXgDdlZxoj7wIJaAWdme35rJaWY87cAv3H-w3siRcj7m", "price_level": 2, "rating": 4.5, "stars": ["checked", "checked", "checked", "checked", ""], "tags": ["cafe", "food", "point_of_interest", "store"], "user_total_rating": 58, "address": "5989 Castlereagh Hwy, Running Stream", "map": "https://www.google.com/maps/place/?q=place_id:ChIJi_avwEXeDWsRy4QDtXKKsaE", "row": {"business_status": "CLOSED_TEMPORARILY", "geometry": {"location": {"lat": -33.0315389, "lng": 149.9004019}, "viewport": {"northeast": {"lat": -33.03015367010728, "lng": 149.9018939298927}, "southwest": {"lat": -33.03285332989272, "lng": 149.8991942701073}}}, "icon": "https://maps.gstatic.com/mapfiles/place_api/icons/v1/png_71/cafe-71.png", "icon_background_color": "#FF9E67", "icon_mask_base_uri": "https://maps.gstatic.com/mapfiles/place_api/icons/v2/cafe_pinlet", "name": "Farm View Cafe", "permanently_closed": true, "photos": [{"height": 3456, "html_attributions": ["<a href=\"https://maps.google.com/maps/contrib/107793092240453608674\">Thomson Tam</a>"], "photo_reference": "Aap_uEBYeyzp8Qsvvhoh42aoMyx9hU0o8ciVfpijMj4BBKhJ-I3DklulSTIHzZbwzPZ6-HJF3a5F0mMlz4jmXF6IQY1Lusq9yHuw-iWehBVJhG56DIqXRtvoHSTHhsh4QsWOjF4ryXgDdlZxoj7wIJaAWdme35rJaWY87cAv3H-w3siRcj7m", "width": 4608}], "place_id": "ChIJi_avwEXeDWsRy4QDtXKKsaE", "plus_code": {"compound_code": "XW92+95 Running Stream, New South Wales, Australia", "global_code": "4RRFXW92+95"}, "price_level": 2, "rating": 4.5, "reference": "ChIJi_avwEXeDWsRy4QDtXKKsaE", "scope": "GOOGLE", "types": ["cafe", "food", "point_of_interest", "store", "establishment"], "user_ratings_total": 58, "vicinity": "5989 Castlereagh Hwy, Running Stream"}}, {"bus_status": "OPERATIONAL", "name": "Rylstone Bakery", "geo": {"location": {"lat": -32.7969072, "lng": 149.9709517}, "viewport": {"northeast": {"lat": -32.79556857010728, "lng": 149.9724030298927}, "southwest": {"lat": -32.79826822989272, "lng": 149.9697033701073}}}, "distance": 1000000, "hour": {"open_now": true}, "photo": "Aap_uED2dCb8BWgkLx_Dsbctytwup0CtGjORt-QcZqm4RUPqIjWFgTOfcTyE8oAooCQ_FVLGaNhlODa7ckWudj91Zww2xQ1pkWquG_yEu1DKXTdqw7hNG_W7PHjeOvi1jN3wcouAjV1qiRMsLr-_UysSJz1TGEIxlCqPMrCclN4V5DnH15pn", "price_level": 1, "rating": 4.4, "stars": ["checked", "checked", "checked", "checked", ""], "tags": ["bakery", "food", "point_of_interest", "store"], "user_total_rating": 74, "address": "55 Louee St, Rylstone", "map": "https://www.google.com/maps/place/?q=place_id:ChIJJzdgHa_TDWsRsjVq7DM6i2Y", "row": {"business_status": "OPERATIONAL", "geometry": {"location": {"lat": -32.7969072, "lng": 149.9709517}, "viewport": {"northeast": {"lat": -32.79556857010728, "lng": 149.9724030298927}, "southwest": {"lat": -32.79826822989272, "lng": 149.9697033701073}}}, "icon": "https://maps.gstatic.com/mapfiles/place_api/icons/v1/png_71/restaurant-71.png", "icon_background_color": "#FF9E67", "icon_mask_base_uri": "https://maps.gstatic.com/mapfiles/place_api/icons/v2/restaurant_pinlet", "name": "Rylstone Bakery", "opening_hours": {"open_now": true}, "photos": [{"height": 3024, "html_attributions": ["<a href=\"https://maps.google.com/maps/contrib/102172781403705283084\">A Google User</a>"], "photo_reference": "Aap_uED2dCb8BWgkLx_Dsbctytwup0CtGjORt-QcZqm4RUPqIjWFgTOfcTyE8oAooCQ_FVLGaNhlODa7ckWudj91Zww2xQ1pkWquG_yEu1DKXTdqw7hNG_W7PHjeOvi1jN3wcouAjV1qiRMsLr-_UysSJz1TGEIxlCqPMrCclN4V5DnH15pn", "width": 4032}], "place_id": "ChIJJzdgHa_TDWsRsjVq7DM6i2Y", "plus_code": {"compound_code": "6X3C+69 Rylstone, New South Wales, Australia", "global_code": "4RVF6X3C+69"}, "price_level": 1, "rating": 4.4, "reference": "ChIJJzdgHa_TDWsRsjVq7DM6i2Y", "scope": "GOOGLE", "types": ["bakery", "food", "point_of_interest", "store", "establishment"], "user_ratings_total": 74, "vicinity": "55 Louee St, Rylstone"}}, {"bus_status": "OPERATIONAL", "name": "Sofala Souvenir Shop and Take Away", "geo": {"location": {"lat": -33.0803668, "lng": 149.6916603}, "viewport": {"northeast": {"lat": -33.07906717010728, "lng": 149.6930156298927}, "southwest": {"lat": -33.08176682989272, "lng": 149.6903159701073}}}, "distance": 1000000, "hour": "", "photo": "", "price_level": "", "rating": 2.1, "stars": ["checked", "checked", "", "", ""], "tags": ["meal_takeaway", "restaurant", "food", "point_of_interest"], "user_total_rating": 8, "address": "20 Denison St, Sofala", "map": "https://www.google.com/maps/place/?q=place_id:ChIJTX3AxNkNDmsRynZJptoOwJA", "row": {"business_status": "OPERATIONAL", "geometry": {"location": {"lat": -33.0803668, "lng": 149.6916603}, "viewport": {"northeast": {"lat": -33.07906717010728, "lng": 149.6930156298927}, "southwest": {"lat": -33.08176682989272, "lng": 149.6903159701073}}}, "icon": "https://maps.gstatic.com/mapfiles/place_api/icons/v1/png_71/restaurant-71.png", "icon_background_color": "#FF9E67", "icon_mask_base_uri": "https://maps.gstatic.com/mapfiles/place_api/icons/v2/restaurant_pinlet", "name": "Sofala Souvenir Shop and Take Away", "place_id": "ChIJTX3AxNkNDmsRynZJptoOwJA", "plus_code": {"compound_code": "WM9R+VM Sofala, New South Wales, Australia", "global_code": "4RRFWM9R+VM"}, "rating": 2.1, "reference": "ChIJTX3AxNkNDmsRynZJptoOwJA", "scope": "GOOGLE", "types": ["meal_takeaway", "restaurant", "food", "point_of_interest", "establishment"], "user_ratings_total": 8, "vicinity": "20 Denison St, Sofala"}}, {"bus_status": "OPERATIONAL", "name": "FoodWorks", "geo": {"location": {"lat": -32.7951938, "lng": 149.9712511}, "viewport": {"northeast": {"lat": -32.79384397010728, "lng": 149.9726009298927}, "southwest": {"lat": -32.79654362989272, "lng": 149.9699012701073}}}, "distance": 1000000, "hour": {"open_now": true}, "photo": "", "price_level": "", "rating": 4.5, "stars": ["checked", "checked", "checked", "checked", ""], "tags": ["supermarket", "grocery_or_supermarket", "food", "point_of_interest"], "user_total_rating": 22, "address": "23 Louee St, Rylstone", "map": "https://www.google.com/maps/place/?q=place_id:ChIJifxRK6nTDWsR2rMD330fOOo", "row": {"business_status": "OPERATIONAL", "geometry": {"location": {"lat": -32.7951938, "lng": 149.9712511}, "viewport": {"northeast": {"lat": -32.79384397010728, "lng": 149.9726009298927}, "southwest": {"lat": -32.79654362989272, "lng": 149.9699012701073}}}, "icon": "https://maps.gstatic.com/mapfiles/place_api/icons/v1/png_71/shopping-71.png", "icon_background_color": "#4B96F3", "icon_mask_base_uri": "https://maps.gstatic.com/mapfiles/place_api/icons/v2/shoppingcart_pinlet", "name": "FoodWorks", "opening_hours": {"open_now": true}, "place_id": "ChIJifxRK6nTDWsR2rMD330fOOo", "plus_code": {"compound_code": "6X3C+WG Rylstone, New South Wales, Australia", "global_code": "4RVF6X3C+WG"}, "rating": 4.5, "reference": "ChIJifxRK6nTDWsR2rMD330fOOo", "scope": "GOOGLE", "types": ["supermarket", "grocery_or_supermarket", "food", "point_of_interest", "store", "establishment"], "user_ratings_total": 22, "vicinity": "23 Louee St, Rylstone"}}]