[{"bus_status": "OPERATIONAL", "name": "The Saffron Kitchen", "geo": {"location": {"lat": -32.7966446, "lng": 149.9709545}, "viewport": {"northeast": {"lat": -32.79530802010727, "lng": 149.9724246298927}, "southwest": {"lat": -32.79800767989272, "lng": 149.9697249701073}}}, "distance": 1000000, "hour": {"open_now": false}, "photo": "Aap_uEAu_ql9O8OBIvV62PGrofj-7uDp069tgNuVCXv4llKDNs0r_cVsi96Q8IRExkrEftjl2XSoKgRLOUq_I3HW6hpiFc5-LqDktxYhKpg70F7DH7VbZPypFeR8TO3NdoXqtqHFTMxSzcCwgtA1VPwbuNNj3yOI6jsIMWBI7uabpzjzxs8e", "price_level": 1, "rating": 4.7, "stars": ["checked", "checked", "checked", "checked", ""], "tags": ["restaurant", "cafe", "food", "point_of_interest"], "user_total_rating": 57, "address": "47 Louee St, Rylstone", "map": "https://www.google.com/maps/place/?q=place_id:ChIJjS9WHa_TDWsRu9_D3WnhGRM", "row": {"business_status": "OPERATIONAL", "geometry": {"location": {"lat": -32.7966446, "lng": 149.9709545}, "viewport": {"northeast": {"lat": -32.79530802010727, "lng": 149.9724246298927}, "southwest": {"lat": -32.79800767989272, "lng": 149.9697249701073}}}, "icon": "https://maps.gstatic.com/mapfiles/place_api/icons/v1/png_71/restaurant-71.png", "icon_background_color": "#FF9E67", "icon_mask_base_uri": "https://maps.gstatic.com/mapfiles/place_api/icons/v2/restaurant_pinlet", "name": "The Saffron Kitchen", "opening_hours": {"open_now": false}, "photos": [{"height": 4032, "html_attributions": ["<a href=\"https://maps.google.com/maps/contrib/106352202002352666089\">A Google User</a>"], "photo_reference": "Aap_uEAu_ql9O8OBIvV62PGrofj-7uDp069tgNuVCXv4llKDNs0r_cVsi96Q8IRExkrEftjl2XSoKgRLOUq_I3HW6hpiFc5-LqDktxYhKpg70F7DH7VbZPypFeR8TO3NdoXqtqHFTMxSzcCwgtA1VPwbuNNj3yOI6jsIMWBI7uabpzjzxs8e", "width": 3024}], "place_id": "ChIJjS9WHa_TDWsRu9_D3WnhGRM", "plus_code": {"compound_code": "6X3C+89 Rylstone, New South Wales, Australia", "global_code": "4RVF6X3C+89"}, "price_level": 1, "rating": 4.7, "reference": "ChIJjS9WHa_TDWsRu9_D3WnhGRM", "scope": "GOOGLE", "types": ["restaurant", "cafe", "food", "point_of_interest", "store", "establishment"], "user_ratings_total": 57, "vicinity": "47 Louee St, Rylstone"}}, {"bus_status": "OPERATIONAL", "name": "Cafe On Louee", "geo": {"location": {"lat": -32.7988732, "lng": 149.9706083}, "viewport": {"northeast": {"lat": -32.79752337010727, "lng": 149.9719581298927}, "southwest": {"lat": -32.80022302989271, "lng": 149.9692584701073}}}, "distance": 1000000, "hour": {"open_now": false}, "photo": "Aap_uEB4Jxk02noGjZeANMtxmg_nn1TnapsYuN5NNXQC_JjITWOH7tPa6_Gsg9ygpcr92Ud1AzHe-lsqQYHhGf9CfbNJtH_KqAdGVe_WfnGIoObhofa_he8iBBu7AkhzpS2VTxh1VMde6i0oLmYMdtSpTz7YrpWueP4kkuCPO31dgbrzXN-f", "price_level": 1, "rating": 4.3, "stars": ["checked", "checked", "checked", "checked", ""], "tags": ["cafe", "restaurant", "food", "point_of_interest"], "user_total_rating": 133, "address": "Lot A Cox St 84 Louee Street, Rylstone", "map": "https://www.google.com/maps/place/?q=place_id:ChIJS8fltq_TDWsRBM_nPKcCci8", "row": {"business_status": "OPERATIONAL", "geometry": {"location": {"lat": -32.7988732, "lng": 149.9706083}, "viewport": {"northeast": {"lat": -32.79752337010727, "lng": 149.9719581298927}, "southwest": {"lat": -32.80022302989271, "lng": 149.9692584701073}}}, "icon": "https://maps.gstatic.com/mapfiles/place_api/icons/v1/png_71/cafe-71.png", "icon_background_color": "#FF9E67", "icon_mask_base_uri": "https://maps.gstatic.com/mapfiles/place_api/icons/v2/cafe_pinlet", "name": "Cafe On Louee", "opening_hours": {"open_now": false}, "photos": [{"height": 4032, "html_attributions": ["<a href=\"https://maps.google.com/maps/contrib/106976891914157445331\">A Google User</a>"], "photo_reference": "Aap_uEB4Jxk02noGjZeANMtxmg_nn1TnapsYuN5NNXQC_JjITWOH7tPa6_Gsg9ygpcr92Ud1AzHe-lsqQYHhGf9CfbNJtH_KqAdGVe_WfnGIoObhofa_he8iBBu7AkhzpS2VTxh1VMde6i0oLmYMdtSpTz7YrpWueP4kkuCPO31dgbrzXN-f", "width": 2268}], "place_id": "ChIJS8fltq_TDWsRBM_nPKcCci8", "plus_code": {"compound_code": "6X2C+F6 Rylstone, New South Wales, Australia", "global_code": "4RVF6X2C+F6"}, "price_level": 1, "rating": 4.3, "reference": "ChIJS8fltq_TDWsRBM_nPKcCci8", "scope": "GOOGLE", "types": ["cafe", "restaurant", "food", "point_of_interest", "store", "establishment"], "user_ratings_total": 133, "vicinity": "Lot A Cox St 84 Louee Street, Rylstone"}}, {"bus_status": "OPERATIONAL", "name": "The Rylstone Club Ltd", "geo": {"location": {"lat": -32.7989615, "lng": 149.9692288}, "viewport": {"northeast": {"lat": -32.79772262010728, "lng": 149.9705583798927}, "southwest": {"lat": -32.80042227989272, "lng": 149.9678587201073}}}, "distance": 1000000, "hour": {"open_now": false}, "photo": "Aap_uEDtFm7XKvAKSakLWuWgj5iOCJ56bW4dmFN1WkIboeY8JG2Lbrekxcq4Q9_HdIe5J10877egeLUoA4JhO1rfbkmbECPUhtFdX5VAFWEe_PGOGXUmYqgxKjsRtK0fR1ibzQhnJVNpPTvNtyZNYPa3ypn3p2rdAD9tDgS3SrZnU80YR3YE", "price_level": "", "rating": 4.4, "stars": ["checked", "checked", "checked", "checked", ""], "tags": ["lodging", "restaurant", "food", "point_of_interest"], "user_total_rating": 57, "address": "31 Cox St, Rylstone", "map": "https://www.google.com/maps/place/?q=place_id:ChIJI2D8sinTDWsRzziG8EjmMcw", "row": {"business_status": "OPERATIONAL", "geometry": {"location": {"lat": -32.7989615, "lng": 149.9692288}, "viewport": {"northeast": {"lat": -32.79772262010728, "lng": 149.9705583798927}, "southwest": {"lat": -32.80042227989272, "lng": 149.9678587201073}}}, "icon": "https://maps.gstatic.com/mapfiles/place_api/icons/v1/png_71/generic_business-71.png", "icon_background_color": "#7B9EB0", "icon_mask_base_uri": "https://maps.gstatic.com/mapfiles/place_api/icons/v2/generic_pinlet", "name": "The Rylstone Club Ltd", "opening_hours": {"open_now": false}, "photos": [{"height": 1536, "html_attributions": ["<a href=\"https://maps.google.com/maps/contrib/107992451634129348361\">A Google User</a>"], "photo_reference": "Aap_uEDtFm7XKvAKSakLWuWgj5iOCJ56bW4dmFN1WkIboeY8JG2Lbrekxcq4Q9_HdIe5J10877egeLUoA4JhO1rfbkmbECPUhtFdX5VAFWEe_PGOGXUmYqgxKjsRtK0fR1ibzQhnJVNpPTvNtyZNYPa3ypn3p2rdAD9tDgS3SrZnU80YR3YE", "width": 2560}], "place_id": "ChIJI2D8sinTDWsRzziG8EjmMcw", "plus_code": {"compound_code": "6X29+CM Rylstone, New South Wales, Australia", "global_code": "4RVF6X29+CM"}, "rating": 4.4, "reference": "ChIJI2D8sinTDWsRzziG8EjmMcw", "scope": "GOOGLE", "types": ["lodging", "restaurant", "food", "point_of_interest", "establishment"], "user_ratings_total": 57, "vicinity": "31 Cox St, Rylstone"}}, {"bus_status": "CLOSED_TEMPORARILY", "name": "Farm View Cafe", "geo": {"location": {"lat": -33.0315389, "lng": 149.9004019}, "viewport": {"northeast": {"lat": -33.03015367010728, "lng": 149.9018939298927}, "southwest": {"lat": -33.03285332989272, "lng": 149.8991942701073}}}, "distance": 1000000, "hour": "", "photo": "Aap_uEAIB_7oeWm4uj9ZQnVdRwYXKs_OYpB6GDuUHn1um3j-uzaEDX5ZgDlUy6Kulsk0CpWZMZdRXUxOVaf3cZZW0tyy3n3gcgGJKaABhZjHeG_vTIhl8URKfJRr06_QnA9qFCIEW4GSTRCyhosNkOD9GLUIEt5XgLBTGc4_fc6V182FYWDM", "price_level": 2, "rating": 4.5, "stars": ["checked", "checked", "checked", "checked", ""], "tags": ["cafe", "food", "point_of_interest", "store"], "user_total_rating": 58, "address": "5989 Castlereagh Hwy, Running Stream", "map": "https://www.google.com/maps/place/?q=place_id:ChIJi_avwEXeDWsRy4QDtXKKsaE", "row": {"business_status": "CLOSED_TEMPORARILY", "geometry": {"location": {"lat": -33.0315389, "lng": 149.9004019}, "viewport": {"northeast": {"lat": -33.03015367010728, "lng": 149.9018939298927}, "southwest": {"lat": -33.03285332989272, "lng": 149.8991942701073}}}, "icon": "https://maps.gstatic.com/mapfiles/place_api/icons/v1/png_71/cafe-71.png", "icon_background_color": "#FF9E67", "icon_mask_base_uri": "https://maps.gstatic.com/mapfiles/place_api/icons/v2/cafe_pinlet", "name": "Farm View Cafe", "permanently_closed": true, "photos": [{"height": 1960, "html_attributions": ["<a href=\"https://maps.google.com/maps/contrib/107689878415014801463\">Troopy67</a>"], "photo_reference": "Aap_uEAIB_7oeWm4uj9ZQnVdRwYXKs_OYpB6GDuUHn1um3j-uzaEDX5ZgDlUy6Kulsk0CpWZMZdRXUxOVaf3cZZW0tyy3n3gcgGJKaABhZjHeG_vTIhl8URKfJRr06_QnA9qFCIEW4GSTRCyhosNkOD9GLUIEt5XgLBTGc4_fc6V182FYWDM", "width": 4032}], "place_id": "ChIJi_avwEXeDWsRy4QDtXKKsaE", "plus_code": {"compound_code": "XW92+95 Running Stream, New South Wales, Australia", "global_code": "4RRFXW92+95"}, "price_level": 2, "rating": 4.5, "reference": "ChIJi_avwEXeDWsRy4QDtXKKsaE", "scope": "GOOGLE", "types": ["cafe", "food", "point_of_interest", "store", "establishment"], "user_ratings_total": 58, "vicinity": "5989 Castlereagh Hwy, Running Stream"}}]