[{"bus_status": "OPERATIONAL", "name": "The Saffron Kitchen", "geo": {"location": {"lat": -32.7966446, "lng": 149.9709545}, "viewport": {"northeast": {"lat": -32.79530802010727, "lng": 149.9724246298927}, "southwest": {"lat": -32.79800767989272, "lng": 149.9697249701073}}}, "distance": 1000000, "hour": {"open_now": false}, "photo": "Aap_uEB68J6xYiv0MymIyqGZY-F6piXzh1GpyvjVzYUVSNJu2eFm_-f9XfwdIxj7qz9Wbvo_E96RPxKNtts-JaEMozjLHr9Fnct5TECphiW-nHy-_IiZw_XIaPkEvv-R6BDTzfm-8F7avaZ_EMK-BKKx5TfrjOG2vzH9xzNpoHN1ZT1mQs-p", "price_level": "", "rating": 4.7, "stars": ["checked", "checked", "checked", "checked", ""], "tags": ["restaurant", "cafe", "food", "point_of_interest"], "user_total_rating": 57, "address": "47 Louee St, Rylstone", "map": "https://www.google.com/maps/place/?q=place_id:ChIJjS9WHa_TDWsRu9_D3WnhGRM", "row": {"business_status": "OPERATIONAL", "geometry": {"location": {"lat": -32.7966446, "lng": 149.9709545}, "viewport": {"northeast": {"lat": -32.79530802010727, "lng": 149.9724246298927}, "southwest": {"lat": -32.79800767989272, "lng": 149.9697249701073}}}, "icon": "https://maps.gstatic.com/mapfiles/place_api/icons/v1/png_71/restaurant-71.png", "icon_background_color": "#FF9E67", "icon_mask_base_uri": "https://maps.gstatic.com/mapfiles/place_api/icons/v2/restaurant_pinlet", "name": "The Saffron Kitchen", "opening_hours": {"open_now": false}, "photos": [{"height": 4032, "html_attributions": ["<a href=\"https://maps.google.com/maps/contrib/106352202002352666089\">A Google User</a>"], "photo_reference": "Aap_uEB68J6xYiv0MymIyqGZY-F6piXzh1GpyvjVzYUVSNJu2eFm_-f9XfwdIxj7qz9Wbvo_E96RPxKNtts-JaEMozjLHr9Fnct5TECphiW-nHy-_IiZw_XIaPkEvv-R6BDTzfm-8F7avaZ_EMK-BKKx5TfrjOG2vzH9xzNpoHN1ZT1mQs-p", "width": 3024}], "place_id": "ChIJjS9WHa_TDWsRu9_D3WnhGRM", "plus_code": {"compound_code": "6X3C+89 Rylstone, New South Wales, Australia", "global_code": "4RVF6X3C+89"}, "rating": 4.7, "reference": "ChIJjS9WHa_TDWsRu9_D3WnhGRM", "scope": "GOOGLE", "types": ["restaurant", "cafe", "food", "point_of_interest", "store", "establishment"], "user_ratings_total": 57, "vicinity": "47 Louee St, Rylstone"}}]