[{"bus_status": "OPERATIONAL", "name": "Rylstone District Hospital", "geo": {"location": {"lat": -32.804319, "lng": 149.9753389}, "viewport": {"northeast": {"lat": -32.80258497010728, "lng": 149.9767565298927}, "southwest": {"lat": -32.80528462989272, "lng": 149.9740568701073}}}, "distance": 1000000, "hour": {"open_now": true}, "photo": "", "price_level": "", "rating": 5, "stars": ["checked", "checked", "checked", "checked", "checked"], "tags": ["hospital", "health", "point_of_interest", "establishment"], "user_total_rating": 4, "address": "24 Fitzgerald St, Rylstone", "map": "https://www.google.com/maps/place/?q=place_id:ChIJvRHJyrPTDWsRtlUjbE8b_58", "row": {"business_status": "OPERATIONAL", "geometry": {"location": {"lat": -32.804319, "lng": 149.9753389}, "viewport": {"northeast": {"lat": -32.80258497010728, "lng": 149.9767565298927}, "southwest": {"lat": -32.80528462989272, "lng": 149.9740568701073}}}, "icon": "https://maps.gstatic.com/mapfiles/place_api/icons/v1/png_71/hospital-71.png", "icon_background_color": "#F88181", "icon_mask_base_uri": "https://maps.gstatic.com/mapfiles/place_api/icons/v2/hospital-H_pinlet", "name": "Rylstone District Hospital", "opening_hours": {"open_now": true}, "place_id": "ChIJvRHJyrPTDWsRtlUjbE8b_58", "plus_code": {"compound_code": "5XWG+74 Rylstone, New South Wales, Australia", "global_code": "4RVF5XWG+74"}, "rating": 5, "reference": "ChIJvRHJyrPTDWsRtlUjbE8b_58", "scope": "GOOGLE", "types": ["hospital", "health", "point_of_interest", "establishment"], "user_ratings_total": 4, "vicinity": "24 Fitzgerald St, Rylstone"}}, {"bus_status": "OPERATIONAL", "name": "Rylstone Multi-Purpose Service", "geo": {"location": {"lat": -32.8042185, "lng": 149.9755862}, "viewport": {"northeast": {"lat": -32.80254877010727, "lng": 149.9769925298927}, "southwest": {"lat": -32.80524842989271, "lng": 149.9742928701072}}}, "distance": 1000000, "hour": "", "photo": "", "price_level": "", "rating": 0, "stars": ["", "", "", "", ""], "tags": ["health", "point_of_interest", "establishment"], "user_total_rating": 0, "address": "24 Fitzgerald St, Rylstone", "map": "https://www.google.com/maps/place/?q=place_id:ChIJ2fratLPTDWsRJErx5gQleRs", "row": {"business_status": "OPERATIONAL", "geometry": {"location": {"lat": -32.8042185, "lng": 149.9755862}, "viewport": {"northeast": {"lat": -32.80254877010727, "lng": 149.9769925298927}, "southwest": {"lat": -32.80524842989271, "lng": 149.9742928701072}}}, "icon": "https://maps.gstatic.com/mapfiles/place_api/icons/v1/png_71/generic_business-71.png", "icon_background_color": "#7B9EB0", "icon_mask_base_uri": "https://maps.gstatic.com/mapfiles/place_api/icons/v2/generic_pinlet", "name": "Rylstone Multi-Purpose Service", "place_id": "ChIJ2fratLPTDWsRJErx5gQleRs", "plus_code": {"compound_code": "5XWG+86 Rylstone, New South Wales, Australia", "global_code": "4RVF5XWG+86"}, "rating": 0, "reference": "ChIJ2fratLPTDWsRJErx5gQleRs", "scope": "GOOGLE", "types": ["health", "point_of_interest", "establishment"], "user_ratings_total": 0, "vicinity": "24 Fitzgerald St, Rylstone"}}, {"bus_status": "OPERATIONAL", "name": "Rylstone Hospital Coach", "geo": {"location": {"lat": -32.804165, "lng": 149.974472}, "viewport": {"northeast": {"lat": -32.80280597010728, "lng": 149.9758601798927}, "southwest": {"lat": -32.80550562989272, "lng": 149.9731605201072}}}, "distance": 1000000, "hour": "", "photo": "", "price_level": "", "rating": 0, "stars": ["", "", "", "", ""], "tags": ["bus_station", "transit_station", "point_of_interest", "establishment"], "user_total_rating": 0, "address": "Rylstone", "map": "https://www.google.com/maps/place/?q=place_id:ChIJ9xct0rPTDWsRg43zvyjG8ck", "row": {"business_status": "OPERATIONAL", "geometry": {"location": {"lat": -32.804165, "lng": 149.974472}, "viewport": {"northeast": {"lat": -32.80280597010728, "lng": 149.9758601798927}, "southwest": {"lat": -32.80550562989272, "lng": 149.9731605201072}}}, "icon": "https://maps.gstatic.com/mapfiles/place_api/icons/v1/png_71/bus-71.png", "icon_background_color": "#10BDFF", "icon_mask_base_uri": "https://maps.gstatic.com/mapfiles/place_api/icons/v2/bus_share_taxi_pinlet", "name": "Rylstone Hospital Coach", "place_id": "ChIJ9xct0rPTDWsRg43zvyjG8ck", "plus_code": {"compound_code": "5XWF+8Q Rylstone, New South Wales, Australia", "global_code": "4RVF5XWF+8Q"}, "rating": 0, "reference": "ChIJ9xct0rPTDWsRg43zvyjG8ck", "scope": "GOOGLE", "types": ["bus_station", "transit_station", "point_of_interest", "establishment"], "user_ratings_total": 0, "vicinity": "Rylstone"}}]