[{"bus_status": "OPERATIONAL", "name": "The Rylstone Hotel", "geo": {"location": {"lat": -32.7976217, "lng": 149.9710146}, "viewport": {"northeast": {"lat": -32.79615992010727, "lng": 149.9723439298927}, "southwest": {"lat": -32.79885957989272, "lng": 149.9696442701072}}}, "distance": 1000000, "hour": {"open_now": true}, "photo": "Aap_uEDvizm8XjZToD2zDJny_g4C5NY-RzGY1Iv5jJ5Jge9DAl_TPX1zDan60sv08ir4aERuxJBiKQOKbSHSPZUTEukOcLHCQZ90dwTqRHatYbFZ5xEn11dD8_k2-Ei8BSZMSGfLc8YIfc4SEg8qZEKOYviQknWKQ6i7AjNBJNt4GStXHCHU", "price_level": "", "rating": 4.4, "stars": ["checked", "checked", "checked", "checked", ""], "tags": ["lodging", "bar", "restaurant", "food"], "user_total_rating": 185, "address": "60/62 Louee St, Rylstone", "map": "https://www.google.com/maps/place/?q=place_id:ChIJWxa9_67TDWsRU5QTfcTWVxk", "row": {"business_status": "OPERATIONAL", "geometry": {"location": {"lat": -32.7976217, "lng": 149.9710146}, "viewport": {"northeast": {"lat": -32.79615992010727, "lng": 149.9723439298927}, "southwest": {"lat": -32.79885957989272, "lng": 149.9696442701072}}}, "icon": "https://maps.gstatic.com/mapfiles/place_api/icons/v1/png_71/lodging-71.png", "icon_background_color": "#909CE1", "icon_mask_base_uri": "https://maps.gstatic.com/mapfiles/place_api/icons/v2/hotel_pinlet", "name": "The Rylstone Hotel", "opening_hours": {"open_now": true}, "photos": [{"height": 2048, "html_attributions": ["<a href=\"https://maps.google.com/maps/contrib/106100797539636949015\">The Rylstone Hotel</a>"], "photo_reference": "Aap_uEDvizm8XjZToD2zDJny_g4C5NY-RzGY1Iv5jJ5Jge9DAl_TPX1zDan60sv08ir4aERuxJBiKQOKbSHSPZUTEukOcLHCQZ90dwTqRHatYbFZ5xEn11dD8_k2-Ei8BSZMSGfLc8YIfc4SEg8qZEKOYviQknWKQ6i7AjNBJNt4GStXHCHU", "width": 2048}], "place_id": "ChIJWxa9_67TDWsRU5QTfcTWVxk", "plus_code": {"compound_code": "6X2C+XC Rylstone, New South Wales, Australia", "global_code": "4RVF6X2C+XC"}, "rating": 4.4, "reference": "ChIJWxa9_67TDWsRU5QTfcTWVxk", "scope": "GOOGLE", "types": ["lodging", "bar", "restaurant", "food", "point_of_interest", "establishment"], "user_ratings_total": 185, "vicinity": "60/62 Louee St, Rylstone"}}, {"bus_status": "OPERATIONAL", "name": "Capertee Cottage", "geo": {"location": {"lat": -33.0217698, "lng": 150.0348865}, "viewport": {"northeast": {"lat": -33.02055362010727, "lng": 150.0358956298927}, "southwest": {"lat": -33.02325327989272, "lng": 150.0331959701073}}}, "distance": 1000000, "hour": {"open_now": true}, "photo": "Aap_uEDhTzCAl24LIU2Cfl2vW19BM5kcom2Mw-zn-x98yPyfiNibrzr_-7gf3npbqMtmeXuXnYaX0oq3DkyQdhbIQBjLE3ZaxxQI0A54ounmaOPJ_CVaQjZSANTv8yOtRxaIsC642XosWPmNSBRoJwknENo_TbrXDEIegCT4x5OddGQfosE6", "price_level": "", "rating": 4.5, "stars": ["checked", "checked", "checked", "checked", ""], "tags": ["lodging", "point_of_interest", "establishment"], "user_total_rating": 2, "address": "1048 Port Macquarie Rd, Bogee", "map": "https://www.google.com/maps/place/?q=place_id:ChIJZzDTLVDDDWsRckC4tVZzFeI", "row": {"business_status": "OPERATIONAL", "geometry": {"location": {"lat": -33.0217698, "lng": 150.0348865}, "viewport": {"northeast": {"lat": -33.02055362010727, "lng": 150.0358956298927}, "southwest": {"lat": -33.02325327989272, "lng": 150.0331959701073}}}, "icon": "https://maps.gstatic.com/mapfiles/place_api/icons/v1/png_71/lodging-71.png", "icon_background_color": "#909CE1", "icon_mask_base_uri": "https://maps.gstatic.com/mapfiles/place_api/icons/v2/hotel_pinlet", "name": "Capertee Cottage", "opening_hours": {"open_now": true}, "photos": [{"height": 450, "html_attributions": ["<a href=\"https://maps.google.com/maps/contrib/115235197669257765380\">A Google User</a>"], "photo_reference": "Aap_uEDhTzCAl24LIU2Cfl2vW19BM5kcom2Mw-zn-x98yPyfiNibrzr_-7gf3npbqMtmeXuXnYaX0oq3DkyQdhbIQBjLE3ZaxxQI0A54ounmaOPJ_CVaQjZSANTv8yOtRxaIsC642XosWPmNSBRoJwknENo_TbrXDEIegCT4x5OddGQfosE6", "width": 767}], "place_id": "ChIJZzDTLVDDDWsRckC4tVZzFeI", "plus_code": {"compound_code": "X2HM+7X Bogee, New South Wales, Australia", "global_code": "4RRGX2HM+7X"}, "rating": 4.5, "reference": "ChIJZzDTLVDDDWsRckC4tVZzFeI", "scope": "GOOGLE", "types": ["lodging", "point_of_interest", "establishment"], "user_ratings_total": 2, "vicinity": "1048 Port Macquarie Rd, Bogee"}}, {"bus_status": "OPERATIONAL", "name": "Lue Hotel", "geo": {"location": {"lat": -32.6563377, "lng": 149.8480072}, "viewport": {"northeast": {"lat": -32.65510087010728, "lng": 149.8493017298927}, "southwest": {"lat": -32.65780052989272, "lng": 149.8466020701073}}}, "distance": 1000000, "hour": "", "photo": "Aap_uEBMYPzvGGw7DBuPh2PZuZ81zvVF_SgfUCWwGYsixepYAajbg5YNrEdwZF95yUG1Kas3fZiGm-u41t1KLILgyTMlcMjDUZtA8S2iQzVu0JRxFG73fkHVNYoP5DwtfguPnr98uOX1gapidwEJXY5fPVPTg4tMluvJF5itMCMkePb_pgUy", "price_level": "", "rating": 4.3, "stars": ["checked", "checked", "checked", "checked", ""], "tags": ["lodging", "point_of_interest", "establishment"], "user_total_rating": 29, "address": "24 Cox St, Lue", "map": "https://www.google.com/maps/place/?q=place_id:ChIJ3c1EogoqDGsR2qpMzx4cocU", "row": {"business_status": "OPERATIONAL", "geometry": {"location": {"lat": -32.6563377, "lng": 149.8480072}, "viewport": {"northeast": {"lat": -32.65510087010728, "lng": 149.8493017298927}, "southwest": {"lat": -32.65780052989272, "lng": 149.8466020701073}}}, "icon": "https://maps.gstatic.com/mapfiles/place_api/icons/v1/png_71/lodging-71.png", "icon_background_color": "#909CE1", "icon_mask_base_uri": "https://maps.gstatic.com/mapfiles/place_api/icons/v2/hotel_pinlet", "name": "Lue Hotel", "photos": [{"height": 3024, "html_attributions": ["<a href=\"https://maps.google.com/maps/contrib/109768348065299639387\">Andrew Knevitt</a>"], "photo_reference": "Aap_uEBMYPzvGGw7DBuPh2PZuZ81zvVF_SgfUCWwGYsixepYAajbg5YNrEdwZF95yUG1Kas3fZiGm-u41t1KLILgyTMlcMjDUZtA8S2iQzVu0JRxFG73fkHVNYoP5DwtfguPnr98uOX1gapidwEJXY5fPVPTg4tMluvJF5itMCMkePb_pgUy", "width": 4032}], "place_id": "ChIJ3c1EogoqDGsR2qpMzx4cocU", "plus_code": {"compound_code": "8RVX+F6 Lue, New South Wales, Australia", "global_code": "4RVF8RVX+F6"}, "rating": 4.3, "reference": "ChIJ3c1EogoqDGsR2qpMzx4cocU", "scope": "GOOGLE", "types": ["lodging", "point_of_interest", "establishment"], "user_ratings_total": 29, "vicinity": "24 Cox St, Lue"}}, {"bus_status": "OPERATIONAL", "name": "Kandos Fairways Motel", "geo": {"location": {"lat": -32.8544875, "lng": 149.9704708}, "viewport": {"northeast": {"lat": -32.85329147010727, "lng": 149.9717768298927}, "southwest": {"lat": -32.85599112989272, "lng": 149.9690771701073}}}, "distance": 1000000, "hour": {"open_now": true}, "photo": "Aap_uEBLsCc8gtU3SdNY8oUmevFWWfKSvcpT4Boxd6TUA0y3zqqX7aJAwvjTSlW8RR2mYWcGQCcVa1M90hiFApq3dDYI6XG8WQR-FIYDVeVqlLtVVoLmwpq4Woq3UtsKaC_qF8wbb_OxoC0b1n02poM_VSibUyjTnHkzeQMpWG8L6oaETcYx", "price_level": "", "rating": 4.7, "stars": ["checked", "checked", "checked", "checked", ""], "tags": ["lodging", "point_of_interest", "establishment"], "user_total_rating": 104, "address": "4 Henbury Ave, Kandos", "map": "https://www.google.com/maps/place/?q=place_id:ChIJw4GVpA3RDWsRQ8lup3QFnBA", "row": {"business_status": "OPERATIONAL", "geometry": {"location": {"lat": -32.8544875, "lng": 149.9704708}, "viewport": {"northeast": {"lat": -32.85329147010727, "lng": 149.9717768298927}, "southwest": {"lat": -32.85599112989272, "lng": 149.9690771701073}}}, "icon": "https://maps.gstatic.com/mapfiles/place_api/icons/v1/png_71/lodging-71.png", "icon_background_color": "#909CE1", "icon_mask_base_uri": "https://maps.gstatic.com/mapfiles/place_api/icons/v2/hotel_pinlet", "name": "Kandos Fairways Motel", "opening_hours": {"open_now": true}, "photos": [{"height": 2744, "html_attributions": ["<a href=\"https://maps.google.com/maps/contrib/113241715409605227700\">A Google User</a>"], "photo_reference": "Aap_uEBLsCc8gtU3SdNY8oUmevFWWfKSvcpT4Boxd6TUA0y3zqqX7aJAwvjTSlW8RR2mYWcGQCcVa1M90hiFApq3dDYI6XG8WQR-FIYDVeVqlLtVVoLmwpq4Woq3UtsKaC_qF8wbb_OxoC0b1n02poM_VSibUyjTnHkzeQMpWG8L6oaETcYx", "width": 6016}], "place_id": "ChIJw4GVpA3RDWsRQ8lup3QFnBA", "plus_code": {"compound_code": "4XWC+65 Kandos, New South Wales, Australia", "global_code": "4RVF4XWC+65"}, "rating": 4.7, "reference": "ChIJw4GVpA3RDWsRQ8lup3QFnBA", "scope": "GOOGLE", "types": ["lodging", "point_of_interest", "establishment"], "user_ratings_total": 104, "vicinity": "4 Henbury Ave, Kandos"}}, {"bus_status": "OPERATIONAL", "name": "Kandos Hotel", "geo": {"location": {"lat": -32.8589556, "lng": 149.9713702}, "viewport": {"northeast": {"lat": -32.85760577010728, "lng": 149.9727200298927}, "southwest": {"lat": -32.86030542989272, "lng": 149.9700203701073}}}, "distance": 1000000, "hour": "", "photo": "Aap_uEDAMtJ27xLTvmmYeQYlzUS2MZ5D6cVbFHNU8sg4YZbs6S9F4b96G88EeIas9iUag7VKYedhnDip9i_EstugDYASQoZJwecpjxyrASXSw3saQkEImmdfMyNXbo4ljVfoGqtEKY7U8PZSZauVIWG8JwqJXFW2gER0cVpstvu_2xqphj5g", "price_level": "", "rating": 4.4, "stars": ["checked", "checked", "checked", "checked", ""], "tags": ["lodging", "point_of_interest", "establishment"], "user_total_rating": 84, "address": "2 Angus Ave, Kandos", "map": "https://www.google.com/maps/place/?q=place_id:ChIJmR3W-Q7RDWsR_Xz3sYVZYQQ", "row": {"business_status": "OPERATIONAL", "geometry": {"location": {"lat": -32.8589556, "lng": 149.9713702}, "viewport": {"northeast": {"lat": -32.85760577010728, "lng": 149.9727200298927}, "southwest": {"lat": -32.86030542989272, "lng": 149.9700203701073}}}, "icon": "https://maps.gstatic.com/mapfiles/place_api/icons/v1/png_71/lodging-71.png", "icon_background_color": "#909CE1", "icon_mask_base_uri": "https://maps.gstatic.com/mapfiles/place_api/icons/v2/hotel_pinlet", "name": "Kandos Hotel", "photos": [{"height": 2916, "html_attributions": ["<a href=\"https://maps.google.com/maps/contrib/111046339982708647214\">Lyndon Bell</a>"], "photo_reference": "Aap_uEDAMtJ27xLTvmmYeQYlzUS2MZ5D6cVbFHNU8sg4YZbs6S9F4b96G88EeIas9iUag7VKYedhnDip9i_EstugDYASQoZJwecpjxyrASXSw3saQkEImmdfMyNXbo4ljVfoGqtEKY7U8PZSZauVIWG8JwqJXFW2gER0cVpstvu_2xqphj5g", "width": 5184}], "place_id": "ChIJmR3W-Q7RDWsR_Xz3sYVZYQQ", "plus_code": {"compound_code": "4XRC+CG Kandos, New South Wales, Australia", "global_code": "4RVF4XRC+CG"}, "rating": 4.4, "reference": "ChIJmR3W-Q7RDWsR_Xz3sYVZYQQ", "scope": "GOOGLE", "types": ["lodging", "point_of_interest", "establishment"], "user_ratings_total": 84, "vicinity": "2 Angus Ave, Kandos"}}, {"bus_status": "OPERATIONAL", "name": "Camphill Cottage", "geo": {"location": {"lat": -32.72249660000001, "lng": 149.9585335}, "viewport": {"northeast": {"lat": -32.72137897010728, "lng": 149.9594273298927}, "southwest": {"lat": -32.72407862989272, "lng": 149.9567276701073}}}, "distance": 1000000, "hour": "", "photo": "Aap_uEBQcuWAMI4V8bDRVZtx1VBizZpYir79rTHe15SK_N7GtCKceEosfGHRBLBGxL3AGeIkbe5i-jpDmgPclNuakYC2OknicbsYDw7pzmENlBt7BCZ44kNIIYX8pfV8ZwCXAEqp05AY2PWI91OIyyO0pqgBD_3vJXLDuWMwFN9npbC7rNM3", "price_level": "", "rating": 4.4, "stars": ["checked", "checked", "checked", "checked", ""], "tags": ["lodging", "point_of_interest", "establishment"], "user_total_rating": 8, "address": "4217 Lue Rd, Rylstone", "map": "https://www.google.com/maps/place/?q=place_id:ChIJBzxdHOssDGsRehS92EhI-mc", "row": {"business_status": "OPERATIONAL", "geometry": {"location": {"lat": -32.72249660000001, "lng": 149.9585335}, "viewport": {"northeast": {"lat": -32.72137897010728, "lng": 149.9594273298927}, "southwest": {"lat": -32.72407862989272, "lng": 149.9567276701073}}}, "icon": "https://maps.gstatic.com/mapfiles/place_api/icons/v1/png_71/lodging-71.png", "icon_background_color": "#909CE1", "icon_mask_base_uri": "https://maps.gstatic.com/mapfiles/place_api/icons/v2/hotel_pinlet", "name": "Camphill Cottage", "photos": [{"height": 1333, "html_attributions": ["<a href=\"https://maps.google.com/maps/contrib/110557843284648669916\">Thomas Dang</a>"], "photo_reference": "Aap_uEBQcuWAMI4V8bDRVZtx1VBizZpYir79rTHe15SK_N7GtCKceEosfGHRBLBGxL3AGeIkbe5i-jpDmgPclNuakYC2OknicbsYDw7pzmENlBt7BCZ44kNIIYX8pfV8ZwCXAEqp05AY2PWI91OIyyO0pqgBD_3vJXLDuWMwFN9npbC7rNM3", "width": 2000}], "place_id": "ChIJBzxdHOssDGsRehS92EhI-mc", "plus_code": {"compound_code": "7XH5+2C Rylstone, New South Wales, Australia", "global_code": "4RVF7XH5+2C"}, "rating": 4.4, "reference": "ChIJBzxdHOssDGsRehS92EhI-mc", "scope": "GOOGLE", "types": ["lodging", "point_of_interest", "establishment"], "user_ratings_total": 8, "vicinity": "4217 Lue Rd, Rylstone"}}, {"bus_status": "OPERATIONAL", "name": "The Globe Hotel", "geo": {"location": {"lat": -32.796809, "lng": 149.9714636}, "viewport": {"northeast": {"lat": -32.79544342010728, "lng": 149.9726708798927}, "southwest": {"lat": -32.79814307989272, "lng": 149.9699712201073}}}, "distance": 1000000, "hour": {"open_now": true}, "photo": "Aap_uEAAVYabAOLhFODg6OotyfPX6ls5QTb6RE-UpyzEG_jb7o1BVNIDPgOtpPeDW5BJ3eM_12nnz7qwrhTzqCenxAPElm8omp8B2j78xj1rD9iD6NXQEAbJUlFXq4W5k5ZcYoMIOCv5hUr3wavyVUosCN8Hi0ZTAPGWZ3TdVy4WGvtKlpV8", "price_level": "", "rating": 4.4, "stars": ["checked", "checked", "checked", "checked", ""], "tags": ["lodging", "point_of_interest", "establishment"], "user_total_rating": 189, "address": "46/50 Louee St, Rylstone", "map": "https://www.google.com/maps/place/?q=place_id:ChIJxUdH3q7TDWsRaW3coYNHCpM", "row": {"business_status": "OPERATIONAL", "geometry": {"location": {"lat": -32.796809, "lng": 149.9714636}, "viewport": {"northeast": {"lat": -32.79544342010728, "lng": 149.9726708798927}, "southwest": {"lat": -32.79814307989272, "lng": 149.9699712201073}}}, "icon": "https://maps.gstatic.com/mapfiles/place_api/icons/v1/png_71/lodging-71.png", "icon_background_color": "#909CE1", "icon_mask_base_uri": "https://maps.gstatic.com/mapfiles/place_api/icons/v2/hotel_pinlet", "name": "The Globe Hotel", "opening_hours": {"open_now": true}, "photos": [{"height": 1365, "html_attributions": ["<a href=\"https://maps.google.com/maps/contrib/103503923146277768359\">A Google User</a>"], "photo_reference": "Aap_uEAAVYabAOLhFODg6OotyfPX6ls5QTb6RE-UpyzEG_jb7o1BVNIDPgOtpPeDW5BJ3eM_12nnz7qwrhTzqCenxAPElm8omp8B2j78xj1rD9iD6NXQEAbJUlFXq4W5k5ZcYoMIOCv5hUr3wavyVUosCN8Hi0ZTAPGWZ3TdVy4WGvtKlpV8", "width": 2048}], "place_id": "ChIJxUdH3q7TDWsRaW3coYNHCpM", "plus_code": {"compound_code": "6X3C+7H Rylstone, New South Wales, Australia", "global_code": "4RVF6X3C+7H"}, "rating": 4.4, "reference": "ChIJxUdH3q7TDWsRaW3coYNHCpM", "scope": "GOOGLE", "types": ["lodging", "point_of_interest", "establishment"], "user_ratings_total": 189, "vicinity": "46/50 Louee St, Rylstone"}}, {"bus_status": "OPERATIONAL", "name": "Royal Hotel", "geo": {"location": {"lat": -33.0804634, "lng": 149.6913757}, "viewport": {"northeast": {"lat": -33.07909577010728, "lng": 149.6927251798927}, "southwest": {"lat": -33.08179542989272, "lng": 149.6900255201072}}}, "distance": 1000000, "hour": "", "photo": "Aap_uEDlQjaCb4vpKXJVDkaIx3_Zdem-W0sO4q3zOCY3Y9ku5DTYKA51o2cg8uQIEKlz4uLepO8syN21QLrYPcqYh2wxa43GDewYLdFWjvTYT8kOdiRJoDNiu6PZXqvTTCdWVL3aUS9bXQtrhbDHmWVEpeGQ7J_fpLKitzLbdGlcUUC_YQM_", "price_level": "", "rating": 4.4, "stars": ["checked", "checked", "checked", "checked", ""], "tags": ["lodging", "point_of_interest", "establishment"], "user_total_rating": 109, "address": "Denison St, Sofala", "map": "https://www.google.com/maps/place/?q=place_id:ChIJTX3AxNkNDmsRUPgB6N2kz5g", "row": {"business_status": "OPERATIONAL", "geometry": {"location": {"lat": -33.0804634, "lng": 149.6913757}, "viewport": {"northeast": {"lat": -33.07909577010728, "lng": 149.6927251798927}, "southwest": {"lat": -33.08179542989272, "lng": 149.6900255201072}}}, "icon": "https://maps.gstatic.com/mapfiles/place_api/icons/v1/png_71/lodging-71.png", "icon_background_color": "#909CE1", "icon_mask_base_uri": "https://maps.gstatic.com/mapfiles/place_api/icons/v2/hotel_pinlet", "name": "Royal Hotel", "photos": [{"height": 3024, "html_attributions": ["<a href=\"https://maps.google.com/maps/contrib/101228767287797121831\">Stefan Jones</a>"], "photo_reference": "Aap_uEDlQjaCb4vpKXJVDkaIx3_Zdem-W0sO4q3zOCY3Y9ku5DTYKA51o2cg8uQIEKlz4uLepO8syN21QLrYPcqYh2wxa43GDewYLdFWjvTYT8kOdiRJoDNiu6PZXqvTTCdWVL3aUS9bXQtrhbDHmWVEpeGQ7J_fpLKitzLbdGlcUUC_YQM_", "width": 4032}], "place_id": "ChIJTX3AxNkNDmsRUPgB6N2kz5g", "plus_code": {"compound_code": "WM9R+RH Sofala, New South Wales, Australia", "global_code": "4RRFWM9R+RH"}, "rating": 4.4, "reference": "ChIJTX3AxNkNDmsRUPgB6N2kz5g", "scope": "GOOGLE", "types": ["lodging", "point_of_interest", "establishment"], "user_ratings_total": 109, "vicinity": "Denison St, Sofala"}}, {"bus_status": "OPERATIONAL", "name": "Kandos Motel", "geo": {"location": {"lat": -32.8591485, "lng": 149.971445}, "viewport": {"northeast": {"lat": -32.85764042010728, "lng": 149.9727942798928}, "southwest": {"lat": -32.86034007989272, "lng": 149.9700946201073}}}, "distance": 1000000, "hour": "", "photo": "Aap_uEAf2BI--YSLTHull2JOasBpgDEiY5fK9X_RDYkHg4SuJ_Tdev1GTnRZnTrVvLyK46y-sdcHfNooVza6-OU39HOupV2U4mjHj5kKou_8VA8UHUmwTX2CiZVCiPXZw5v_gfT_zMy05c0ybsW8kt9mkADcplmmKwb4s516CplLc7_Up2MV", "price_level": "", "rating": 4.4, "stars": ["checked", "checked", "checked", "checked", ""], "tags": ["lodging", "point_of_interest", "establishment"], "user_total_rating": 75, "address": "4 Angus Ave, Kandos", "map": "https://www.google.com/maps/place/?q=place_id:ChIJEUZi8A7RDWsR9PhNyQw7urI", "row": {"business_status": "OPERATIONAL", "geometry": {"location": {"lat": -32.8591485, "lng": 149.971445}, "viewport": {"northeast": {"lat": -32.85764042010728, "lng": 149.9727942798928}, "southwest": {"lat": -32.86034007989272, "lng": 149.9700946201073}}}, "icon": "https://maps.gstatic.com/mapfiles/place_api/icons/v1/png_71/lodging-71.png", "icon_background_color": "#909CE1", "icon_mask_base_uri": "https://maps.gstatic.com/mapfiles/place_api/icons/v2/hotel_pinlet", "name": "Kandos Motel", "photos": [{"height": 4032, "html_attributions": ["<a href=\"https://maps.google.com/maps/contrib/101651846567961437048\">101651846567961437048</a>"], "photo_reference": "Aap_uEAf2BI--YSLTHull2JOasBpgDEiY5fK9X_RDYkHg4SuJ_Tdev1GTnRZnTrVvLyK46y-sdcHfNooVza6-OU39HOupV2U4mjHj5kKou_8VA8UHUmwTX2CiZVCiPXZw5v_gfT_zMy05c0ybsW8kt9mkADcplmmKwb4s516CplLc7_Up2MV", "width": 3024}], "place_id": "ChIJEUZi8A7RDWsR9PhNyQw7urI", "plus_code": {"compound_code": "4XRC+8H Kandos, New South Wales, Australia", "global_code": "4RVF4XRC+8H"}, "rating": 4.4, "reference": "ChIJEUZi8A7RDWsR9PhNyQw7urI", "scope": "GOOGLE", "types": ["lodging", "point_of_interest", "establishment"], "user_ratings_total": 75, "vicinity": "4 Angus Ave, Kandos"}}, {"bus_status": "OPERATIONAL", "name": "Tanwarra Lodge B&B", "geo": {"location": {"lat": -33.076816, "lng": 149.659978}, "viewport": {"northeast": {"lat": -33.0760462, "lng": 149.6609865798927}, "southwest": {"lat": -33.0791254, "lng": 149.6582869201073}}}, "distance": 1000000, "hour": {"open_now": true}, "photo": "Aap_uECe5aARi1UOkobmOQGcW2kpkXySdy5W2ONY0iIzrv3B7mXIbYc6Aabl7XOW4CisoXP33VhX92yArwOP0QFGYUQaSTacX1upMDdBKO8kZs2YFQ_jptK3OvnW_z2_7QfQypw_Vi7ialUgQdYYr_mZMB9OJF4jTNOmbveNfAg_Rh1_HUn-", "price_level": "", "rating": 4.1, "stars": ["checked", "checked", "checked", "checked", ""], "tags": ["lodging", "restaurant", "food", "point_of_interest"], "user_total_rating": 21, "address": "324 Hill End Rd, Sofala", "map": "https://www.google.com/maps/place/?q=place_id:ChIJB8Q0jgAODmsR2zTsHwidSoA", "row": {"business_status": "OPERATIONAL", "geometry": {"location": {"lat": -33.076816, "lng": 149.659978}, "viewport": {"northeast": {"lat": -33.0760462, "lng": 149.6609865798927}, "southwest": {"lat": -33.0791254, "lng": 149.6582869201073}}}, "icon": "https://maps.gstatic.com/mapfiles/place_api/icons/v1/png_71/lodging-71.png", "icon_background_color": "#909CE1", "icon_mask_base_uri": "https://maps.gstatic.com/mapfiles/place_api/icons/v2/hotel_pinlet", "name": "Tanwarra Lodge B&B", "opening_hours": {"open_now": true}, "photos": [{"height": 750, "html_attributions": ["<a href=\"https://maps.google.com/maps/contrib/110897431187842371992\">Tanwarra Lodge B&amp;B .</a>"], "photo_reference": "Aap_uECe5aARi1UOkobmOQGcW2kpkXySdy5W2ONY0iIzrv3B7mXIbYc6Aabl7XOW4CisoXP33VhX92yArwOP0QFGYUQaSTacX1upMDdBKO8kZs2YFQ_jptK3OvnW_z2_7QfQypw_Vi7ialUgQdYYr_mZMB9OJF4jTNOmbveNfAg_Rh1_HUn-", "width": 1001}], "place_id": "ChIJB8Q0jgAODmsR2zTsHwidSoA", "plus_code": {"compound_code": "WMF5+7X Sofala, New South Wales, Australia", "global_code": "4RRFWMF5+7X"}, "rating": 4.1, "reference": "ChIJB8Q0jgAODmsR2zTsHwidSoA", "scope": "GOOGLE", "types": ["lodging", "restaurant", "food", "point_of_interest", "establishment"], "user_ratings_total": 21, "vicinity": "324 Hill End Rd, Sofala"}}, {"bus_status": "OPERATIONAL", "name": "Horizon Mudgee", "geo": {"location": {"lat": -32.6446898, "lng": 149.6579874}, "viewport": {"northeast": {"lat": -32.64331972010728, "lng": 149.6600080298927}, "southwest": {"lat": -32.64601937989272, "lng": 149.6573083701073}}}, "distance": 1000000, "hour": {"open_now": false}, "photo": "Aap_uEAoNKR-kD3yJhP1kovQefWx0z2sarMvYYHKxFQJiG642FaJ2H0zSs2GIkoJpYf83ZqzftEhkO1NkZqIXkDhoYdqvjbzOSO-kjMPawAzHrJJgjXCtyalENfNxkzyaBiz4lF-fnA3Xyre4Ckyoyu53cnrXKk5mbiUPSsMLLWhFjTqQ6vw", "price_level": "", "rating": 4.6, "stars": ["checked", "checked", "checked", "checked", ""], "tags": ["lodging", "point_of_interest", "establishment"], "user_total_rating": 5, "address": "637 Castlereagh Hwy, Burrundulla", "map": "https://www.google.com/maps/place/?q=place_id:ChIJ74h0yd-HDmsRB6ALRxzOTl4", "row": {"business_status": "OPERATIONAL", "geometry": {"location": {"lat": -32.6446898, "lng": 149.6579874}, "viewport": {"northeast": {"lat": -32.64331972010728, "lng": 149.6600080298927}, "southwest": {"lat": -32.64601937989272, "lng": 149.6573083701073}}}, "icon": "https://maps.gstatic.com/mapfiles/place_api/icons/v1/png_71/lodging-71.png", "icon_background_color": "#909CE1", "icon_mask_base_uri": "https://maps.gstatic.com/mapfiles/place_api/icons/v2/hotel_pinlet", "name": "Horizon Mudgee", "opening_hours": {"open_now": false}, "photos": [{"height": 3006, "html_attributions": ["<a href=\"https://maps.google.com/maps/contrib/103425227742753285354\">Stuart Skabo</a>"], "photo_reference": "Aap_uEAoNKR-kD3yJhP1kovQefWx0z2sarMvYYHKxFQJiG642FaJ2H0zSs2GIkoJpYf83ZqzftEhkO1NkZqIXkDhoYdqvjbzOSO-kjMPawAzHrJJgjXCtyalENfNxkzyaBiz4lF-fnA3Xyre4Ckyoyu53cnrXKk5mbiUPSsMLLWhFjTqQ6vw", "width": 5344}], "place_id": "ChIJ74h0yd-HDmsRB6ALRxzOTl4", "plus_code": {"compound_code": "9M45+45 Burrundulla, New South Wales, Australia", "global_code": "4RVF9M45+45"}, "rating": 4.6, "reference": "ChIJ74h0yd-HDmsRB6ALRxzOTl4", "scope": "GOOGLE", "types": ["lodging", "point_of_interest", "establishment"], "user_ratings_total": 5, "vicinity": "637 Castlereagh Hwy, Burrundulla"}}, {"bus_status": "OPERATIONAL", "name": "Railway Hotel", "geo": {"location": {"lat": -32.8594705, "lng": 149.9694461}, "viewport": {"northeast": {"lat": -32.85810172010728, "lng": 149.9708866298927}, "southwest": {"lat": -32.86080137989273, "lng": 149.9681869701073}}}, "distance": 1000000, "hour": {"open_now": true}, "photo": "Aap_uEAzpZC9Llx_Zeb_s1YrPqiA9U_deUPGFkecMLDKzAykKiqVA2EPE_VaVFJTLRmXWecug7JDtzCmJi2taclrbqsKjaL8Zj-xMwFNu_Xpws4-sq1ih-DtISUHjfvFEoxY3hUdp8DFdRoYzKTxURdl6QXuMFqHURYPXDGF8w-U6a_EJsuC", "price_level": "", "rating": 3.5, "stars": ["checked", "checked", "checked", "", ""], "tags": ["lodging", "point_of_interest", "establishment"], "user_total_rating": 24, "address": "37 Ilford Rd, Kandos", "map": "https://www.google.com/maps/place/?q=place_id:ChIJ59R2xg_RDWsRyWUq2KSFnQc", "row": {"business_status": "OPERATIONAL", "geometry": {"location": {"lat": -32.8594705, "lng": 149.9694461}, "viewport": {"northeast": {"lat": -32.85810172010728, "lng": 149.9708866298927}, "southwest": {"lat": -32.86080137989273, "lng": 149.9681869701073}}}, "icon": "https://maps.gstatic.com/mapfiles/place_api/icons/v1/png_71/lodging-71.png", "icon_background_color": "#909CE1", "icon_mask_base_uri": "https://maps.gstatic.com/mapfiles/place_api/icons/v2/hotel_pinlet", "name": "Railway Hotel", "opening_hours": {"open_now": true}, "photos": [{"height": 2048, "html_attributions": ["<a href=\"https://maps.google.com/maps/contrib/107134128826740846201\">A Google User</a>"], "photo_reference": "Aap_uEAzpZC9Llx_Zeb_s1YrPqiA9U_deUPGFkecMLDKzAykKiqVA2EPE_VaVFJTLRmXWecug7JDtzCmJi2taclrbqsKjaL8Zj-xMwFNu_Xpws4-sq1ih-DtISUHjfvFEoxY3hUdp8DFdRoYzKTxURdl6QXuMFqHURYPXDGF8w-U6a_EJsuC", "width": 2048}], "place_id": "ChIJ59R2xg_RDWsRyWUq2KSFnQc", "plus_code": {"compound_code": "4XR9+6Q Kandos, New South Wales, Australia", "global_code": "4RVF4XR9+6Q"}, "rating": 3.5, "reference": "ChIJ59R2xg_RDWsRyWUq2KSFnQc", "scope": "GOOGLE", "types": ["lodging", "point_of_interest", "establishment"], "user_ratings_total": 24, "vicinity": "37 Ilford Rd, Kandos"}}, {"bus_status": "OPERATIONAL", "name": "Chesleigh Homestead", "geo": {"location": {"lat": -33.0785604, "lng": 149.6596057}, "viewport": {"northeast": {"lat": -33.07717857010727, "lng": 149.6609740298927}, "southwest": {"lat": -33.07987822989271, "lng": 149.6582743701073}}}, "distance": 1000000, "hour": "", "photo": "Aap_uEBPra6DvPnYMquK7LVPTTAT65rEqQE_nCb1AK8mTAKQjlhtd1P0N-xILwjRcy_iF-1mkBpV4pE6bU8vLQq491I1nNF_A0rO3IW4hpAbyXNfu_rNI-qnba19hq_7BCwDJoAv_THQgNd9ix5i6nLXpxpoBzLQ1XNg7_Xe5RmpSBr6VG_m", "price_level": "", "rating": 5, "stars": ["checked", "checked", "checked", "checked", "checked"], "tags": ["lodging", "travel_agency", "point_of_interest", "establishment"], "user_total_rating": 19, "address": "319 Hill End Rd, Sofala", "map": "https://www.google.com/maps/place/?q=place_id:ChIJ62pgvf0RDmsRMzPwTEeU898", "row": {"business_status": "OPERATIONAL", "geometry": {"location": {"lat": -33.0785604, "lng": 149.6596057}, "viewport": {"northeast": {"lat": -33.07717857010727, "lng": 149.6609740298927}, "southwest": {"lat": -33.07987822989271, "lng": 149.6582743701073}}}, "icon": "https://maps.gstatic.com/mapfiles/place_api/icons/v1/png_71/generic_business-71.png", "icon_background_color": "#7B9EB0", "icon_mask_base_uri": "https://maps.gstatic.com/mapfiles/place_api/icons/v2/generic_pinlet", "name": "Chesleigh Homestead", "photos": [{"height": 3024, "html_attributions": ["<a href=\"https://maps.google.com/maps/contrib/113331046809403774638\">Tim Bishop</a>"], "photo_reference": "Aap_uEBPra6DvPnYMquK7LVPTTAT65rEqQE_nCb1AK8mTAKQjlhtd1P0N-xILwjRcy_iF-1mkBpV4pE6bU8vLQq491I1nNF_A0rO3IW4hpAbyXNfu_rNI-qnba19hq_7BCwDJoAv_THQgNd9ix5i6nLXpxpoBzLQ1XNg7_Xe5RmpSBr6VG_m", "width": 4032}], "place_id": "ChIJ62pgvf0RDmsRMzPwTEeU898", "plus_code": {"compound_code": "WMC5+HR Sofala, New South Wales, Australia", "global_code": "4RRFWMC5+HR"}, "rating": 5, "reference": "ChIJ62pgvf0RDmsRMzPwTEeU898", "scope": "GOOGLE", "types": ["lodging", "travel_agency", "point_of_interest", "establishment"], "user_ratings_total": 19, "vicinity": "319 Hill End Rd, Sofala"}}, {"bus_status": "OPERATIONAL", "name": "Lovetts Lodge", "geo": {"location": {"lat": -32.651218, "lng": 149.656827}, "viewport": {"northeast": {"lat": -32.64928727010727, "lng": 149.6577322298928}, "southwest": {"lat": -32.65198692989271, "lng": 149.6550325701073}}}, "distance": 1000000, "hour": "", "photo": "Aap_uECF1dHCHwOYjay0s5toDm_PMYqHO-b0H0KHUVOhqgSOTSTlZIHfex0fk5G15Nccl8aWUjWxOyNYAt_VA8S91pzLqhrVh3N4hGYp555APtmdlS3fsOF2INi1KsANATddZ1sFsMZNrUG3r5FaNXBoQMpt-5dArEMvQP9ZEF25ne72b33p", "price_level": "", "rating": 5, "stars": ["checked", "checked", "checked", "checked", "checked"], "tags": ["lodging", "point_of_interest", "establishment"], "user_total_rating": 2, "address": "648 Castlereagh Hwy, Burrundulla", "map": "https://www.google.com/maps/place/?q=place_id:ChIJ4RqNowyMDmsR6Br-MmOs_I0", "row": {"business_status": "OPERATIONAL", "geometry": {"location": {"lat": -32.651218, "lng": 149.656827}, "viewport": {"northeast": {"lat": -32.64928727010727, "lng": 149.6577322298928}, "southwest": {"lat": -32.65198692989271, "lng": 149.6550325701073}}}, "icon": "https://maps.gstatic.com/mapfiles/place_api/icons/v1/png_71/lodging-71.png", "icon_background_color": "#909CE1", "icon_mask_base_uri": "https://maps.gstatic.com/mapfiles/place_api/icons/v2/hotel_pinlet", "name": "Lovetts Lodge", "photos": [{"height": 3264, "html_attributions": ["<a href=\"https://maps.google.com/maps/contrib/111871754970715661094\">Daniel Ernst</a>"], "photo_reference": "Aap_uECF1dHCHwOYjay0s5toDm_PMYqHO-b0H0KHUVOhqgSOTSTlZIHfex0fk5G15Nccl8aWUjWxOyNYAt_VA8S91pzLqhrVh3N4hGYp555APtmdlS3fsOF2INi1KsANATddZ1sFsMZNrUG3r5FaNXBoQMpt-5dArEMvQP9ZEF25ne72b33p", "width": 2448}], "place_id": "ChIJ4RqNowyMDmsR6Br-MmOs_I0", "plus_code": {"compound_code": "8MX4+GP Burrundulla, New South Wales, Australia", "global_code": "4RVF8MX4+GP"}, "rating": 5, "reference": "ChIJ4RqNowyMDmsR6Br-MmOs_I0", "scope": "GOOGLE", "types": ["lodging", "point_of_interest", "establishment"], "user_ratings_total": 2, "vicinity": "648 Castlereagh Hwy, Burrundulla"}}, {"bus_status": "OPERATIONAL", "name": "Riverlea Retreat Mudgee", "geo": {"location": {"lat": -32.6946195, "lng": 149.732964}, "viewport": {"northeast": {"lat": -32.69376010000001, "lng": 149.73515145}, "southwest": {"lat": -32.69719769999998, "lng": 149.73223485}}}, "distance": 1000000, "hour": {"open_now": true}, "photo": "Aap_uEAByPp4o68CTUvsDdwktswvv8fitQtzikQLBvyFmP0b3QG0ix1P6fxpfWjbxY2a0eFQnA2QhPY2Y_E3QrWttQMW6PY9yhWKvhFfh1RbhKyBR979Aw_YyagJWjoN4qaObbN5ZJEP3Rto-7n1pbHmrcic7FlYwFBmAd2ePElAzadb1JaF", "price_level": "", "rating": 5, "stars": ["checked", "checked", "checked", "checked", "checked"], "tags": ["point_of_interest", "establishment"], "user_total_rating": 6, "address": "Riverlea Rd, Mudgee", "map": "https://www.google.com/maps/place/?q=place_id:ChIJd9Pee459DmsREOhKKTxNETg", "row": {"business_status": "OPERATIONAL", "geometry": {"location": {"lat": -32.6946195, "lng": 149.732964}, "viewport": {"northeast": {"lat": -32.69376010000001, "lng": 149.73515145}, "southwest": {"lat": -32.69719769999998, "lng": 149.73223485}}}, "icon": "https://maps.gstatic.com/mapfiles/place_api/icons/v1/png_71/generic_business-71.png", "icon_background_color": "#7B9EB0", "icon_mask_base_uri": "https://maps.gstatic.com/mapfiles/place_api/icons/v2/generic_pinlet", "name": "Riverlea Retreat Mudgee", "opening_hours": {"open_now": true}, "photos": [{"height": 900, "html_attributions": ["<a href=\"https://maps.google.com/maps/contrib/112767245148397402122\">A Google User</a>"], "photo_reference": "Aap_uEAByPp4o68CTUvsDdwktswvv8fitQtzikQLBvyFmP0b3QG0ix1P6fxpfWjbxY2a0eFQnA2QhPY2Y_E3QrWttQMW6PY9yhWKvhFfh1RbhKyBR979Aw_YyagJWjoN4qaObbN5ZJEP3Rto-7n1pbHmrcic7FlYwFBmAd2ePElAzadb1JaF", "width": 1200}], "place_id": "ChIJd9Pee459DmsREOhKKTxNETg", "plus_code": {"compound_code": "8P4M+55 Mudgee, New South Wales, Australia", "global_code": "4RVF8P4M+55"}, "rating": 5, "reference": "ChIJd9Pee459DmsREOhKKTxNETg", "scope": "GOOGLE", "types": ["point_of_interest", "establishment"], "user_ratings_total": 6, "vicinity": "Riverlea Rd, Mudgee"}}, {"bus_status": "OPERATIONAL", "name": "Cudgegong Waters Park", "geo": {"location": {"lat": -32.8115525, "lng": 149.8194977}, "viewport": {"northeast": {"lat": -32.81028657010727, "lng": 149.8214079798927}, "southwest": {"lat": -32.81298622989272, "lng": 149.8187083201072}}}, "distance": 1000000, "hour": "", "photo": "Aap_uEAlE7Hud_3q_3kq8WzSKP63-2isK885zCZ1wDqGgqwSzBuMvaq2UVL83bI_FC3jQ9GHXwMOvM6WV8cJfwVf6n1GYN3WREhrQljVU0SkbG8G9udM34_iuWL3qg7DnnH66w-PUa9XrY9A2vb94MnOAw0JvY02xJKwuu1AhciwUoPxbzZ1", "price_level": "", "rating": 4.4, "stars": ["checked", "checked", "checked", "checked", ""], "tags": ["rv_park", "lodging", "point_of_interest", "establishment"], "user_total_rating": 91, "address": "1858 Cudgegong Rd, Cudgegong", "map": "https://www.google.com/maps/place/?q=place_id:ChIJTYh_fb54DmsRCyBdamSEG9M", "row": {"business_status": "OPERATIONAL", "geometry": {"location": {"lat": -32.8115525, "lng": 149.8194977}, "viewport": {"northeast": {"lat": -32.81028657010727, "lng": 149.8214079798927}, "southwest": {"lat": -32.81298622989272, "lng": 149.8187083201072}}}, "icon": "https://maps.gstatic.com/mapfiles/place_api/icons/v1/png_71/lodging-71.png", "icon_background_color": "#909CE1", "icon_mask_base_uri": "https://maps.gstatic.com/mapfiles/place_api/icons/v2/hotel_pinlet", "name": "Cudgegong Waters Park", "photos": [{"height": 3120, "html_attributions": ["<a href=\"https://maps.google.com/maps/contrib/101093522453276640782\">Magdalena Ali</a>"], "photo_reference": "Aap_uEAlE7Hud_3q_3kq8WzSKP63-2isK885zCZ1wDqGgqwSzBuMvaq2UVL83bI_FC3jQ9GHXwMOvM6WV8cJfwVf6n1GYN3WREhrQljVU0SkbG8G9udM34_iuWL3qg7DnnH66w-PUa9XrY9A2vb94MnOAw0JvY02xJKwuu1AhciwUoPxbzZ1", "width": 4160}], "place_id": "ChIJTYh_fb54DmsRCyBdamSEG9M", "plus_code": {"compound_code": "5RQ9+9Q Cudgegong, New South Wales, Australia", "global_code": "4RVF5RQ9+9Q"}, "rating": 4.4, "reference": "ChIJTYh_fb54DmsRCyBdamSEG9M", "scope": "GOOGLE", "types": ["rv_park", "lodging", "point_of_interest", "establishment"], "user_ratings_total": 91, "vicinity": "1858 Cudgegong Rd, Cudgegong"}}, {"bus_status": "OPERATIONAL", "name": "RIVERLEA STABLES", "geo": {"location": {"lat": -32.6915098, "lng": 149.7193441}, "viewport": {"northeast": {"lat": -32.69083465000001, "lng": 149.7207481798927}, "southwest": {"lat": -32.69353524999999, "lng": 149.7180485201072}}}, "distance": 1000000, "hour": "", "photo": "", "price_level": "", "rating": 5, "stars": ["checked", "checked", "checked", "checked", "checked"], "tags": ["lodging", "point_of_interest", "establishment"], "user_total_rating": 3, "address": "63 Riverlea Rd, Apple Tree Flat", "map": "https://www.google.com/maps/place/?q=place_id:ChIJ-QUgc459DmsRoczwpC2hHZY", "row": {"business_status": "OPERATIONAL", "geometry": {"location": {"lat": -32.6915098, "lng": 149.7193441}, "viewport": {"northeast": {"lat": -32.69083465000001, "lng": 149.7207481798927}, "southwest": {"lat": -32.69353524999999, "lng": 149.7180485201072}}}, "icon": "https://maps.gstatic.com/mapfiles/place_api/icons/v1/png_71/lodging-71.png", "icon_background_color": "#909CE1", "icon_mask_base_uri": "https://maps.gstatic.com/mapfiles/place_api/icons/v2/hotel_pinlet", "name": "RIVERLEA STABLES", "place_id": "ChIJ-QUgc459DmsRoczwpC2hHZY", "plus_code": {"compound_code": "8P59+9P Apple Tree Flat, New South Wales, Australia", "global_code": "4RVF8P59+9P"}, "rating": 5, "reference": "ChIJ-QUgc459DmsRoczwpC2hHZY", "scope": "GOOGLE", "types": ["lodging", "point_of_interest", "establishment"], "user_ratings_total": 3, "vicinity": "63 Riverlea Rd, Apple Tree Flat"}}, {"bus_status": "OPERATIONAL", "name": "Riverview Farm & Guesthouse", "geo": {"location": {"lat": -32.6496389, "lng": 149.6695471}, "viewport": {"northeast": {"lat": -32.64892822010728, "lng": 149.6711883298927}, "southwest": {"lat": -32.65162787989272, "lng": 149.6684886701073}}}, "distance": 1000000, "hour": "", "photo": "Aap_uEA22gKR0IY49EmZKhq19Sk8nFMSduCo508mCPasOGPLtvcjI4khb-kS_nII4lWtdHA4DJkB7pX8GJA4vq3ohEl9_8l_ESxzbJAhjOgiQ-ghv2In6f_j7N4pbfB7hZMBjc45ticNPaMu5qMAV7pm3EPU04vnacd1GJwxLZG_A7k_jFnu", "price_level": "", "rating": 0, "stars": ["", "", "", "", ""], "tags": ["lodging", "point_of_interest", "establishment"], "user_total_rating": 0, "address": "727 Castlereagh Hwy, Burrundulla", "map": "https://www.google.com/maps/place/?q=place_id:ChIJSYNr93SHDmsR7OoQZscBVoc", "row": {"business_status": "OPERATIONAL", "geometry": {"location": {"lat": -32.6496389, "lng": 149.6695471}, "viewport": {"northeast": {"lat": -32.64892822010728, "lng": 149.6711883298927}, "southwest": {"lat": -32.65162787989272, "lng": 149.6684886701073}}}, "icon": "https://maps.gstatic.com/mapfiles/place_api/icons/v1/png_71/lodging-71.png", "icon_background_color": "#909CE1", "icon_mask_base_uri": "https://maps.gstatic.com/mapfiles/place_api/icons/v2/hotel_pinlet", "name": "Riverview Farm & Guesthouse", "photos": [{"height": 2728, "html_attributions": ["<a href=\"https://maps.google.com/maps/contrib/112592393704257812958\">A Google User</a>"], "photo_reference": "Aap_uEA22gKR0IY49EmZKhq19Sk8nFMSduCo508mCPasOGPLtvcjI4khb-kS_nII4lWtdHA4DJkB7pX8GJA4vq3ohEl9_8l_ESxzbJAhjOgiQ-ghv2In6f_j7N4pbfB7hZMBjc45ticNPaMu5qMAV7pm3EPU04vnacd1GJwxLZG_A7k_jFnu", "width": 3569}], "place_id": "ChIJSYNr93SHDmsR7OoQZscBVoc", "plus_code": {"compound_code": "9M29+4R Burrundulla, New South Wales, Australia", "global_code": "4RVF9M29+4R"}, "rating": 0, "reference": "ChIJSYNr93SHDmsR7OoQZscBVoc", "scope": "GOOGLE", "types": ["lodging", "point_of_interest", "establishment"], "user_ratings_total": 0, "vicinity": "727 Castlereagh Hwy, Burrundulla"}}, {"bus_status": "OPERATIONAL", "name": "Old Sofala Gaol Cafe", "geo": {"location": {"lat": -33.0812901, "lng": 149.6914834}, "viewport": {"northeast": {"lat": -33.07995412010728, "lng": 149.6928317298928}, "southwest": {"lat": -33.08265377989272, "lng": 149.6901320701073}}}, "distance": 1000000, "hour": "", "photo": "Aap_uEBCn-PNN3R0UbYBL54A-6HesEAtEZycQJQaIk0WTanoHPN4bPBC4JWaINlO03H1CNOUXxAq-sfWYV8iY9EYx7ZlMW0hxaItdGUEK1GfU5jMqrfOTsMpoDyXEnEWBjfIVjzNK6BCQhaMoIcBbW4wAhm-QiNnhS8evvoDqY-d7VQ5jzLb", "price_level": "", "rating": 3.1, "stars": ["checked", "checked", "checked", "", ""], "tags": ["lodging", "point_of_interest", "establishment"], "user_total_rating": 8, "address": "Barkly St, Sofala", "map": "https://www.google.com/maps/place/?q=place_id:ChIJ37dDetcNDmsR-f4E1Lu-g2s", "row": {"business_status": "OPERATIONAL", "geometry": {"location": {"lat": -33.0812901, "lng": 149.6914834}, "viewport": {"northeast": {"lat": -33.07995412010728, "lng": 149.6928317298928}, "southwest": {"lat": -33.08265377989272, "lng": 149.6901320701073}}}, "icon": "https://maps.gstatic.com/mapfiles/place_api/icons/v1/png_71/lodging-71.png", "icon_background_color": "#909CE1", "icon_mask_base_uri": "https://maps.gstatic.com/mapfiles/place_api/icons/v2/hotel_pinlet", "name": "Old Sofala Gaol Cafe", "photos": [{"height": 2412, "html_attributions": ["<a href=\"https://maps.google.com/maps/contrib/100068184236481805782\">Dawn Veale</a>"], "photo_reference": "Aap_uEBCn-PNN3R0UbYBL54A-6HesEAtEZycQJQaIk0WTanoHPN4bPBC4JWaINlO03H1CNOUXxAq-sfWYV8iY9EYx7ZlMW0hxaItdGUEK1GfU5jMqrfOTsMpoDyXEnEWBjfIVjzNK6BCQhaMoIcBbW4wAhm-QiNnhS8evvoDqY-d7VQ5jzLb", "width": 4065}], "place_id": "ChIJ37dDetcNDmsR-f4E1Lu-g2s", "plus_code": {"compound_code": "WM9R+FH Sofala, New South Wales, Australia", "global_code": "4RRFWM9R+FH"}, "rating": 3.1, "reference": "ChIJ37dDetcNDmsR-f4E1Lu-g2s", "scope": "GOOGLE", "types": ["lodging", "point_of_interest", "establishment"], "user_ratings_total": 8, "vicinity": "Barkly St, Sofala"}}, {"bus_status": "OPERATIONAL", "name": "Lone Pine Farm House by Your Innkeeper Mudgee", "geo": {"location": {"lat": -32.750479, "lng": 149.6203415}, "viewport": {"northeast": {"lat": -32.74893162010728, "lng": 149.6216720798927}, "southwest": {"lat": -32.75163127989272, "lng": 149.6189724201073}}}, "distance": 1000000, "hour": {"open_now": false}, "photo": "Aap_uEAaR1rQWCXAaBsL5_YHfKxnlWEMbtIaD_Sg3vLA4btY48HeIfTGXHXidLH3EotYFhh5YCHpmYW8u7nsvz7Cedr3wwVltIihIYhWSPoGZ7fBy4cllbJLOfRMBxGkyzu4531wmvg_vJ439umAs94vgBHgKrZdJ2k32N3SxqS-iKK516fX", "price_level": "", "rating": 5, "stars": ["checked", "checked", "checked", "checked", "checked"], "tags": ["lodging", "point_of_interest", "establishment"], "user_total_rating": 2, "address": "2084 Queens Pinch Rd, Meroo", "map": "https://www.google.com/maps/place/?q=place_id:ChIJ3ch9xFhkDmsROpod9e3OVjs", "row": {"business_status": "OPERATIONAL", "geometry": {"location": {"lat": -32.750479, "lng": 149.6203415}, "viewport": {"northeast": {"lat": -32.74893162010728, "lng": 149.6216720798927}, "southwest": {"lat": -32.75163127989272, "lng": 149.6189724201073}}}, "icon": "https://maps.gstatic.com/mapfiles/place_api/icons/v1/png_71/lodging-71.png", "icon_background_color": "#909CE1", "icon_mask_base_uri": "https://maps.gstatic.com/mapfiles/place_api/icons/v2/hotel_pinlet", "name": "Lone Pine Farm House by Your Innkeeper Mudgee", "opening_hours": {"open_now": false}, "photos": [{"height": 1003, "html_attributions": ["<a href=\"https://maps.google.com/maps/contrib/111236338341247672403\">A Google User</a>"], "photo_reference": "Aap_uEAaR1rQWCXAaBsL5_YHfKxnlWEMbtIaD_Sg3vLA4btY48HeIfTGXHXidLH3EotYFhh5YCHpmYW8u7nsvz7Cedr3wwVltIihIYhWSPoGZ7fBy4cllbJLOfRMBxGkyzu4531wmvg_vJ439umAs94vgBHgKrZdJ2k32N3SxqS-iKK516fX", "width": 1500}], "place_id": "ChIJ3ch9xFhkDmsROpod9e3OVjs", "plus_code": {"compound_code": "6JXC+R4 Meroo, New South Wales, Australia", "global_code": "4RVF6JXC+R4"}, "rating": 5, "reference": "ChIJ3ch9xFhkDmsROpod9e3OVjs", "scope": "GOOGLE", "types": ["lodging", "point_of_interest", "establishment"], "user_ratings_total": 2, "vicinity": "2084 Queens Pinch Rd, Meroo"}}, {"bus_status": "OPERATIONAL", "name": "Rylstone Caravan Park", "geo": {"location": {"lat": -32.8005867, "lng": 149.9679107}, "viewport": {"northeast": {"lat": -32.79924287010728, "lng": 149.9693058298928}, "southwest": {"lat": -32.80194252989272, "lng": 149.9666061701073}}}, "distance": 1000000, "hour": "", "photo": "Aap_uECW-92bjUWdibk4nR6YWzB7nKhD4n6YTFhar-XwVh50RhoporlAlxtHQjJhJIOmik1c22wKgGVGeg7dlIhRUxcQcfdiIhzNdVlsTBRUOD87-UFT8ErqPcb0QH0j4-zNAkEfTb4S2D_ZYVAfvUIEj-PHYXFSdhKq9hTyM8c5N1h452bZ", "price_level": "", "rating": 3.7, "stars": ["checked", "checked", "checked", "", ""], "tags": ["rv_park", "lodging", "point_of_interest", "establishment"], "user_total_rating": 60, "address": "7 Carwell St, Rylstone", "map": "https://www.google.com/maps/place/?q=place_id:ChIJNSZ_ALDTDWsReL3dDyM4Uqo", "row": {"business_status": "OPERATIONAL", "geometry": {"location": {"lat": -32.8005867, "lng": 149.9679107}, "viewport": {"northeast": {"lat": -32.79924287010728, "lng": 149.9693058298928}, "southwest": {"lat": -32.80194252989272, "lng": 149.9666061701073}}}, "icon": "https://maps.gstatic.com/mapfiles/place_api/icons/v1/png_71/lodging-71.png", "icon_background_color": "#909CE1", "icon_mask_base_uri": "https://maps.gstatic.com/mapfiles/place_api/icons/v2/hotel_pinlet", "name": "Rylstone Caravan Park", "photos": [{"height": 3456, "html_attributions": ["<a href=\"https://maps.google.com/maps/contrib/109764181041158295312\">Bernard Cunningham</a>"], "photo_reference": "Aap_uECW-92bjUWdibk4nR6YWzB7nKhD4n6YTFhar-XwVh50RhoporlAlxtHQjJhJIOmik1c22wKgGVGeg7dlIhRUxcQcfdiIhzNdVlsTBRUOD87-UFT8ErqPcb0QH0j4-zNAkEfTb4S2D_ZYVAfvUIEj-PHYXFSdhKq9hTyM8c5N1h452bZ", "width": 4608}], "place_id": "ChIJNSZ_ALDTDWsReL3dDyM4Uqo", "plus_code": {"compound_code": "5XX9+Q5 Rylstone, New South Wales, Australia", "global_code": "4RVF5XX9+Q5"}, "rating": 3.7, "reference": "ChIJNSZ_ALDTDWsReL3dDyM4Uqo", "scope": "GOOGLE", "types": ["rv_park", "lodging", "point_of_interest", "establishment"], "user_ratings_total": 60, "vicinity": "7 Carwell St, Rylstone"}}, {"bus_status": "OPERATIONAL", "name": "Bushlands Tourist Park", "geo": {"location": {"lat": -32.794884, "lng": 149.557128}, "viewport": {"northeast": {"lat": -32.79396647010728, "lng": 149.5582857298927}, "southwest": {"lat": -32.79666612989272, "lng": 149.5555860701072}}}, "distance": 1000000, "hour": {"open_now": true}, "photo": "Aap_uEARkKbQllD0Mot-a1j_ddHrZJIN3KwTRo2QFe0wzRvrGeECwrMy_20L7IqHei18eUgUqX2ROkq5AdpWLALIYboyH6jV6KwqZl9zpd5QOjwD7TEhO6NywNztR1P89x2ceRSPcqC3ZpuPC6IziiE2_vnqTKr_pHWFkIcLPwrFwzGWl1zN", "price_level": "", "rating": 4.3, "stars": ["checked", "checked", "checked", "checked", ""], "tags": ["rv_park", "lodging", "point_of_interest", "establishment"], "user_total_rating": 45, "address": "1879 Windeyer Rd, Windeyer", "map": "https://www.google.com/maps/place/?q=place_id:ChIJacQxtWtmDmsRPaY8SFJoTDs", "row": {"business_status": "OPERATIONAL", "geometry": {"location": {"lat": -32.794884, "lng": 149.557128}, "viewport": {"northeast": {"lat": -32.79396647010728, "lng": 149.5582857298927}, "southwest": {"lat": -32.79666612989272, "lng": 149.5555860701072}}}, "icon": "https://maps.gstatic.com/mapfiles/place_api/icons/v1/png_71/lodging-71.png", "icon_background_color": "#909CE1", "icon_mask_base_uri": "https://maps.gstatic.com/mapfiles/place_api/icons/v2/hotel_pinlet", "name": "Bushlands Tourist Park", "opening_hours": {"open_now": true}, "photos": [{"height": 400, "html_attributions": ["<a href=\"https://maps.google.com/maps/contrib/100129905570232232987\">Bushlands Tourist Park</a>"], "photo_reference": "Aap_uEARkKbQllD0Mot-a1j_ddHrZJIN3KwTRo2QFe0wzRvrGeECwrMy_20L7IqHei18eUgUqX2ROkq5AdpWLALIYboyH6jV6KwqZl9zpd5QOjwD7TEhO6NywNztR1P89x2ceRSPcqC3ZpuPC6IziiE2_vnqTKr_pHWFkIcLPwrFwzGWl1zN", "width": 600}], "place_id": "ChIJacQxtWtmDmsRPaY8SFJoTDs", "plus_code": {"compound_code": "6H44+2V Windeyer, New South Wales, Australia", "global_code": "4RVF6H44+2V"}, "rating": 4.3, "reference": "ChIJacQxtWtmDmsRPaY8SFJoTDs", "scope": "GOOGLE", "types": ["rv_park", "lodging", "point_of_interest", "establishment"], "user_ratings_total": 45, "vicinity": "1879 Windeyer Rd, Windeyer"}}]