[{"bus_status": "OPERATIONAL", "name": "Bermagui Fitness Factory", "geo": {"location": {"lat": -36.4448388, "lng": 150.0662978}, "viewport": {"northeast": {"lat": -36.44351327010728, "lng": 150.0676227298927}, "southwest": {"lat": -36.44621292989272, "lng": 150.0649230701073}}}, "distance": 1000000, "hour": {}, "photo": "", "price_level": "", "rating": 5, "stars": ["checked", "checked", "checked", "checked", "checked"], "tags": ["gym", "health", "point_of_interest", "establishment"], "user_total_rating": 1, "address": "7 Pine Dr, Narooma", "map": "https://www.google.com/maps/place/?q=place_id:ChIJH-C6B6xvPmsR3GlyD3x5TlA", "row": {"business_status": "OPERATIONAL", "geometry": {"location": {"lat": -36.4448388, "lng": 150.0662978}, "viewport": {"northeast": {"lat": -36.44351327010728, "lng": 150.0676227298927}, "southwest": {"lat": -36.44621292989272, "lng": 150.0649230701073}}}, "icon": "https://maps.gstatic.com/mapfiles/place_api/icons/v1/png_71/generic_business-71.png", "icon_background_color": "#7B9EB0", "icon_mask_base_uri": "https://maps.gstatic.com/mapfiles/place_api/icons/v2/generic_pinlet", "name": "Bermagui Fitness Factory", "opening_hours": {}, "place_id": "ChIJH-C6B6xvPmsR3GlyD3x5TlA", "plus_code": {"compound_code": "H348+3G Bermagui, New South Wales, Australia", "global_code": "4RMGH348+3G"}, "rating": 5, "reference": "ChIJH-C6B6xvPmsR3GlyD3x5TlA", "scope": "GOOGLE", "types": ["gym", "health", "point_of_interest", "establishment"], "user_ratings_total": 1, "vicinity": "7 Pine Dr, Narooma"}}, {"bus_status": "OPERATIONAL", "name": "United Fitness Studio", "geo": {"location": {"lat": -36.6726579, "lng": 149.8404839}, "viewport": {"northeast": {"lat": -36.67134642010728, "lng": 149.8421124798927}, "southwest": {"lat": -36.67404607989272, "lng": 149.8394128201072}}}, "distance": 1000000, "hour": {"open_now": true}, "photo": "Aap_uEDx_DKb9pc_M3TCdQLjkSOzfvJnOd7TrL8xzeg7pg--Ev_5XMcwfa__7rRBvYl5wxgAKnCMSPHrhQx40o0F82ttJyH14ZLsqqX7_PE_1SfM0vZL_3N3pcL3gC6pEx_lYI-dApZIXqmRWOZvNxs-psf4x2sIPDeDYP88CSW8AkWYN3Z4", "price_level": "", "rating": 4.8, "stars": ["checked", "checked", "checked", "checked", ""], "tags": ["gym", "health", "point_of_interest", "establishment"], "user_total_rating": 30, "address": "73 Auckland St, Bega", "map": "https://www.google.com/maps/place/?q=place_id:ChIJH3NcCekpPGsRFahbpNmuPQs", "row": {"business_status": "OPERATIONAL", "geometry": {"location": {"lat": -36.6726579, "lng": 149.8404839}, "viewport": {"northeast": {"lat": -36.67134642010728, "lng": 149.8421124798927}, "southwest": {"lat": -36.67404607989272, "lng": 149.8394128201072}}}, "icon": "https://maps.gstatic.com/mapfiles/place_api/icons/v1/png_71/generic_business-71.png", "icon_background_color": "#7B9EB0", "icon_mask_base_uri": "https://maps.gstatic.com/mapfiles/place_api/icons/v2/generic_pinlet", "name": "United Fitness Studio", "opening_hours": {"open_now": true}, "photos": [{"height": 1200, "html_attributions": ["<a href=\"https://maps.google.com/maps/contrib/118275001801110384256\">United Fitness Studio</a>"], "photo_reference": "Aap_uEDx_DKb9pc_M3TCdQLjkSOzfvJnOd7TrL8xzeg7pg--Ev_5XMcwfa__7rRBvYl5wxgAKnCMSPHrhQx40o0F82ttJyH14ZLsqqX7_PE_1SfM0vZL_3N3pcL3gC6pEx_lYI-dApZIXqmRWOZvNxs-psf4x2sIPDeDYP88CSW8AkWYN3Z4", "width": 1800}], "place_id": "ChIJH3NcCekpPGsRFahbpNmuPQs", "plus_code": {"compound_code": "8RGR+W5 Bega, New South Wales, Australia", "global_code": "4RMF8RGR+W5"}, "rating": 4.8, "reference": "ChIJH3NcCekpPGsRFahbpNmuPQs", "scope": "GOOGLE", "types": ["gym", "health", "point_of_interest", "establishment"], "user_ratings_total": 30, "vicinity": "73 Auckland St, Bega"}}, {"bus_status": "OPERATIONAL", "name": "Velocity Health & Fitness Club", "geo": {"location": {"lat": -36.675849, "lng": 149.845756}, "viewport": {"northeast": {"lat": -36.67447382010727, "lng": 149.8469538298927}, "southwest": {"lat": -36.67717347989272, "lng": 149.8442541701073}}}, "distance": 1000000, "hour": {"open_now": true}, "photo": "Aap_uEBOAeuqrqQNo6OTA6vdnhH9z4f9UynwGsHJcIBGVQOtz4bx2RBmfMSff7I9_424R7fNFbe55AV_OIbAJTjdH7LZ830u2y1-bi2mNzqjp6UKx8RLC9DI999qV4F3rildSfMZLWvJMFd-FeFOaCRta2Td1mShgOzf3Pq3QJYQwfYTn_Ok", "price_level": "", "rating": 4.4, "stars": ["checked", "checked", "checked", "checked", ""], "tags": ["gym", "health", "point_of_interest", "establishment"], "user_total_rating": 20, "address": "58A Parker St, Bega", "map": "https://www.google.com/maps/place/?q=place_id:ChIJS0WBlXSCPmsRzxKFYGPRXYg", "row": {"business_status": "OPERATIONAL", "geometry": {"location": {"lat": -36.675849, "lng": 149.845756}, "viewport": {"northeast": {"lat": -36.67447382010727, "lng": 149.8469538298927}, "southwest": {"lat": -36.67717347989272, "lng": 149.8442541701073}}}, "icon": "https://maps.gstatic.com/mapfiles/place_api/icons/v1/png_71/generic_business-71.png", "icon_background_color": "#7B9EB0", "icon_mask_base_uri": "https://maps.gstatic.com/mapfiles/place_api/icons/v2/generic_pinlet", "name": "Velocity Health & Fitness Club", "opening_hours": {"open_now": true}, "photos": [{"height": 480, "html_attributions": ["<a href=\"https://maps.google.com/maps/contrib/115931323796834147450\">Velocity Health and Fitness Club Bega</a>"], "photo_reference": "Aap_uEBOAeuqrqQNo6OTA6vdnhH9z4f9UynwGsHJcIBGVQOtz4bx2RBmfMSff7I9_424R7fNFbe55AV_OIbAJTjdH7LZ830u2y1-bi2mNzqjp6UKx8RLC9DI999qV4F3rildSfMZLWvJMFd-FeFOaCRta2Td1mShgOzf3Pq3QJYQwfYTn_Ok", "width": 640}], "place_id": "ChIJS0WBlXSCPmsRzxKFYGPRXYg", "plus_code": {"compound_code": "8RFW+M8 Bega, New South Wales, Australia", "global_code": "4RMF8RFW+M8"}, "rating": 4.4, "reference": "ChIJS0WBlXSCPmsRzxKFYGPRXYg", "scope": "GOOGLE", "types": ["gym", "health", "point_of_interest", "establishment"], "user_ratings_total": 20, "vicinity": "58A Parker St, Bega"}}, {"bus_status": "OPERATIONAL", "name": "School Of Strength Bega", "geo": {"location": {"lat": -36.67439, "lng": 149.840509}, "viewport": {"northeast": {"lat": -36.67305282010727, "lng": 149.8419466298928}, "southwest": {"lat": -36.67575247989272, "lng": 149.8392469701073}}}, "distance": 1000000, "hour": {"open_now": true}, "photo": "Aap_uECIZ7Te-ppxrjVgwBQyl-5HI00HpuZU-2YvvCDdVc_CxOBtOwg4wwYkqKjezt5_-HeFtc1MZ9pyMkuCd8Cr4BzBtdm5dK4kvASG2HbWzmaqvfPelFxomC-syhq_vOgTShwPFuUMHb90QT4y_Stzg10yRCiohbw_F8Mmty2GCM6ronji", "price_level": "", "rating": 4.4, "stars": ["checked", "checked", "checked", "checked", ""], "tags": ["gym", "health", "point_of_interest", "establishment"], "user_total_rating": 5, "address": "125 Auckland St, Bega", "map": "https://www.google.com/maps/place/?q=place_id:ChIJFa8ELNUpPGsRiPyF1Jdfhjs", "row": {"business_status": "OPERATIONAL", "geometry": {"location": {"lat": -36.67439, "lng": 149.840509}, "viewport": {"northeast": {"lat": -36.67305282010727, "lng": 149.8419466298928}, "southwest": {"lat": -36.67575247989272, "lng": 149.8392469701073}}}, "icon": "https://maps.gstatic.com/mapfiles/place_api/icons/v1/png_71/generic_business-71.png", "icon_background_color": "#7B9EB0", "icon_mask_base_uri": "https://maps.gstatic.com/mapfiles/place_api/icons/v2/generic_pinlet", "name": "School Of Strength Bega", "opening_hours": {"open_now": true}, "photos": [{"height": 2988, "html_attributions": ["<a href=\"https://maps.google.com/maps/contrib/117649595792996051929\">School Of Strength Bega</a>"], "photo_reference": "Aap_uECIZ7Te-ppxrjVgwBQyl-5HI00HpuZU-2YvvCDdVc_CxOBtOwg4wwYkqKjezt5_-HeFtc1MZ9pyMkuCd8Cr4BzBtdm5dK4kvASG2HbWzmaqvfPelFxomC-syhq_vOgTShwPFuUMHb90QT4y_Stzg10yRCiohbw_F8Mmty2GCM6ronji", "width": 5312}], "place_id": "ChIJFa8ELNUpPGsRiPyF1Jdfhjs", "plus_code": {"compound_code": "8RGR+66 Bega, New South Wales, Australia", "global_code": "4RMF8RGR+66"}, "rating": 4.4, "reference": "ChIJFa8ELNUpPGsRiPyF1Jdfhjs", "scope": "GOOGLE", "types": ["gym", "health", "point_of_interest", "establishment"], "user_ratings_total": 5, "vicinity": "125 Auckland St, Bega"}}, {"bus_status": "OPERATIONAL", "name": "Bega parkrun", "geo": {"location": {"lat": -36.6684617, "lng": 149.8521248}, "viewport": {"northeast": {"lat": -36.66711187010728, "lng": 149.8534746298927}, "southwest": {"lat": -36.66981152989273, "lng": 149.8507749701072}}}, "distance": 1000000, "hour": {"open_now": false}, "photo": "Aap_uEAoxf3_usb7PkTWP1IhAZVpJ890eeIO1v5JpU8lKCyAGdi7rX-8jISTw2eg2xEJjsmgIt0Zu4ICPZwEbGLTqCbUpnb5DmXn4EybRXH3hny3SGR9YBrVIcFCkXO1PN7xmLadc1KS4K8ubbbgBliHh6erjgPeKy8UyM9rDnGemqWGZsvy", "price_level": "", "rating": 4.6, "stars": ["checked", "checked", "checked", "checked", ""], "tags": ["health", "point_of_interest", "establishment"], "user_total_rating": 9, "address": "East St & Bridge St, Bega", "map": "https://www.google.com/maps/place/?q=place_id:ChIJz8WR0A-CPmsRViIfSU2N2T4", "row": {"business_status": "OPERATIONAL", "geometry": {"location": {"lat": -36.6684617, "lng": 149.8521248}, "viewport": {"northeast": {"lat": -36.66711187010728, "lng": 149.8534746298927}, "southwest": {"lat": -36.66981152989273, "lng": 149.8507749701072}}}, "icon": "https://maps.gstatic.com/mapfiles/place_api/icons/v1/png_71/generic_business-71.png", "icon_background_color": "#7B9EB0", "icon_mask_base_uri": "https://maps.gstatic.com/mapfiles/place_api/icons/v2/generic_pinlet", "name": "Bega parkrun", "opening_hours": {"open_now": false}, "photos": [{"height": 3036, "html_attributions": ["<a href=\"https://maps.google.com/maps/contrib/117309492744459698204\">Brad Hetharia</a>"], "photo_reference": "Aap_uEAoxf3_usb7PkTWP1IhAZVpJ890eeIO1v5JpU8lKCyAGdi7rX-8jISTw2eg2xEJjsmgIt0Zu4ICPZwEbGLTqCbUpnb5DmXn4EybRXH3hny3SGR9YBrVIcFCkXO1PN7xmLadc1KS4K8ubbbgBliHh6erjgPeKy8UyM9rDnGemqWGZsvy", "width": 4048}], "place_id": "ChIJz8WR0A-CPmsRViIfSU2N2T4", "plus_code": {"compound_code": "8VJ2+JR Bega, New South Wales, Australia", "global_code": "4RMF8VJ2+JR"}, "rating": 4.6, "reference": "ChIJz8WR0A-CPmsRViIfSU2N2T4", "scope": "GOOGLE", "types": ["health", "point_of_interest", "establishment"], "user_ratings_total": 9, "vicinity": "East St & Bridge St, Bega"}}, {"bus_status": "OPERATIONAL", "name": "Bermagui Country Club", "geo": {"location": {"lat": -36.428, "lng": 150.0738}, "viewport": {"northeast": {"lat": -36.42661937010728, "lng": 150.0749160298927}, "southwest": {"lat": -36.42931902989272, "lng": 150.0722163701073}}}, "distance": 1000000, "hour": {"open_now": true}, "photo": "Aap_uED8j7zludjCaBFkFH-fhqUwBM0JHPydkpjR_5-32jt2rWmDZ06p-Zu4kNNKtxDh4-1TVXIIaEh43iiIa4gXu-2nQTRBL97yR6x4XcuQ1BAQxmLwy6MueNYkt_XsnTrGj69VGYrNYeHcDsizDzl39HpzKLvmRsKUhe7XRtmdgSn0lm5H", "price_level": "", "rating": 4.1, "stars": ["checked", "checked", "checked", "checked", ""], "tags": ["bar", "point_of_interest", "establishment"], "user_total_rating": 257, "address": "Tuross St, Bermagui", "map": "https://www.google.com/maps/place/?q=place_id:ChIJARjyrlduPmsRYMr9c7UJBg8", "row": {"business_status": "OPERATIONAL", "geometry": {"location": {"lat": -36.428, "lng": 150.0738}, "viewport": {"northeast": {"lat": -36.42661937010728, "lng": 150.0749160298927}, "southwest": {"lat": -36.42931902989272, "lng": 150.0722163701073}}}, "icon": "https://maps.gstatic.com/mapfiles/place_api/icons/v1/png_71/generic_business-71.png", "icon_background_color": "#7B9EB0", "icon_mask_base_uri": "https://maps.gstatic.com/mapfiles/place_api/icons/v2/generic_pinlet", "name": "Bermagui Country Club", "opening_hours": {"open_now": true}, "photos": [{"height": 3024, "html_attributions": ["<a href=\"https://maps.google.com/maps/contrib/110879058331701986785\">A Google User</a>"], "photo_reference": "Aap_uED8j7zludjCaBFkFH-fhqUwBM0JHPydkpjR_5-32jt2rWmDZ06p-Zu4kNNKtxDh4-1TVXIIaEh43iiIa4gXu-2nQTRBL97yR6x4XcuQ1BAQxmLwy6MueNYkt_XsnTrGj69VGYrNYeHcDsizDzl39HpzKLvmRsKUhe7XRtmdgSn0lm5H", "width": 4032}], "place_id": "ChIJARjyrlduPmsRYMr9c7UJBg8", "plus_code": {"compound_code": "H3CF+RG Bermagui, New South Wales, Australia", "global_code": "4RMGH3CF+RG"}, "rating": 4.1, "reference": "ChIJARjyrlduPmsRYMr9c7UJBg8", "scope": "GOOGLE", "types": ["bar", "point_of_interest", "establishment"], "user_ratings_total": 257, "vicinity": "Tuross St, Bermagui"}}]