[{"bus_status": "OPERATIONAL", "name": "Forrest Beach", "geo": {"location": {"lat": -33.6105259, "lng": 115.4248567}, "viewport": {"northeast": {"lat": -33.5589809, "lng": 115.4746772}, "southwest": {"lat": -33.611174, "lng": 115.424029}}}, "distance": 1000000, "hour": "", "photo": "Aap_uEDsoZ_H3HT2sE7l3G8ocTq9QJehx9edMRgeKAHM61-h0EqpeEm-M8m4lwNpsUuCXwcpDmSgU3BIlBriX21GsarBUAwzN7ti8fXioU-7xoiomBjlGnl_vD7Bnnc4MRwdgtV_Fpg7Xr4Gp9s68q3jl7951FcRlgx9BmKee4N_cEAOUTv-", "price_level": "", "rating": 4.5, "stars": ["checked", "checked", "checked", "checked", ""], "tags": ["natural_feature", "establishment"], "user_total_rating": 16, "address": "Forrest Beach, Western Australia, Australia", "map": "https://www.google.com/maps/place/?q=place_id:ChIJM7cs9c88LioREN0xMXIrlQI", "row": {"business_status": "OPERATIONAL", "geometry": {"location": {"lat": -33.6105259, "lng": 115.4248567}, "viewport": {"northeast": {"lat": -33.5589809, "lng": 115.4746772}, "southwest": {"lat": -33.611174, "lng": 115.424029}}}, "icon": "https://maps.gstatic.com/mapfiles/place_api/icons/v1/png_71/geocode-71.png", "icon_background_color": "#7B9EB0", "icon_mask_base_uri": "https://maps.gstatic.com/mapfiles/place_api/icons/v2/generic_pinlet", "name": "Forrest Beach", "photos": [{"height": 6000, "html_attributions": ["<a href=\"https://maps.google.com/maps/contrib/116702906398907824525\">A Google User</a>"], "photo_reference": "Aap_uEDsoZ_H3HT2sE7l3G8ocTq9QJehx9edMRgeKAHM61-h0EqpeEm-M8m4lwNpsUuCXwcpDmSgU3BIlBriX21GsarBUAwzN7ti8fXioU-7xoiomBjlGnl_vD7Bnnc4MRwdgtV_Fpg7Xr4Gp9s68q3jl7951FcRlgx9BmKee4N_cEAOUTv-", "width": 8000}], "place_id": "ChIJM7cs9c88LioREN0xMXIrlQI", "rating": 4.5, "reference": "ChIJM7cs9c88LioREN0xMXIrlQI", "scope": "GOOGLE", "types": ["natural_feature", "establishment"], "user_ratings_total": 16, "vicinity": "Forrest Beach, Western Australia, Australia"}}, {"bus_status": "OPERATIONAL", "name": "Peppermint Grove Beach", "geo": {"location": {"lat": -33.5374181, "lng": 115.4950107}, "viewport": {"northeast": {"lat": -33.5188794, "lng": 115.5116159}, "southwest": {"lat": -33.5592155, "lng": 115.4743558}}}, "distance": 1000000, "hour": "", "photo": "Aap_uEB9F6J3BH8Z9_PTcsMH25w6CDof26VJ_zyLa2RnSjCJe3B_MBH4KXIMCdvtWXlSI3hM7CUNDolkYzxbVp0hrNthBD2VRA31aDOf5xfxwMymwMao4YmhpO4l-KPHLVRelUGzimVDHbAHp7lfhdEF-e40iU0PcpLsM80xheXuTJUT3v_U", "price_level": "", "rating": 4, "stars": ["checked", "checked", "checked", "checked", ""], "tags": ["natural_feature", "establishment"], "user_total_rating": 1, "address": "Peppermint Grove Beach, Western Australia 6271, Australia", "map": "https://www.google.com/maps/place/?q=place_id:ChIJ70vVuo8iLioRdxCHm7WQOfc", "row": {"business_status": "OPERATIONAL", "geometry": {"location": {"lat": -33.5374181, "lng": 115.4950107}, "viewport": {"northeast": {"lat": -33.5188794, "lng": 115.5116159}, "southwest": {"lat": -33.5592155, "lng": 115.4743558}}}, "icon": "https://maps.gstatic.com/mapfiles/place_api/icons/v1/png_71/geocode-71.png", "icon_background_color": "#7B9EB0", "icon_mask_base_uri": "https://maps.gstatic.com/mapfiles/place_api/icons/v2/generic_pinlet", "name": "Peppermint Grove Beach", "photos": [{"height": 1800, "html_attributions": ["<a href=\"https://maps.google.com/maps/contrib/104653271489275083445\">Dwaine Lee</a>"], "photo_reference": "Aap_uEB9F6J3BH8Z9_PTcsMH25w6CDof26VJ_zyLa2RnSjCJe3B_MBH4KXIMCdvtWXlSI3hM7CUNDolkYzxbVp0hrNthBD2VRA31aDOf5xfxwMymwMao4YmhpO4l-KPHLVRelUGzimVDHbAHp7lfhdEF-e40iU0PcpLsM80xheXuTJUT3v_U", "width": 4000}], "place_id": "ChIJ70vVuo8iLioRdxCHm7WQOfc", "rating": 4, "reference": "ChIJ70vVuo8iLioRdxCHm7WQOfc", "scope": "GOOGLE", "types": ["natural_feature", "establishment"], "user_ratings_total": 1, "vicinity": "Peppermint Grove Beach, Western Australia 6271, Australia"}}, {"bus_status": "OPERATIONAL", "name": "Wonnerup Beach", "geo": {"location": {"lat": -33.6163546, "lng": 115.4154152}, "viewport": {"northeast": {"lat": -33.610199, "lng": 115.424181}, "southwest": {"lat": -33.6253407, "lng": 115.4019274}}}, "distance": 1000000, "hour": "", "photo": "Aap_uEBkunBOhJq1olUzXyoX7Qdh6qxEw-qF6anxK8sX3lFQeINRxmrD8ZlfZ8ZvQrnjoJTimcv6RddmwCdnPZPA239CqpYF9grpLDGFO20A64QVSxQ765G7sjjeYGZlTDF-KiNvPS_TkdCOkvWQ5JRRCe78adU9ztWa-s4uLujUDvJRNe2t", "price_level": "", "rating": 4.7, "stars": ["checked", "checked", "checked", "checked", ""], "tags": ["natural_feature", "establishment"], "user_total_rating": 12, "address": "Wonnerup Beach, Western Australia, Australia", "map": "https://www.google.com/maps/place/?q=place_id:ChIJS9_2AY87LioR2DxgkgXYo0c", "row": {"business_status": "OPERATIONAL", "geometry": {"location": {"lat": -33.6163546, "lng": 115.4154152}, "viewport": {"northeast": {"lat": -33.610199, "lng": 115.424181}, "southwest": {"lat": -33.6253407, "lng": 115.4019274}}}, "icon": "https://maps.gstatic.com/mapfiles/place_api/icons/v1/png_71/geocode-71.png", "icon_background_color": "#7B9EB0", "icon_mask_base_uri": "https://maps.gstatic.com/mapfiles/place_api/icons/v2/generic_pinlet", "name": "Wonnerup Beach", "photos": [{"height": 2160, "html_attributions": ["<a href=\"https://maps.google.com/maps/contrib/109889782213687381383\">Alda Costa</a>"], "photo_reference": "Aap_uEBkunBOhJq1olUzXyoX7Qdh6qxEw-qF6anxK8sX3lFQeINRxmrD8ZlfZ8ZvQrnjoJTimcv6RddmwCdnPZPA239CqpYF9grpLDGFO20A64QVSxQ765G7sjjeYGZlTDF-KiNvPS_TkdCOkvWQ5JRRCe78adU9ztWa-s4uLujUDvJRNe2t", "width": 2880}], "place_id": "ChIJS9_2AY87LioR2DxgkgXYo0c", "rating": 4.7, "reference": "ChIJS9_2AY87LioR2DxgkgXYo0c", "scope": "GOOGLE", "types": ["natural_feature", "establishment"], "user_ratings_total": 12, "vicinity": "Wonnerup Beach, Western Australia, Australia"}}, {"bus_status": "OPERATIONAL", "name": "Forrest Beach Estate", "geo": {"location": {"lat": -33.581454, "lng": 115.4545279}, "viewport": {"northeast": {"lat": -33.5721578, "lng": 115.4705353}, "southwest": {"lat": -33.5907492, "lng": 115.4385205}}}, "distance": 1000000, "hour": "", "photo": "Aap_uEAT3jpue0OTdtN8th_XxCghY-PKPp2LZQWegxE9sCF74sGXSLoJtpiwfPPGXKD0tviOEufhFaGuLaS6Gy1dh--_zMO-uTlzKjIGJ1cfm-h9vl8NylHvjNWV0WEbqt1w3TlnGndsPTg8t4BLfZEEkYepVZienz_v2ubto8hryshSwsdJ", "price_level": "", "rating": 4.3, "stars": ["checked", "checked", "checked", "checked", ""], "tags": ["natural_feature", "establishment"], "user_total_rating": 9, "address": "Forrest Beach", "map": "https://www.google.com/maps/place/?q=place_id:ChIJexVNu8A8LioRfxq6wIKtLHg", "row": {"business_status": "OPERATIONAL", "geometry": {"location": {"lat": -33.581454, "lng": 115.4545279}, "viewport": {"northeast": {"lat": -33.5721578, "lng": 115.4705353}, "southwest": {"lat": -33.5907492, "lng": 115.4385205}}}, "icon": "https://maps.gstatic.com/mapfiles/place_api/icons/v1/png_71/geocode-71.png", "icon_background_color": "#7B9EB0", "icon_mask_base_uri": "https://maps.gstatic.com/mapfiles/place_api/icons/v2/generic_pinlet", "name": "Forrest Beach Estate", "photos": [{"height": 2268, "html_attributions": ["<a href=\"https://maps.google.com/maps/contrib/116030079099029107075\">Brian Sutherland</a>"], "photo_reference": "Aap_uEAT3jpue0OTdtN8th_XxCghY-PKPp2LZQWegxE9sCF74sGXSLoJtpiwfPPGXKD0tviOEufhFaGuLaS6Gy1dh--_zMO-uTlzKjIGJ1cfm-h9vl8NylHvjNWV0WEbqt1w3TlnGndsPTg8t4BLfZEEkYepVZienz_v2ubto8hryshSwsdJ", "width": 4032}], "place_id": "ChIJexVNu8A8LioRfxq6wIKtLHg", "rating": 4.3, "reference": "ChIJexVNu8A8LioRfxq6wIKtLHg", "scope": "GOOGLE", "types": ["natural_feature", "establishment"], "user_ratings_total": 9, "vicinity": "Forrest Beach"}}, {"bus_status": "for ", "name": "Forrest Beach", "geo": {"location": {"lat": -33.5725156, "lng": 115.4835203}, "viewport": {"northeast": {"lat": -33.5394483, "lng": 115.5147145}, "southwest": {"lat": -33.5964252, "lng": 115.4527902}}}, "distance": 1000000, "hour": "", "photo": "Aap_uEBJNVUn7hJvoex6fseRfWQTX2DrJ6n_5-nSfeGCbQxoT94GTSpHiXvlrnsxhH6fujMa2SM4q0so1hPYXnXroIQCB9EKKeCefTOsAWaIj8HmTLDGdT3HadNm1bsdnCR-86IpzwZDOQUjd8xc-i9f_uC3HH-sQP5XTlholTpM2VsocBvl", "price_level": "", "rating": 0, "stars": ["", "", "", "", ""], "tags": ["locality", "political"], "user_total_rating": 0, "address": "Forrest Beach WA 6271, Australia", "map": "https://www.google.com/maps/place/?q=place_id:ChIJ_RZZlC8jLioR4Op5JDj2AAQ", "row": {"geometry": {"location": {"lat": -33.5725156, "lng": 115.4835203}, "viewport": {"northeast": {"lat": -33.5394483, "lng": 115.5147145}, "southwest": {"lat": -33.5964252, "lng": 115.4527902}}}, "icon": "https://maps.gstatic.com/mapfiles/place_api/icons/v1/png_71/geocode-71.png", "icon_background_color": "#7B9EB0", "icon_mask_base_uri": "https://maps.gstatic.com/mapfiles/place_api/icons/v2/generic_pinlet", "name": "Forrest Beach", "photos": [{"height": 4032, "html_attributions": ["<a href=\"https://maps.google.com/maps/contrib/116905607164344097116\">Leisa Mc Donald</a>"], "photo_reference": "Aap_uEBJNVUn7hJvoex6fseRfWQTX2DrJ6n_5-nSfeGCbQxoT94GTSpHiXvlrnsxhH6fujMa2SM4q0so1hPYXnXroIQCB9EKKeCefTOsAWaIj8HmTLDGdT3HadNm1bsdnCR-86IpzwZDOQUjd8xc-i9f_uC3HH-sQP5XTlholTpM2VsocBvl", "width": 1960}], "place_id": "ChIJ_RZZlC8jLioR4Op5JDj2AAQ", "reference": "ChIJ_RZZlC8jLioR4Op5JDj2AAQ", "scope": "GOOGLE", "types": ["locality", "political"], "vicinity": "Forrest Beach WA 6271, Australia"}}, {"bus_status": "OPERATIONAL", "name": "Busselton Foreshore", "geo": {"location": {"lat": -33.645071, "lng": 115.3450174}, "viewport": {"northeast": {"lat": -33.64387502010728, "lng": 115.3462759298927}, "southwest": {"lat": -33.64657467989272, "lng": 115.3435762701073}}}, "distance": 1000000, "hour": {"open_now": true}, "photo": "Aap_uEDKksacajxJkD0PuF88TjrqBVXWkFvNiGqauII8qhWaenNhYzPwp9tW3j3LDyCJJsOnYShz32dFY3yvi-Bco7oP-Zl-Hy9EN1ChN3t9WV5J2qLF4vVQ2vz2b-MKMP2KJrTMULVQ2rG9ENPPmUjRvPJwISP76rVUziq73NjifjoUdhrn", "price_level": "", "rating": 4.7, "stars": ["checked", "checked", "checked", "checked", ""], "tags": ["park", "point_of_interest", "establishment"], "user_total_rating": 1301, "address": "Queen St, Busselton", "map": "https://www.google.com/maps/place/?q=place_id:ChIJ6cBnwzw5LioR1xS0qNa2sZg", "row": {"business_status": "OPERATIONAL", "geometry": {"location": {"lat": -33.645071, "lng": 115.3450174}, "viewport": {"northeast": {"lat": -33.64387502010728, "lng": 115.3462759298927}, "southwest": {"lat": -33.64657467989272, "lng": 115.3435762701073}}}, "icon": "https://maps.gstatic.com/mapfiles/place_api/icons/v1/png_71/park-71.png", "icon_background_color": "#4DB546", "icon_mask_base_uri": "https://maps.gstatic.com/mapfiles/place_api/icons/v2/tree_pinlet", "name": "Busselton Foreshore", "opening_hours": {"open_now": true}, "photos": [{"height": 3024, "html_attributions": ["<a href=\"https://maps.google.com/maps/contrib/112742298105360494451\">kelvin moore</a>"], "photo_reference": "Aap_uEDKksacajxJkD0PuF88TjrqBVXWkFvNiGqauII8qhWaenNhYzPwp9tW3j3LDyCJJsOnYShz32dFY3yvi-Bco7oP-Zl-Hy9EN1ChN3t9WV5J2qLF4vVQ2vz2b-MKMP2KJrTMULVQ2rG9ENPPmUjRvPJwISP76rVUziq73NjifjoUdhrn", "width": 4032}], "place_id": "ChIJ6cBnwzw5LioR1xS0qNa2sZg", "plus_code": {"compound_code": "983W+X2 Busselton, Western Australia, Australia", "global_code": "4PRQ983W+X2"}, "rating": 4.7, "reference": "ChIJ6cBnwzw5LioR1xS0qNa2sZg", "scope": "GOOGLE", "types": ["park", "point_of_interest", "establishment"], "user_ratings_total": 1301, "vicinity": "Queen St, Busselton"}}, {"bus_status": "OPERATIONAL", "name": "Forrest Beach", "geo": {"location": {"lat": -33.5728892, "lng": 115.46085}, "viewport": {"northeast": {"lat": -33.57164272010728, "lng": 115.4623561798927}, "southwest": {"lat": -33.57434237989272, "lng": 115.4596565201073}}}, "distance": 1000000, "hour": {"open_now": true}, "photo": "Aap_uEBjVW0U_ZPAXRR1odXLxyAnID72p_cmdK7FCFEkNnV4LRn17eEK3tAHogoWvA0Nvnn5YqpUDBz22fX520ZivBDGQA7Nc2uBwd4wD9dNmXxg2KmhMr8tQJxxE6hSYCi98eLyagyn5auWnv7PK-2EXC6J7Sw1QDvpOCoOsSL3DFlaFVFw", "price_level": "", "rating": 4.6, "stars": ["checked", "checked", "checked", "checked", ""], "tags": ["point_of_interest", "establishment"], "user_total_rating": 27, "address": "639 Forrest Beach Rd, Forrest Beach", "map": "https://www.google.com/maps/place/?q=place_id:ChIJY6qhgsU8LioRNRbPyjJRYmY", "row": {"business_status": "OPERATIONAL", "geometry": {"location": {"lat": -33.5728892, "lng": 115.46085}, "viewport": {"northeast": {"lat": -33.57164272010728, "lng": 115.4623561798927}, "southwest": {"lat": -33.57434237989272, "lng": 115.4596565201073}}}, "icon": "https://maps.gstatic.com/mapfiles/place_api/icons/v1/png_71/generic_business-71.png", "icon_background_color": "#7B9EB0", "icon_mask_base_uri": "https://maps.gstatic.com/mapfiles/place_api/icons/v2/generic_pinlet", "name": "Forrest Beach", "opening_hours": {"open_now": true}, "photos": [{"height": 3024, "html_attributions": ["<a href=\"https://maps.google.com/maps/contrib/108432447085790558187\">Ellie Clare</a>"], "photo_reference": "Aap_uEBjVW0U_ZPAXRR1odXLxyAnID72p_cmdK7FCFEkNnV4LRn17eEK3tAHogoWvA0Nvnn5YqpUDBz22fX520ZivBDGQA7Nc2uBwd4wD9dNmXxg2KmhMr8tQJxxE6hSYCi98eLyagyn5auWnv7PK-2EXC6J7Sw1QDvpOCoOsSL3DFlaFVFw", "width": 4032}], "place_id": "ChIJY6qhgsU8LioRNRbPyjJRYmY", "plus_code": {"compound_code": "CFG6+R8 Forrest Beach, Western Australia, Australia", "global_code": "4PRQCFG6+R8"}, "rating": 4.6, "reference": "ChIJY6qhgsU8LioRNRbPyjJRYmY", "scope": "GOOGLE", "types": ["point_of_interest", "establishment"], "user_ratings_total": 27, "vicinity": "639 Forrest Beach Rd, Forrest Beach"}}]