[{"bus_status": "OPERATIONAL", "name": "AquaPet", "geo": {"location": {"lat": -37.7919793, "lng": 144.7721524}, "viewport": {"northeast": {"lat": -37.79031417010728, "lng": 144.7734036798927}, "southwest": {"lat": -37.79301382989272, "lng": 144.7707040201073}}}, "distance": 1000000, "hour": {"open_now": false}, "photo": "Aap_uEDFQL51J0nIp9XAfymTQjI0RAIassWljVGdLVn8yfCAghyhR3mK5sCUta4hY5KVmo5Upo8cm42jRGV2UHst9m3FBgp-e_zH6UuVpUUQEpmUev8QqEiSwTbMEFPj8kHlus-novGCEs8E5uAl3h8eBxbhm68PBJcLOdnUUsYkJ7Eez95u", "price_level": "", "rating": 4.5, "stars": ["checked", "checked", "checked", "checked", ""], "tags": ["aquarium", "point_of_interest", "establishment"], "user_total_rating": 234, "address": "5/2 Castro Way, Derrimut", "map": "https://www.google.com/maps/place/?q=place_id:ChIJnznhNoGL1moRvfIUpWcpwww", "row": {"business_status": "OPERATIONAL", "geometry": {"location": {"lat": -37.7919793, "lng": 144.7721524}, "viewport": {"northeast": {"lat": -37.79031417010728, "lng": 144.7734036798927}, "southwest": {"lat": -37.79301382989272, "lng": 144.7707040201073}}}, "icon": "https://maps.gstatic.com/mapfiles/place_api/icons/v1/png_71/generic_business-71.png", "icon_background_color": "#13B5C7", "icon_mask_base_uri": "https://maps.gstatic.com/mapfiles/place_api/icons/v2/generic_pinlet", "name": "AquaPet", "opening_hours": {"open_now": false}, "photos": [{"height": 810, "html_attributions": ["<a href=\"https://maps.google.com/maps/contrib/108974112199108311577\">A Google User</a>"], "photo_reference": "Aap_uEDFQL51J0nIp9XAfymTQjI0RAIassWljVGdLVn8yfCAghyhR3mK5sCUta4hY5KVmo5Upo8cm42jRGV2UHst9m3FBgp-e_zH6UuVpUUQEpmUev8QqEiSwTbMEFPj8kHlus-novGCEs8E5uAl3h8eBxbhm68PBJcLOdnUUsYkJ7Eez95u", "width": 1440}], "place_id": "ChIJnznhNoGL1moRvfIUpWcpwww", "plus_code": {"compound_code": "6Q5C+6V Derrimut, Victoria, Australia", "global_code": "4RJ66Q5C+6V"}, "rating": 4.5, "reference": "ChIJnznhNoGL1moRvfIUpWcpwww", "scope": "GOOGLE", "types": ["aquarium", "point_of_interest", "establishment"], "user_ratings_total": 234, "vicinity": "5/2 Castro Way, Derrimut"}}, {"bus_status": "OPERATIONAL", "name": "Deer Park Aquarium", "geo": {"location": {"lat": -37.771313, "lng": 144.774239}, "viewport": {"northeast": {"lat": -37.76990957010728, "lng": 144.7755635298927}, "southwest": {"lat": -37.77260922989272, "lng": 144.7728638701073}}}, "distance": 1000000, "hour": {"open_now": false}, "photo": "Aap_uEAaOVuZmzrmoVOjbHyXguXoyammI0k53fSs11WuONw4GdkD3WvBGWhdf17CayItiXTW26M6JL_QDjgt4NjLyfhK3BKxuIs0v9kUXIDcrszdjj6Tl9lsWVZw9q3kwC3UUrNhnVVGKYXx0TQ_htCbm0pIecFrrhzOItz7EaoH3frGlGPE", "price_level": "", "rating": 4.6, "stars": ["checked", "checked", "checked", "checked", ""], "tags": ["pet_store", "point_of_interest", "store", "establishment"], "user_total_rating": 114, "address": "4/87 Station Rd, Deer Park", "map": "https://www.google.com/maps/place/?q=place_id:ChIJy6BJ_62K1moR9J5t1vhMQRk", "row": {"business_status": "OPERATIONAL", "geometry": {"location": {"lat": -37.771313, "lng": 144.774239}, "viewport": {"northeast": {"lat": -37.76990957010728, "lng": 144.7755635298927}, "southwest": {"lat": -37.77260922989272, "lng": 144.7728638701073}}}, "icon": "https://maps.gstatic.com/mapfiles/place_api/icons/v1/png_71/shopping-71.png", "icon_background_color": "#4B96F3", "icon_mask_base_uri": "https://maps.gstatic.com/mapfiles/place_api/icons/v2/shopping_pinlet", "name": "Deer Park Aquarium", "opening_hours": {"open_now": false}, "photos": [{"height": 4032, "html_attributions": ["<a href=\"https://maps.google.com/maps/contrib/112775747409249034273\">Michelle Conabere</a>"], "photo_reference": "Aap_uEAaOVuZmzrmoVOjbHyXguXoyammI0k53fSs11WuONw4GdkD3WvBGWhdf17CayItiXTW26M6JL_QDjgt4NjLyfhK3BKxuIs0v9kUXIDcrszdjj6Tl9lsWVZw9q3kwC3UUrNhnVVGKYXx0TQ_htCbm0pIecFrrhzOItz7EaoH3frGlGPE", "width": 3024}], "place_id": "ChIJy6BJ_62K1moR9J5t1vhMQRk", "plus_code": {"compound_code": "6QHF+FM Deer Park, Victoria, Australia", "global_code": "4RJ66QHF+FM"}, "rating": 4.6, "reference": "ChIJy6BJ_62K1moR9J5t1vhMQRk", "scope": "GOOGLE", "types": ["pet_store", "point_of_interest", "store", "establishment"], "user_ratings_total": 114, "vicinity": "4/87 Station Rd, Deer Park"}}, {"bus_status": "OPERATIONAL", "name": "Williamstown Aquarium", "geo": {"location": {"lat": -37.854143, "lng": 144.860273}, "viewport": {"northeast": {"lat": -37.85291077010729, "lng": 144.8616188298927}, "southwest": {"lat": -37.85561042989273, "lng": 144.8589191701073}}}, "distance": 1000000, "hour": {"open_now": false}, "photo": "Aap_uEBGJxnZT1EYcDAjfmdHWsycZo5DTIvf_Y5aZTnAn70LP3VLg69GJbb3vUNh64hL196enagVcz1CgN4E1Jb3qfuv3lfKk5X97-n3rbUFcfVmAUPLiQ-IVkHMsWP_LDi0Cq2-ForkmyMDyDEKTm9GtqV4m9WUXMusGcSBxUa1GXdLL_lx", "price_level": "", "rating": 4.6, "stars": ["checked", "checked", "checked", "checked", ""], "tags": ["pet_store", "point_of_interest", "store", "establishment"], "user_total_rating": 255, "address": "368 Kororoit Creek Rd, Williamstown North", "map": "https://www.google.com/maps/place/?q=place_id:ChIJxYY7skdh1moR-fgmIvmzEfc", "row": {"business_status": "OPERATIONAL", "geometry": {"location": {"lat": -37.854143, "lng": 144.860273}, "viewport": {"northeast": {"lat": -37.85291077010729, "lng": 144.8616188298927}, "southwest": {"lat": -37.85561042989273, "lng": 144.8589191701073}}}, "icon": "https://maps.gstatic.com/mapfiles/place_api/icons/v1/png_71/shopping-71.png", "icon_background_color": "#4B96F3", "icon_mask_base_uri": "https://maps.gstatic.com/mapfiles/place_api/icons/v2/shopping_pinlet", "name": "Williamstown Aquarium", "opening_hours": {"open_now": false}, "photos": [{"height": 3024, "html_attributions": ["<a href=\"https://maps.google.com/maps/contrib/112775747409249034273\">Michelle Conabere</a>"], "photo_reference": "Aap_uEBGJxnZT1EYcDAjfmdHWsycZo5DTIvf_Y5aZTnAn70LP3VLg69GJbb3vUNh64hL196enagVcz1CgN4E1Jb3qfuv3lfKk5X97-n3rbUFcfVmAUPLiQ-IVkHMsWP_LDi0Cq2-ForkmyMDyDEKTm9GtqV4m9WUXMusGcSBxUa1GXdLL_lx", "width": 4032}], "place_id": "ChIJxYY7skdh1moR-fgmIvmzEfc", "plus_code": {"compound_code": "4VW6+84 Williamstown North, Victoria, Australia", "global_code": "4RJ64VW6+84"}, "rating": 4.6, "reference": "ChIJxYY7skdh1moR-fgmIvmzEfc", "scope": "GOOGLE", "types": ["pet_store", "point_of_interest", "store", "establishment"], "user_ratings_total": 255, "vicinity": "368 Kororoit Creek Rd, Williamstown North"}}, {"bus_status": "OPERATIONAL", "name": "Aquatico Aquarium", "geo": {"location": {"lat": -37.7774395, "lng": 144.8780132}, "viewport": {"northeast": {"lat": -37.77595057010728, "lng": 144.8792165798928}, "southwest": {"lat": -37.77865022989272, "lng": 144.8765169201073}}}, "distance": 1000000, "hour": {"open_now": false}, "photo": "Aap_uEBadqYN19R9SaToaE7KAnbQUIAh_bduYstCXekZufMciS5gQFu7809m2JNZfnewlxyysa9Hm2iX-nHNa2qSk6wfTSLfLLgeychO-HqXD8-bz5up9aotTCIYf5T1peTt7lKp0eBtntxbKl_tFOL5EQqCZfOExhW97ENnpue2WMaoU-SH", "price_level": "", "rating": 4.5, "stars": ["checked", "checked", "checked", "checked", ""], "tags": ["pet_store", "point_of_interest", "store", "establishment"], "user_total_rating": 121, "address": "8/72-80 Hampstead Rd, Maidstone", "map": "https://www.google.com/maps/place/?q=place_id:ChIJGz6Gatld1moR4wFGhgV-wQs", "row": {"business_status": "OPERATIONAL", "geometry": {"location": {"lat": -37.7774395, "lng": 144.8780132}, "viewport": {"northeast": {"lat": -37.77595057010728, "lng": 144.8792165798928}, "southwest": {"lat": -37.77865022989272, "lng": 144.8765169201073}}}, "icon": "https://maps.gstatic.com/mapfiles/place_api/icons/v1/png_71/shopping-71.png", "icon_background_color": "#4B96F3", "icon_mask_base_uri": "https://maps.gstatic.com/mapfiles/place_api/icons/v2/shopping_pinlet", "name": "Aquatico Aquarium", "opening_hours": {"open_now": false}, "photos": [{"height": 3024, "html_attributions": ["<a href=\"https://maps.google.com/maps/contrib/102372582425848629995\">A Google User</a>"], "photo_reference": "Aap_uEBadqYN19R9SaToaE7KAnbQUIAh_bduYstCXekZufMciS5gQFu7809m2JNZfnewlxyysa9Hm2iX-nHNa2qSk6wfTSLfLLgeychO-HqXD8-bz5up9aotTCIYf5T1peTt7lKp0eBtntxbKl_tFOL5EQqCZfOExhW97ENnpue2WMaoU-SH", "width": 4032}], "place_id": "ChIJGz6Gatld1moR4wFGhgV-wQs", "plus_code": {"compound_code": "6VFH+26 Maidstone, Victoria, Australia", "global_code": "4RJ66VFH+26"}, "rating": 4.5, "reference": "ChIJGz6Gatld1moR4wFGhgV-wQs", "scope": "GOOGLE", "types": ["pet_store", "point_of_interest", "store", "establishment"], "user_ratings_total": 121, "vicinity": "8/72-80 Hampstead Rd, Maidstone"}}, {"bus_status": "OPERATIONAL", "name": "SEA LIFE Melbourne Aquarium", "geo": {"location": {"lat": -37.820627, "lng": 144.95822}, "viewport": {"northeast": {"lat": -37.81944757010727, "lng": 144.9593538298927}, "southwest": {"lat": -37.82214722989271, "lng": 144.9566541701072}}}, "distance": 1000000, "hour": {"open_now": false}, "photo": "Aap_uECpvLjQMYlSbvrrA8hFY4lK1JKyn6iFT9_JiVY-gkjMMsoB7TReOFVZIbOS9xQaRzeuSFT6FGWd4MRkm-mGBwUEVaxkl8dOfuQNztm5ABixsh35TlRfwksMtzewDwJQRHwliCLqd4Wd2FV5DGtRbq_u1T4E2wfEhBrlFHrPWTAbvzWT", "price_level": "", "rating": 4.3, "stars": ["checked", "checked", "checked", "checked", ""], "tags": ["aquarium", "tourist_attraction", "point_of_interest", "establishment"], "user_total_rating": 11536, "address": "King St, Melbourne", "map": "https://www.google.com/maps/place/?q=place_id:ChIJ_QzhcE1d1moR9rtoKagNPOI", "row": {"business_status": "OPERATIONAL", "geometry": {"location": {"lat": -37.820627, "lng": 144.95822}, "viewport": {"northeast": {"lat": -37.81944757010727, "lng": 144.9593538298927}, "southwest": {"lat": -37.82214722989271, "lng": 144.9566541701072}}}, "icon": "https://maps.gstatic.com/mapfiles/place_api/icons/v1/png_71/generic_business-71.png", "icon_background_color": "#13B5C7", "icon_mask_base_uri": "https://maps.gstatic.com/mapfiles/place_api/icons/v2/generic_pinlet", "name": "SEA LIFE Melbourne Aquarium", "opening_hours": {"open_now": false}, "photos": [{"height": 2268, "html_attributions": ["<a href=\"https://maps.google.com/maps/contrib/107466565567708153899\">\uc8fc\ubbfc\uacbd</a>"], "photo_reference": "Aap_uECpvLjQMYlSbvrrA8hFY4lK1JKyn6iFT9_JiVY-gkjMMsoB7TReOFVZIbOS9xQaRzeuSFT6FGWd4MRkm-mGBwUEVaxkl8dOfuQNztm5ABixsh35TlRfwksMtzewDwJQRHwliCLqd4Wd2FV5DGtRbq_u1T4E2wfEhBrlFHrPWTAbvzWT", "width": 4032}], "place_id": "ChIJ_QzhcE1d1moR9rtoKagNPOI", "plus_code": {"compound_code": "5XH5+P7 Melbourne, Victoria, Australia", "global_code": "4RJ65XH5+P7"}, "rating": 4.3, "reference": "ChIJ_QzhcE1d1moR9rtoKagNPOI", "scope": "GOOGLE", "types": ["aquarium", "tourist_attraction", "point_of_interest", "establishment"], "user_ratings_total": 11536, "vicinity": "King St, Melbourne"}}, {"bus_status": "OPERATIONAL", "name": "Coburg Aquarium", "geo": {"location": {"lat": -37.740127, "lng": 144.957041}, "viewport": {"northeast": {"lat": -37.73872797010727, "lng": 144.9582869298927}, "southwest": {"lat": -37.74142762989272, "lng": 144.9555872701073}}}, "distance": 1000000, "hour": {"open_now": false}, "photo": "Aap_uEC3w4T19iYudfyWz9_K4oELOQAFqaeBp2uAF5JoWu6TuJceisZQp-tjaAfhPodLd-FY6ax9kxcSL7lROP95fsRZ9MYOJ4WytH3X42gR42ywwJmBv49P3eIwa-Bzli-m-vAiPsjCkfihoUxhloFVblu7yb8a0i3MkonufYggDYbZLOx1", "price_level": "", "rating": 4.2, "stars": ["checked", "checked", "checked", "checked", ""], "tags": ["pet_store", "point_of_interest", "store", "establishment"], "user_total_rating": 1079, "address": "232-236 Bell St, Coburg", "map": "https://www.google.com/maps/place/?q=place_id:ChIJBdCc1rVE1moRVhu8csshtfg", "row": {"business_status": "OPERATIONAL", "geometry": {"location": {"lat": -37.740127, "lng": 144.957041}, "viewport": {"northeast": {"lat": -37.73872797010727, "lng": 144.9582869298927}, "southwest": {"lat": -37.74142762989272, "lng": 144.9555872701073}}}, "icon": "https://maps.gstatic.com/mapfiles/place_api/icons/v1/png_71/shopping-71.png", "icon_background_color": "#4B96F3", "icon_mask_base_uri": "https://maps.gstatic.com/mapfiles/place_api/icons/v2/shopping_pinlet", "name": "Coburg Aquarium", "opening_hours": {"open_now": false}, "photos": [{"height": 3024, "html_attributions": ["<a href=\"https://maps.google.com/maps/contrib/109038103057907679937\">Minh Huynh</a>"], "photo_reference": "Aap_uEC3w4T19iYudfyWz9_K4oELOQAFqaeBp2uAF5JoWu6TuJceisZQp-tjaAfhPodLd-FY6ax9kxcSL7lROP95fsRZ9MYOJ4WytH3X42gR42ywwJmBv49P3eIwa-Bzli-m-vAiPsjCkfihoUxhloFVblu7yb8a0i3MkonufYggDYbZLOx1", "width": 4032}], "place_id": "ChIJBdCc1rVE1moRVhu8csshtfg", "plus_code": {"compound_code": "7X54+WR Coburg, Victoria, Australia", "global_code": "4RJ67X54+WR"}, "rating": 4.2, "reference": "ChIJBdCc1rVE1moRVhu8csshtfg", "scope": "GOOGLE", "types": ["pet_store", "point_of_interest", "store", "establishment"], "user_ratings_total": 1079, "vicinity": "232-236 Bell St, Coburg"}}, {"bus_status": "OPERATIONAL", "name": "Lifestyle Aquariums", "geo": {"location": {"lat": -37.7713158, "lng": 144.7742107}, "viewport": {"northeast": {"lat": -37.76990817010728, "lng": 144.7755421798927}, "southwest": {"lat": -37.77260782989272, "lng": 144.7728425201073}}}, "distance": 1000000, "hour": {"open_now": false}, "photo": "Aap_uEDi3YCc8wjd-hDGnS8RXEj67LmhO3Uq1c4CtWwl-WrH4Q4IkbTxPcApldLd9ebgFt6K1yuQTZeEh17lH6Wnd-vN_U4RLektVjLGtr2P2SAs4n1J9k6Q03SYgTPBQeh2UabjVCVZHJWGFI9zd5kk9MCMZ4CI4oHEPY6hHG0KsVibWjwS", "price_level": "", "rating": 4.4, "stars": ["checked", "checked", "checked", "checked", ""], "tags": ["pet_store", "point_of_interest", "store", "establishment"], "user_total_rating": 15, "address": "77/87 Keilor-Laverton Rd, Deer Park", "map": "https://www.google.com/maps/place/?q=place_id:ChIJdWq7_q2K1moR29Z3u44Jv_o", "row": {"business_status": "OPERATIONAL", "geometry": {"location": {"lat": -37.7713158, "lng": 144.7742107}, "viewport": {"northeast": {"lat": -37.76990817010728, "lng": 144.7755421798927}, "southwest": {"lat": -37.77260782989272, "lng": 144.7728425201073}}}, "icon": "https://maps.gstatic.com/mapfiles/place_api/icons/v1/png_71/shopping-71.png", "icon_background_color": "#4B96F3", "icon_mask_base_uri": "https://maps.gstatic.com/mapfiles/place_api/icons/v2/shopping_pinlet", "name": "Lifestyle Aquariums", "opening_hours": {"open_now": false}, "photos": [{"height": 822, "html_attributions": ["<a href=\"https://maps.google.com/maps/contrib/112440515585549508849\">kimei heng</a>"], "photo_reference": "Aap_uEDi3YCc8wjd-hDGnS8RXEj67LmhO3Uq1c4CtWwl-WrH4Q4IkbTxPcApldLd9ebgFt6K1yuQTZeEh17lH6Wnd-vN_U4RLektVjLGtr2P2SAs4n1J9k6Q03SYgTPBQeh2UabjVCVZHJWGFI9zd5kk9MCMZ4CI4oHEPY6hHG0KsVibWjwS", "width": 1461}], "place_id": "ChIJdWq7_q2K1moR29Z3u44Jv_o", "plus_code": {"compound_code": "6QHF+FM Deer Park, Victoria, Australia", "global_code": "4RJ66QHF+FM"}, "rating": 4.4, "reference": "ChIJdWq7_q2K1moR29Z3u44Jv_o", "scope": "GOOGLE", "types": ["pet_store", "point_of_interest", "store", "establishment"], "user_ratings_total": 15, "vicinity": "77/87 Keilor-Laverton Rd, Deer Park"}}, {"bus_status": "OPERATIONAL", "name": "V & L Aquarium", "geo": {"location": {"lat": -37.744145, "lng": 145.002708}, "viewport": {"northeast": {"lat": -37.74280412010728, "lng": 145.0042137798927}, "southwest": {"lat": -37.74550377989272, "lng": 145.0015141201073}}}, "distance": 1000000, "hour": {"open_now": false}, "photo": "Aap_uEBXSZXtP6-y23HtkY-O62ynTy2aW9uxxu8AwqPvc4MUpgxbb0PyOH8jhk-B6nXpcGyfZDK5VvzylAU8l7DQ2LuO33y4KvdC_GZNnKowUoqI0aF0sqzUdvCp8IOECjXfOmvScjettI1e5D0lVq-Uun9TN_eECza30zV6X47VyKy0stA", "price_level": "", "rating": 4.7, "stars": ["checked", "checked", "checked", "checked", ""], "tags": ["pet_store", "point_of_interest", "store", "establishment"], "user_total_rating": 91, "address": "259 High St, Preston", "map": "https://www.google.com/maps/place/?q=place_id:ChIJOYSDrPdE1moRyymJ7aYybYk", "row": {"business_status": "OPERATIONAL", "geometry": {"location": {"lat": -37.744145, "lng": 145.002708}, "viewport": {"northeast": {"lat": -37.74280412010728, "lng": 145.0042137798927}, "southwest": {"lat": -37.74550377989272, "lng": 145.0015141201073}}}, "icon": "https://maps.gstatic.com/mapfiles/place_api/icons/v1/png_71/shopping-71.png", "icon_background_color": "#4B96F3", "icon_mask_base_uri": "https://maps.gstatic.com/mapfiles/place_api/icons/v2/shopping_pinlet", "name": "V & L Aquarium", "opening_hours": {"open_now": false}, "photos": [{"height": 3024, "html_attributions": ["<a href=\"https://maps.google.com/maps/contrib/102827686654539049214\">Fun Kwok</a>"], "photo_reference": "Aap_uEBXSZXtP6-y23HtkY-O62ynTy2aW9uxxu8AwqPvc4MUpgxbb0PyOH8jhk-B6nXpcGyfZDK5VvzylAU8l7DQ2LuO33y4KvdC_GZNnKowUoqI0aF0sqzUdvCp8IOECjXfOmvScjettI1e5D0lVq-Uun9TN_eECza30zV6X47VyKy0stA", "width": 4032}], "place_id": "ChIJOYSDrPdE1moRyymJ7aYybYk", "plus_code": {"compound_code": "7243+83 Preston, Victoria, Australia", "global_code": "4RJ77243+83"}, "rating": 4.7, "reference": "ChIJOYSDrPdE1moRyymJ7aYybYk", "scope": "GOOGLE", "types": ["pet_store", "point_of_interest", "store", "establishment"], "user_ratings_total": 91, "vicinity": "259 High St, Preston"}}, {"bus_status": "OPERATIONAL", "name": "Starfire Aquatics Custom Built Aquariums Melbourne", "geo": {"location": {"lat": -37.8298689, "lng": 144.950601}, "viewport": {"northeast": {"lat": -37.82844517010727, "lng": 144.9518134298927}, "southwest": {"lat": -37.83114482989272, "lng": 144.9491137701073}}}, "distance": 1000000, "hour": {"open_now": false}, "photo": "Aap_uEDvHmseFHM0TbvJ2vkvFNAxBplQr8c2ScNqQgGoCMNxxF_cbrV_90LVkQce-xUmBtBPjQnK0COCgBw4yGrcUHsB0DOmkK9ENLyR1T0OI6QPbNu8i7hBaNoWZb_f5qKlCesJLH8Ee-mBCDPOTnWaRcfZp5D7-QHD5aekxfFyBny-nBke", "price_level": "", "rating": 5, "stars": ["checked", "checked", "checked", "checked", "checked"], "tags": ["pet_store", "point_of_interest", "store", "establishment"], "user_total_rating": 47, "address": "G01/87 Gladstone St, South Melbourne", "map": "https://www.google.com/maps/place/?q=place_id:ChIJ58jcETNn1moRT4GRDa4Wb4A", "row": {"business_status": "OPERATIONAL", "geometry": {"location": {"lat": -37.8298689, "lng": 144.950601}, "viewport": {"northeast": {"lat": -37.82844517010727, "lng": 144.9518134298927}, "southwest": {"lat": -37.83114482989272, "lng": 144.9491137701073}}}, "icon": "https://maps.gstatic.com/mapfiles/place_api/icons/v1/png_71/generic_business-71.png", "icon_background_color": "#7B9EB0", "icon_mask_base_uri": "https://maps.gstatic.com/mapfiles/place_api/icons/v2/generic_pinlet", "name": "Starfire Aquatics Custom Built Aquariums Melbourne", "opening_hours": {"open_now": false}, "photos": [{"height": 3162, "html_attributions": ["<a href=\"https://maps.google.com/maps/contrib/107311879669849433093\">A Google User</a>"], "photo_reference": "Aap_uEDvHmseFHM0TbvJ2vkvFNAxBplQr8c2ScNqQgGoCMNxxF_cbrV_90LVkQce-xUmBtBPjQnK0COCgBw4yGrcUHsB0DOmkK9ENLyR1T0OI6QPbNu8i7hBaNoWZb_f5qKlCesJLH8Ee-mBCDPOTnWaRcfZp5D7-QHD5aekxfFyBny-nBke", "width": 4743}], "place_id": "ChIJ58jcETNn1moRT4GRDa4Wb4A", "plus_code": {"compound_code": "5XC2+36 South Melbourne, Victoria, Australia", "global_code": "4RJ65XC2+36"}, "rating": 5, "reference": "ChIJ58jcETNn1moRT4GRDa4Wb4A", "scope": "GOOGLE", "types": ["pet_store", "point_of_interest", "store", "establishment"], "user_ratings_total": 47, "vicinity": "G01/87 Gladstone St, South Melbourne"}}, {"bus_status": "OPERATIONAL", "name": "Sunnyside Aquarium", "geo": {"location": {"lat": -37.7774355, "lng": 144.8780742}, "viewport": {"northeast": {"lat": -37.77595402010727, "lng": 144.8793808298927}, "southwest": {"lat": -37.77865367989272, "lng": 144.8766811701073}}}, "distance": 1000000, "hour": {"open_now": false}, "photo": "Aap_uEDTmqWbU236Grxeuxg3_kdPU7BZ9c50BTzBw0bSsjbv6fb7jdR2NoX0xQt8d0tX948eDp7R_xCvW8qidnA9ms9JYiELlgwQl1ZSXiT_BmAK5I3GI_q1yX3O-330b5CCRyjXA-wPGCJftmuPpUe0AMMKYV_v6p3oxREgyp_F7ARHnClM", "price_level": "", "rating": 4.1, "stars": ["checked", "checked", "checked", "checked", ""], "tags": ["pet_store", "point_of_interest", "store", "establishment"], "user_total_rating": 65, "address": "8/72-80 Hampstead Rd, Melbourne", "map": "https://www.google.com/maps/place/?q=place_id:ChIJZ80Fadld1moRdrReiXejtqw", "row": {"business_status": "OPERATIONAL", "geometry": {"location": {"lat": -37.7774355, "lng": 144.8780742}, "viewport": {"northeast": {"lat": -37.77595402010727, "lng": 144.8793808298927}, "southwest": {"lat": -37.77865367989272, "lng": 144.8766811701073}}}, "icon": "https://maps.gstatic.com/mapfiles/place_api/icons/v1/png_71/shopping-71.png", "icon_background_color": "#4B96F3", "icon_mask_base_uri": "https://maps.gstatic.com/mapfiles/place_api/icons/v2/shopping_pinlet", "name": "Sunnyside Aquarium", "opening_hours": {"open_now": false}, "photos": [{"height": 3024, "html_attributions": ["<a href=\"https://maps.google.com/maps/contrib/114057067970852149762\">Sohail Khan</a>"], "photo_reference": "Aap_uEDTmqWbU236Grxeuxg3_kdPU7BZ9c50BTzBw0bSsjbv6fb7jdR2NoX0xQt8d0tX948eDp7R_xCvW8qidnA9ms9JYiELlgwQl1ZSXiT_BmAK5I3GI_q1yX3O-330b5CCRyjXA-wPGCJftmuPpUe0AMMKYV_v6p3oxREgyp_F7ARHnClM", "width": 4032}], "place_id": "ChIJZ80Fadld1moRdrReiXejtqw", "plus_code": {"compound_code": "6VFH+26 Maidstone, Victoria, Australia", "global_code": "4RJ66VFH+26"}, "rating": 4.1, "reference": "ChIJZ80Fadld1moRdrReiXejtqw", "scope": "GOOGLE", "types": ["pet_store", "point_of_interest", "store", "establishment"], "user_ratings_total": 65, "vicinity": "8/72-80 Hampstead Rd, Melbourne"}}, {"bus_status": "OPERATIONAL", "name": "Aquarium Society Of Victoria Clifton", "geo": {"location": {"lat": -37.788881, "lng": 144.996081}, "viewport": {"northeast": {"lat": -37.78755232010728, "lng": 144.9974903298927}, "southwest": {"lat": -37.79025197989272, "lng": 144.9947906701073}}}, "distance": 1000000, "hour": "", "photo": "Aap_uECmpkpt_Nk50kRdfdTwakTDC19bgQO3vX7XmCr4BuRa0ZjxM9qFLzpKuHLayF0eRqT3bqRR6OttOWxuopjbPfhqo1y5xpaSLY7GSiVaEXeG0jR8AUcFpxKgYZojsknUqe_kX6fal3p2ED2QAp5c9qj52h8t6DKwM7PveDGhMiFKBxH9", "price_level": "", "rating": 5, "stars": ["checked", "checked", "checked", "checked", "checked"], "tags": ["aquarium", "point_of_interest", "establishment"], "user_total_rating": 1, "address": "29 Grant St, Clifton Hill", "map": "https://www.google.com/maps/place/?q=place_id:ChIJW6vipg1D1moREn8Qa_DjK1U", "row": {"business_status": "OPERATIONAL", "geometry": {"location": {"lat": -37.788881, "lng": 144.996081}, "viewport": {"northeast": {"lat": -37.78755232010728, "lng": 144.9974903298927}, "southwest": {"lat": -37.79025197989272, "lng": 144.9947906701073}}}, "icon": "https://maps.gstatic.com/mapfiles/place_api/icons/v1/png_71/generic_business-71.png", "icon_background_color": "#13B5C7", "icon_mask_base_uri": "https://maps.gstatic.com/mapfiles/place_api/icons/v2/generic_pinlet", "name": "Aquarium Society Of Victoria Clifton", "photos": [{"height": 1920, "html_attributions": ["<a href=\"https://maps.google.com/maps/contrib/105262135268660745087\">L Base</a>"], "photo_reference": "Aap_uECmpkpt_Nk50kRdfdTwakTDC19bgQO3vX7XmCr4BuRa0ZjxM9qFLzpKuHLayF0eRqT3bqRR6OttOWxuopjbPfhqo1y5xpaSLY7GSiVaEXeG0jR8AUcFpxKgYZojsknUqe_kX6fal3p2ED2QAp5c9qj52h8t6DKwM7PveDGhMiFKBxH9", "width": 1080}], "place_id": "ChIJW6vipg1D1moREn8Qa_DjK1U", "plus_code": {"compound_code": "6X6W+CC Clifton Hill, Victoria, Australia", "global_code": "4RJ66X6W+CC"}, "rating": 5, "reference": "ChIJW6vipg1D1moREn8Qa_DjK1U", "scope": "GOOGLE", "types": ["aquarium", "point_of_interest", "establishment"], "user_ratings_total": 1, "vicinity": "29 Grant St, Clifton Hill"}}, {"bus_status": "OPERATIONAL", "name": "Coral Aquarium Pets", "geo": {"location": {"lat": -37.8005308, "lng": 144.9019532}, "viewport": {"northeast": {"lat": -37.79893192010728, "lng": 144.9032643798927}, "southwest": {"lat": -37.80163157989273, "lng": 144.9005647201073}}}, "distance": 1000000, "hour": "", "photo": "", "price_level": "", "rating": 3.7, "stars": ["checked", "checked", "checked", "", ""], "tags": ["aquarium", "point_of_interest", "establishment"], "user_total_rating": 3, "address": "Unit 73/83 Hopkins St, Footscray", "map": "https://www.google.com/maps/place/?q=place_id:ChIJV4VrCY5d1moRTPwhLmNYR6w", "row": {"business_status": "OPERATIONAL", "geometry": {"location": {"lat": -37.8005308, "lng": 144.9019532}, "viewport": {"northeast": {"lat": -37.79893192010728, "lng": 144.9032643798927}, "southwest": {"lat": -37.80163157989273, "lng": 144.9005647201073}}}, "icon": "https://maps.gstatic.com/mapfiles/place_api/icons/v1/png_71/generic_business-71.png", "icon_background_color": "#13B5C7", "icon_mask_base_uri": "https://maps.gstatic.com/mapfiles/place_api/icons/v2/generic_pinlet", "name": "Coral Aquarium Pets", "place_id": "ChIJV4VrCY5d1moRTPwhLmNYR6w", "plus_code": {"compound_code": "5WX2+QQ Footscray, Victoria, Australia", "global_code": "4RJ65WX2+QQ"}, "rating": 3.7, "reference": "ChIJV4VrCY5d1moRTPwhLmNYR6w", "scope": "GOOGLE", "types": ["aquarium", "point_of_interest", "establishment"], "user_ratings_total": 3, "vicinity": "Unit 73/83 Hopkins St, Footscray"}}, {"bus_status": "OPERATIONAL", "name": "Fishmart Aquarium", "geo": {"location": {"lat": -37.69555380000001, "lng": 145.0125224}, "viewport": {"northeast": {"lat": -37.69419567010728, "lng": 145.0137750298927}, "southwest": {"lat": -37.69689532989272, "lng": 145.0110753701073}}}, "distance": 1000000, "hour": {"open_now": false}, "photo": "Aap_uEB1_slVqWQc4fVikYYQQisp9hEPQjNP6kDRHyxGirB_t_m4zDDMKFv3uhCpmVsxXIrpJxLA3iRigit3BSPX09JyEhT1dHSAjiZDz_s04AeUhxtqKGcQi2dCePCK6K0RC5tZP9j_Ghfj5533jQe8uLMb62kfBJeJP1SBiaXleIDoSJi7", "price_level": "", "rating": 4.7, "stars": ["checked", "checked", "checked", "checked", ""], "tags": ["pet_store", "point_of_interest", "store", "establishment"], "user_total_rating": 76, "address": "42 Johnson St, Reservoir", "map": "https://www.google.com/maps/place/?q=place_id:ChIJO4SDICJP1moRnz57yXYTLXI", "row": {"business_status": "OPERATIONAL", "geometry": {"location": {"lat": -37.69555380000001, "lng": 145.0125224}, "viewport": {"northeast": {"lat": -37.69419567010728, "lng": 145.0137750298927}, "southwest": {"lat": -37.69689532989272, "lng": 145.0110753701073}}}, "icon": "https://maps.gstatic.com/mapfiles/place_api/icons/v1/png_71/shopping-71.png", "icon_background_color": "#4B96F3", "icon_mask_base_uri": "https://maps.gstatic.com/mapfiles/place_api/icons/v2/shopping_pinlet", "name": "Fishmart Aquarium", "opening_hours": {"open_now": false}, "photos": [{"height": 4032, "html_attributions": ["<a href=\"https://maps.google.com/maps/contrib/115881038581959413118\">A Google User</a>"], "photo_reference": "Aap_uEB1_slVqWQc4fVikYYQQisp9hEPQjNP6kDRHyxGirB_t_m4zDDMKFv3uhCpmVsxXIrpJxLA3iRigit3BSPX09JyEhT1dHSAjiZDz_s04AeUhxtqKGcQi2dCePCK6K0RC5tZP9j_Ghfj5533jQe8uLMb62kfBJeJP1SBiaXleIDoSJi7", "width": 1908}], "place_id": "ChIJO4SDICJP1moRnz57yXYTLXI", "plus_code": {"compound_code": "8237+Q2 Reservoir, Victoria, Australia", "global_code": "4RJ78237+Q2"}, "rating": 4.7, "reference": "ChIJO4SDICJP1moRnz57yXYTLXI", "scope": "GOOGLE", "types": ["pet_store", "point_of_interest", "store", "establishment"], "user_ratings_total": 76, "vicinity": "42 Johnson St, Reservoir"}}, {"bus_status": "OPERATIONAL", "name": "Reef Galleria Aquarium & Cafe", "geo": {"location": {"lat": -37.8332, "lng": 144.959157}, "viewport": {"northeast": {"lat": -37.83194217010728, "lng": 144.9605606298927}, "southwest": {"lat": -37.83464182989272, "lng": 144.9578609701073}}}, "distance": 1000000, "hour": {"open_now": false}, "photo": "Aap_uEA81iWgPI8iIO2g2cpiX5DMFmscRFSE2VMGSbItFd7T156RCd6fCo8nWzvFKSUfwLXNzbNMsAH2rhL7cTnv4NVZ6eZ7v7X6XeRJHEpePMJOqAp2Reny6MA2RCeF19HEJ0mL2ZxDsS78Z6uQ3l2IE0TMYlYqnIYQEr90Ju7ZOOzqM8Aq", "price_level": "", "rating": 4.7, "stars": ["checked", "checked", "checked", "checked", ""], "tags": ["aquarium", "pet_store", "cafe", "food"], "user_total_rating": 88, "address": "246 Dorcas St, South Melbourne", "map": "https://www.google.com/maps/place/?q=place_id:ChIJyYzlnJdn1moRk0iOxyFkBaM", "row": {"business_status": "OPERATIONAL", "geometry": {"location": {"lat": -37.8332, "lng": 144.959157}, "viewport": {"northeast": {"lat": -37.83194217010728, "lng": 144.9605606298927}, "southwest": {"lat": -37.83464182989272, "lng": 144.9578609701073}}}, "icon": "https://maps.gstatic.com/mapfiles/place_api/icons/v1/png_71/shopping-71.png", "icon_background_color": "#4B96F3", "icon_mask_base_uri": "https://maps.gstatic.com/mapfiles/place_api/icons/v2/shopping_pinlet", "name": "Reef Galleria Aquarium & Cafe", "opening_hours": {"open_now": false}, "photos": [{"height": 3024, "html_attributions": ["<a href=\"https://maps.google.com/maps/contrib/105945519351519920330\">A Google User</a>"], "photo_reference": "Aap_uEA81iWgPI8iIO2g2cpiX5DMFmscRFSE2VMGSbItFd7T156RCd6fCo8nWzvFKSUfwLXNzbNMsAH2rhL7cTnv4NVZ6eZ7v7X6XeRJHEpePMJOqAp2Reny6MA2RCeF19HEJ0mL2ZxDsS78Z6uQ3l2IE0TMYlYqnIYQEr90Ju7ZOOzqM8Aq", "width": 4032}], "place_id": "ChIJyYzlnJdn1moRk0iOxyFkBaM", "plus_code": {"compound_code": "5X85+PM South Melbourne, Victoria, Australia", "global_code": "4RJ65X85+PM"}, "rating": 4.7, "reference": "ChIJyYzlnJdn1moRk0iOxyFkBaM", "scope": "GOOGLE", "types": ["aquarium", "pet_store", "cafe", "food", "point_of_interest", "store", "establishment"], "user_ratings_total": 88, "vicinity": "246 Dorcas St, South Melbourne"}}, {"bus_status": "OPERATIONAL", "name": "Big Fish Aquarium", "geo": {"location": {"lat": -37.6903566, "lng": 144.6027123}, "viewport": {"northeast": {"lat": -37.68893042010728, "lng": 144.6041789298927}, "southwest": {"lat": -37.69163007989272, "lng": 144.6014792701073}}}, "distance": 1000000, "hour": {"open_now": false}, "photo": "Aap_uEC-XC3FuP1lfPSsGcKa2ej9MgC8YDJu2cdkyKmCh2gLj07GTC2IYlpotHTsW-r8DDOMLa8q0k6YT3sOkhwMjDzivGftI37IDXwfaN5ZdehP1CJCdTnOvvN6z_DTasntKWnYfyHndCEaNQit3noDnJkgUmiyez2OUJDF4W3RH-HjKR5V", "price_level": "", "rating": 4.7, "stars": ["checked", "checked", "checked", "checked", ""], "tags": ["pet_store", "point_of_interest", "store", "establishment"], "user_total_rating": 233, "address": "1/85-91 High St, Melton", "map": "https://www.google.com/maps/place/?q=place_id:ChIJ8anM613t1moRbL0vZ50UPwU", "row": {"business_status": "OPERATIONAL", "geometry": {"location": {"lat": -37.6903566, "lng": 144.6027123}, "viewport": {"northeast": {"lat": -37.68893042010728, "lng": 144.6041789298927}, "southwest": {"lat": -37.69163007989272, "lng": 144.6014792701073}}}, "icon": "https://maps.gstatic.com/mapfiles/place_api/icons/v1/png_71/shopping-71.png", "icon_background_color": "#4B96F3", "icon_mask_base_uri": "https://maps.gstatic.com/mapfiles/place_api/icons/v2/shopping_pinlet", "name": "Big Fish Aquarium", "opening_hours": {"open_now": false}, "photos": [{"height": 2268, "html_attributions": ["<a href=\"https://maps.google.com/maps/contrib/112093012611760294320\">A Google User</a>"], "photo_reference": "Aap_uEC-XC3FuP1lfPSsGcKa2ej9MgC8YDJu2cdkyKmCh2gLj07GTC2IYlpotHTsW-r8DDOMLa8q0k6YT3sOkhwMjDzivGftI37IDXwfaN5ZdehP1CJCdTnOvvN6z_DTasntKWnYfyHndCEaNQit3noDnJkgUmiyez2OUJDF4W3RH-HjKR5V", "width": 4032}], "place_id": "ChIJ8anM613t1moRbL0vZ50UPwU", "plus_code": {"compound_code": "8J53+V3 Melton, Victoria, Australia", "global_code": "4RJ68J53+V3"}, "rating": 4.7, "reference": "ChIJ8anM613t1moRbL0vZ50UPwU", "scope": "GOOGLE", "types": ["pet_store", "point_of_interest", "store", "establishment"], "user_ratings_total": 233, "vicinity": "1/85-91 High St, Melton"}}, {"bus_status": "OPERATIONAL", "name": "Aquarium Cleaning", "geo": {"location": {"lat": -37.743669, "lng": 144.970208}, "viewport": {"northeast": {"lat": -37.74232407010728, "lng": 144.9716202798927}, "southwest": {"lat": -37.74502372989272, "lng": 144.9689206201073}}}, "distance": 1000000, "hour": {"open_now": false}, "photo": "Aap_uEAxLX3fYnMXhn9QvsdNZQrLBsuC-yCYS6RqVUOnnBjqbspD7tqPl5a3wdEUKUZOjOIErOOmtqHkh94n5Jx0adyDwEpWfFiYzH0t6V5UTGFxWrd81WSiYp793td_fBzm85Hd0d3PQjR7Y6EZYure7CuddvbUg-8F_0sTf85XZiLwhqm8", "price_level": "", "rating": 5, "stars": ["checked", "checked", "checked", "checked", "checked"], "tags": ["aquarium", "point_of_interest", "establishment"], "user_total_rating": 2, "address": "Wollert", "map": "https://www.google.com/maps/place/?q=place_id:ChIJ28m1GUBF1moRyC8dZqr38-A", "row": {"business_status": "OPERATIONAL", "geometry": {"location": {"lat": -37.743669, "lng": 144.970208}, "viewport": {"northeast": {"lat": -37.74232407010728, "lng": 144.9716202798927}, "southwest": {"lat": -37.74502372989272, "lng": 144.9689206201073}}}, "icon": "https://maps.gstatic.com/mapfiles/place_api/icons/v1/png_71/generic_business-71.png", "icon_background_color": "#13B5C7", "icon_mask_base_uri": "https://maps.gstatic.com/mapfiles/place_api/icons/v2/generic_pinlet", "name": "Aquarium Cleaning", "opening_hours": {"open_now": false}, "photos": [{"height": 3024, "html_attributions": ["<a href=\"https://maps.google.com/maps/contrib/105315763553230656421\">Aquarium Cleaning</a>"], "photo_reference": "Aap_uEAxLX3fYnMXhn9QvsdNZQrLBsuC-yCYS6RqVUOnnBjqbspD7tqPl5a3wdEUKUZOjOIErOOmtqHkh94n5Jx0adyDwEpWfFiYzH0t6V5UTGFxWrd81WSiYp793td_fBzm85Hd0d3PQjR7Y6EZYure7CuddvbUg-8F_0sTf85XZiLwhqm8", "width": 4032}], "place_id": "ChIJ28m1GUBF1moRyC8dZqr38-A", "plus_code": {"compound_code": "7X4C+G3 Coburg, Victoria, Australia", "global_code": "4RJ67X4C+G3"}, "rating": 5, "reference": "ChIJ28m1GUBF1moRyC8dZqr38-A", "scope": "GOOGLE", "types": ["aquarium", "point_of_interest", "establishment"], "user_ratings_total": 2, "vicinity": "Wollert"}}, {"bus_status": "OPERATIONAL", "name": "New Life Aquarium & Pets Abbotsford", "geo": {"location": {"lat": -37.8098047, "lng": 144.9981857}, "viewport": {"northeast": {"lat": -37.80844832010727, "lng": 144.9996650298927}, "southwest": {"lat": -37.81114797989272, "lng": 144.9969653701073}}}, "distance": 1000000, "hour": {"open_now": false}, "photo": "Aap_uEBRNG27DHpPKQEE-nIDgzfUV14PM55hDeZ7WTJgs_7eavJiu5PYCTYC9P4cY_843T64xWF-XxFDsfB0y3H7yO58qZe7IKkGiY8mcp5nWs6uVuaeO70L0oH2lNo1sSX_3qszjUNtsOtvvqTcDvk7cN-M1oD7bhoHNk735Rb7-hB0DoTO", "price_level": "", "rating": 4.5, "stars": ["checked", "checked", "checked", "checked", ""], "tags": ["pet_store", "point_of_interest", "store", "establishment"], "user_total_rating": 167, "address": "3 Lithgow St, Abbotsford", "map": "https://www.google.com/maps/place/?q=place_id:ChIJpWwx9ftC1moR8f5w5HuSAFY", "row": {"business_status": "OPERATIONAL", "geometry": {"location": {"lat": -37.8098047, "lng": 144.9981857}, "viewport": {"northeast": {"lat": -37.80844832010727, "lng": 144.9996650298927}, "southwest": {"lat": -37.81114797989272, "lng": 144.9969653701073}}}, "icon": "https://maps.gstatic.com/mapfiles/place_api/icons/v1/png_71/shopping-71.png", "icon_background_color": "#4B96F3", "icon_mask_base_uri": "https://maps.gstatic.com/mapfiles/place_api/icons/v2/shopping_pinlet", "name": "New Life Aquarium & Pets Abbotsford", "opening_hours": {"open_now": false}, "photos": [{"height": 4000, "html_attributions": ["<a href=\"https://maps.google.com/maps/contrib/105233856756336228836\">Cynthia Lee</a>"], "photo_reference": "Aap_uEBRNG27DHpPKQEE-nIDgzfUV14PM55hDeZ7WTJgs_7eavJiu5PYCTYC9P4cY_843T64xWF-XxFDsfB0y3H7yO58qZe7IKkGiY8mcp5nWs6uVuaeO70L0oH2lNo1sSX_3qszjUNtsOtvvqTcDvk7cN-M1oD7bhoHNk735Rb7-hB0DoTO", "width": 3000}], "place_id": "ChIJpWwx9ftC1moR8f5w5HuSAFY", "plus_code": {"compound_code": "5XRX+37 Abbotsford, Victoria, Australia", "global_code": "4RJ65XRX+37"}, "rating": 4.5, "reference": "ChIJpWwx9ftC1moR8f5w5HuSAFY", "scope": "GOOGLE", "types": ["pet_store", "point_of_interest", "store", "establishment"], "user_ratings_total": 167, "vicinity": "3 Lithgow St, Abbotsford"}}, {"bus_status": "OPERATIONAL", "name": "Aqua Realm", "geo": {"location": {"lat": -37.7654754, "lng": 144.7451535}, "viewport": {"northeast": {"lat": -37.76397817010727, "lng": 144.7465203298927}, "southwest": {"lat": -37.76667782989272, "lng": 144.7438206701073}}}, "distance": 1000000, "hour": {"open_now": false}, "photo": "Aap_uEDy_a93exCpVWmC5WZmzT9F9pV4TRASmxZ8Qot2d8AvD9B55E7sHt3w3YKEgu2JjdpAPpsE9FTEV9mZWqaPk133OBRkt7uSw4OZjP73RsiIYiOKjoIUtdixaC28a1yi2fcCwm7g4goh6JIlkg3zc74FPHtLEiijqnNNc6FsF5gq2_YT", "price_level": "", "rating": 4.9, "stars": ["checked", "checked", "checked", "checked", ""], "tags": ["pet_store", "point_of_interest", "store", "establishment"], "user_total_rating": 23, "address": "1/1 Geehi Wy, Ravenhall", "map": "https://www.google.com/maps/place/?q=place_id:ChIJfZxcj2yL1moRSyKWlRzV6UI", "row": {"business_status": "OPERATIONAL", "geometry": {"location": {"lat": -37.7654754, "lng": 144.7451535}, "viewport": {"northeast": {"lat": -37.76397817010727, "lng": 144.7465203298927}, "southwest": {"lat": -37.76667782989272, "lng": 144.7438206701073}}}, "icon": "https://maps.gstatic.com/mapfiles/place_api/icons/v1/png_71/shopping-71.png", "icon_background_color": "#4B96F3", "icon_mask_base_uri": "https://maps.gstatic.com/mapfiles/place_api/icons/v2/shopping_pinlet", "name": "Aqua Realm", "opening_hours": {"open_now": false}, "photos": [{"height": 1600, "html_attributions": ["<a href=\"https://maps.google.com/maps/contrib/118397146307637612445\">A Google User</a>"], "photo_reference": "Aap_uEDy_a93exCpVWmC5WZmzT9F9pV4TRASmxZ8Qot2d8AvD9B55E7sHt3w3YKEgu2JjdpAPpsE9FTEV9mZWqaPk133OBRkt7uSw4OZjP73RsiIYiOKjoIUtdixaC28a1yi2fcCwm7g4goh6JIlkg3zc74FPHtLEiijqnNNc6FsF5gq2_YT", "width": 1600}], "place_id": "ChIJfZxcj2yL1moRSyKWlRzV6UI", "plus_code": {"compound_code": "6PMW+R3 Ravenhall, Victoria, Australia", "global_code": "4RJ66PMW+R3"}, "rating": 4.9, "reference": "ChIJfZxcj2yL1moRSyKWlRzV6UI", "scope": "GOOGLE", "types": ["pet_store", "point_of_interest", "store", "establishment"], "user_ratings_total": 23, "vicinity": "1/1 Geehi Wy, Ravenhall"}}, {"bus_status": "OPERATIONAL", "name": "Waterlife Aquarium", "geo": {"location": {"lat": -37.8737887, "lng": 144.723656}, "viewport": {"northeast": {"lat": -37.87249257010728, "lng": 144.7246904798927}, "southwest": {"lat": -37.87519222989272, "lng": 144.7219908201073}}}, "distance": 1000000, "hour": {"open_now": false}, "photo": "Aap_uEDXQNZeG45ovdLhfAeMSSC98GGUDSuKSasIbIbB7ExrDkKRURvwj0rL_WxndGeO6uyg1tCG9610GOomM-moTjVYibJvOwrE0Pd4dX6sX8C0LFHqJgQjwbgAS-kzKs0lQPDR58lqy0K3OW8KjyZ29Gkidm2yi9rkHkteT9b7r5zqvZSf", "price_level": "", "rating": 4.3, "stars": ["checked", "checked", "checked", "checked", ""], "tags": ["pet_store", "point_of_interest", "store", "establishment"], "user_total_rating": 375, "address": "2/2 Shaft Ct, Hoppers Crossing", "map": "https://www.google.com/maps/place/?q=place_id:ChIJY-DhPOmI1moRTAHheQyyS6I", "row": {"business_status": "OPERATIONAL", "geometry": {"location": {"lat": -37.8737887, "lng": 144.723656}, "viewport": {"northeast": {"lat": -37.87249257010728, "lng": 144.7246904798927}, "southwest": {"lat": -37.87519222989272, "lng": 144.7219908201073}}}, "icon": "https://maps.gstatic.com/mapfiles/place_api/icons/v1/png_71/shopping-71.png", "icon_background_color": "#4B96F3", "icon_mask_base_uri": "https://maps.gstatic.com/mapfiles/place_api/icons/v2/shopping_pinlet", "name": "Waterlife Aquarium", "opening_hours": {"open_now": false}, "photos": [{"height": 3024, "html_attributions": ["<a href=\"https://maps.google.com/maps/contrib/111966233799331801315\">Ania</a>"], "photo_reference": "Aap_uEDXQNZeG45ovdLhfAeMSSC98GGUDSuKSasIbIbB7ExrDkKRURvwj0rL_WxndGeO6uyg1tCG9610GOomM-moTjVYibJvOwrE0Pd4dX6sX8C0LFHqJgQjwbgAS-kzKs0lQPDR58lqy0K3OW8KjyZ29Gkidm2yi9rkHkteT9b7r5zqvZSf", "width": 4032}], "place_id": "ChIJY-DhPOmI1moRTAHheQyyS6I", "plus_code": {"compound_code": "4PGF+FF Hoppers Crossing, Victoria, Australia", "global_code": "4RJ64PGF+FF"}, "rating": 4.3, "reference": "ChIJY-DhPOmI1moRTAHheQyyS6I", "scope": "GOOGLE", "types": ["pet_store", "point_of_interest", "store", "establishment"], "user_ratings_total": 375, "vicinity": "2/2 Shaft Ct, Hoppers Crossing"}}, {"bus_status": "OPERATIONAL", "name": "Fastway Aquarium & Hydroponics", "geo": {"location": {"lat": -37.8117141, "lng": 144.8657166}, "viewport": {"northeast": {"lat": -37.81046897010727, "lng": 144.8671291298927}, "southwest": {"lat": -37.81316862989272, "lng": 144.8644294701073}}}, "distance": 1000000, "hour": {"open_now": false}, "photo": "Aap_uEBRgbCUQ8IVYjn3p05Ajg3B0O-iQbud6qQ0aRg6ZncFPB-Uo99Zk_ui3kh2XL3QLxLV020kIP1ttMrI3EdFl25-NyDlP6jeldtJYvXdz_k6McGhflSI8vKbLuu45voYi75QA8gSvSEjUAAfeYZqooAZbzTtHdM41HyBrRN5cEQS3AdM", "price_level": "", "rating": 4.6, "stars": ["checked", "checked", "checked", "checked", ""], "tags": ["pet_store", "point_of_interest", "store", "establishment"], "user_total_rating": 206, "address": "444 Geelong Rd, West Footscray", "map": "https://www.google.com/maps/place/?q=place_id:ChIJn1veL7Fg1moRvqHulXxrTaA", "row": {"business_status": "OPERATIONAL", "geometry": {"location": {"lat": -37.8117141, "lng": 144.8657166}, "viewport": {"northeast": {"lat": -37.81046897010727, "lng": 144.8671291298927}, "southwest": {"lat": -37.81316862989272, "lng": 144.8644294701073}}}, "icon": "https://maps.gstatic.com/mapfiles/place_api/icons/v1/png_71/generic_business-71.png", "icon_background_color": "#7B9EB0", "icon_mask_base_uri": "https://maps.gstatic.com/mapfiles/place_api/icons/v2/generic_pinlet", "name": "Fastway Aquarium & Hydroponics", "opening_hours": {"open_now": false}, "photos": [{"height": 3024, "html_attributions": ["<a href=\"https://maps.google.com/maps/contrib/100679718312226715345\">A Google User</a>"], "photo_reference": "Aap_uEBRgbCUQ8IVYjn3p05Ajg3B0O-iQbud6qQ0aRg6ZncFPB-Uo99Zk_ui3kh2XL3QLxLV020kIP1ttMrI3EdFl25-NyDlP6jeldtJYvXdz_k6McGhflSI8vKbLuu45voYi75QA8gSvSEjUAAfeYZqooAZbzTtHdM41HyBrRN5cEQS3AdM", "width": 4032}], "place_id": "ChIJn1veL7Fg1moRvqHulXxrTaA", "plus_code": {"compound_code": "5VQ8+87 West Footscray, Victoria, Australia", "global_code": "4RJ65VQ8+87"}, "rating": 4.6, "reference": "ChIJn1veL7Fg1moRvqHulXxrTaA", "scope": "GOOGLE", "types": ["pet_store", "point_of_interest", "store", "establishment"], "user_ratings_total": 206, "vicinity": "444 Geelong Rd, West Footscray"}}, {"bus_status": "OPERATIONAL", "name": "Roxy Aquarium", "geo": {"location": {"lat": -37.6435657, "lng": 144.9634866}, "viewport": {"northeast": {"lat": -37.64214622010727, "lng": 144.9648487798927}, "southwest": {"lat": -37.64484587989271, "lng": 144.9621491201073}}}, "distance": 1000000, "hour": {"open_now": false}, "photo": "Aap_uEDbq5vHYoRCLrQVPz9bMvlwP7NDkviq_lUdtiuB_89Cbx4R-2rIfEZkU1q3g3o7gPC-oo_KwNVekJXWCLw8tOi_ohRt2Gjt8MUHotBKvln2TGE7Ea3eh40fDTAs9klXaXxkVjG34rOsanaYPNSLOL1adpJLqwrbUqf34rlzc-GvVF4", "price_level": "", "rating": 5, "stars": ["checked", "checked", "checked", "checked", "checked"], "tags": ["pet_store", "point_of_interest", "store", "establishment"], "user_total_rating": 1, "address": "1B Fleet St, Somerton", "map": "https://www.google.com/maps/place/?q=place_id:ChIJLe5Ig3NR1moRyGu7YNcB6zk", "row": {"business_status": "OPERATIONAL", "geometry": {"location": {"lat": -37.6435657, "lng": 144.9634866}, "viewport": {"northeast": {"lat": -37.64214622010727, "lng": 144.9648487798927}, "southwest": {"lat": -37.64484587989271, "lng": 144.9621491201073}}}, "icon": "https://maps.gstatic.com/mapfiles/place_api/icons/v1/png_71/shopping-71.png", "icon_background_color": "#4B96F3", "icon_mask_base_uri": "https://maps.gstatic.com/mapfiles/place_api/icons/v2/shopping_pinlet", "name": "Roxy Aquarium", "opening_hours": {"open_now": false}, "photos": [{"height": 2268, "html_attributions": ["<a href=\"https://maps.google.com/maps/contrib/116101730939245595265\">A Google User</a>"], "photo_reference": "Aap_uEDbq5vHYoRCLrQVPz9bMvlwP7NDkviq_lUdtiuB_89Cbx4R-2rIfEZkU1q3g3o7gPC-oo_KwNVekJXWCLw8tOi_ohRt2Gjt8MUHotBKvln2TGE7Ea3eh40fDTAs9klXaXxkVjG34rOsanaYPNSLOL1adpJLqwrbUqf34rlzc-GvVF4", "width": 4032}], "place_id": "ChIJLe5Ig3NR1moRyGu7YNcB6zk", "plus_code": {"compound_code": "9X47+H9 Somerton, Victoria, Australia", "global_code": "4RJ69X47+H9"}, "rating": 5, "reference": "ChIJLe5Ig3NR1moRyGu7YNcB6zk", "scope": "GOOGLE", "types": ["pet_store", "point_of_interest", "store", "establishment"], "user_ratings_total": 1, "vicinity": "1B Fleet St, Somerton"}}, {"bus_status": "OPERATIONAL", "name": "Aquatee's Fishland", "geo": {"location": {"lat": -37.679865, "lng": 144.9548343}, "viewport": {"northeast": {"lat": -37.67841317010728, "lng": 144.9562015798927}, "southwest": {"lat": -37.68111282989272, "lng": 144.9535019201073}}}, "distance": 1000000, "hour": {"open_now": false}, "photo": "Aap_uEC7d2E4Cm2Cc1xp-tQt29UKHm3tmTBxrAHcncPQpODWQChlPtB4EOHDjbjq0Y9DlK-oR41ccBuc0wkBtGryK2YeV10stHmH6sC_TcqW4X3JahV9FAa2_ukCEdhT3_Hq8e5VxgzghfcUBiffuGsgf8j_5eJFj6Tt_yMAGYuvjD4lC8D_", "price_level": "", "rating": 4, "stars": ["checked", "checked", "checked", "checked", ""], "tags": ["pet_store", "point_of_interest", "store", "establishment"], "user_total_rating": 17, "address": "2/15 Decco Dr, Campbellfield", "map": "https://www.google.com/maps/place/?q=place_id:ChIJkU7T6EZR1moRUadUIdSTlsk", "row": {"business_status": "OPERATIONAL", "geometry": {"location": {"lat": -37.679865, "lng": 144.9548343}, "viewport": {"northeast": {"lat": -37.67841317010728, "lng": 144.9562015798927}, "southwest": {"lat": -37.68111282989272, "lng": 144.9535019201073}}}, "icon": "https://maps.gstatic.com/mapfiles/place_api/icons/v1/png_71/shopping-71.png", "icon_background_color": "#4B96F3", "icon_mask_base_uri": "https://maps.gstatic.com/mapfiles/place_api/icons/v2/shopping_pinlet", "name": "Aquatee's Fishland", "opening_hours": {"open_now": false}, "photos": [{"height": 3024, "html_attributions": ["<a href=\"https://maps.google.com/maps/contrib/101816808842806428948\">Phillip Tjandra Sulistio</a>"], "photo_reference": "Aap_uEC7d2E4Cm2Cc1xp-tQt29UKHm3tmTBxrAHcncPQpODWQChlPtB4EOHDjbjq0Y9DlK-oR41ccBuc0wkBtGryK2YeV10stHmH6sC_TcqW4X3JahV9FAa2_ukCEdhT3_Hq8e5VxgzghfcUBiffuGsgf8j_5eJFj6Tt_yMAGYuvjD4lC8D_", "width": 4032}], "place_id": "ChIJkU7T6EZR1moRUadUIdSTlsk", "plus_code": {"compound_code": "8XC3+3W Campbellfield, Victoria, Australia", "global_code": "4RJ68XC3+3W"}, "rating": 4, "reference": "ChIJkU7T6EZR1moRUadUIdSTlsk", "scope": "GOOGLE", "types": ["pet_store", "point_of_interest", "store", "establishment"], "user_ratings_total": 17, "vicinity": "2/15 Decco Dr, Campbellfield"}}, {"bus_status": "OPERATIONAL", "name": "Ripple Effect Oceanwear", "geo": {"location": {"lat": -37.7402693, "lng": 144.9212019}, "viewport": {"northeast": {"lat": -37.73910867010728, "lng": 144.9225171798927}, "southwest": {"lat": -37.74180832989272, "lng": 144.9198175201072}}}, "distance": 1000000, "hour": {"open_now": false}, "photo": "", "price_level": "", "rating": 0, "stars": ["", "", "", "", ""], "tags": ["pet_store", "point_of_interest", "store", "establishment"], "user_total_rating": 0, "address": "42 Upland Rd, Strathmore", "map": "https://www.google.com/maps/place/?q=place_id:ChIJL4qcXX5b1moRmmu97VsTbJ0", "row": {"business_status": "OPERATIONAL", "geometry": {"location": {"lat": -37.7402693, "lng": 144.9212019}, "viewport": {"northeast": {"lat": -37.73910867010728, "lng": 144.9225171798927}, "southwest": {"lat": -37.74180832989272, "lng": 144.9198175201072}}}, "icon": "https://maps.gstatic.com/mapfiles/place_api/icons/v1/png_71/shopping-71.png", "icon_background_color": "#4B96F3", "icon_mask_base_uri": "https://maps.gstatic.com/mapfiles/place_api/icons/v2/shopping_pinlet", "name": "Ripple Effect Oceanwear", "opening_hours": {"open_now": false}, "place_id": "ChIJL4qcXX5b1moRmmu97VsTbJ0", "plus_code": {"compound_code": "7W5C+VF Strathmore, Victoria, Australia", "global_code": "4RJ67W5C+VF"}, "rating": 0, "reference": "ChIJL4qcXX5b1moRmmu97VsTbJ0", "scope": "GOOGLE", "types": ["pet_store", "point_of_interest", "store", "establishment"], "user_ratings_total": 0, "vicinity": "42 Upland Rd, Strathmore"}}, {"bus_status": "OPERATIONAL", "name": "Aqua Express", "geo": {"location": {"lat": -37.8240971, "lng": 144.8310262}, "viewport": {"northeast": {"lat": -37.82285017010728, "lng": 144.8323340298927}, "southwest": {"lat": -37.82554982989272, "lng": 144.8296343701073}}}, "distance": 1000000, "hour": {"open_now": false}, "photo": "Aap_uEB8lQyY49TLaDbHKk2MAYkp_QGg6emook_qxYelIlTXDfRT_mSGu5ouGF_-80V6KGDAZtrB8519J2nGpEQpLc7J20jibPUsJqgUiuTmxVAnsmnwlY4Xlq_md5OuqVbTIeaDrIBShVZRi5g62VdttE6C-7ZJsqJ-PCV75mDITX48OokD", "price_level": "", "rating": 4.3, "stars": ["checked", "checked", "checked", "checked", ""], "tags": ["pet_store", "point_of_interest", "store", "establishment"], "user_total_rating": 6, "address": "3/46-50 Buchanan Rd, Brooklyn", "map": "https://www.google.com/maps/place/?q=place_id:ChIJm2hCCyRb1moRQ8vYRKAVngM", "row": {"business_status": "OPERATIONAL", "geometry": {"location": {"lat": -37.8240971, "lng": 144.8310262}, "viewport": {"northeast": {"lat": -37.82285017010728, "lng": 144.8323340298927}, "southwest": {"lat": -37.82554982989272, "lng": 144.8296343701073}}}, "icon": "https://maps.gstatic.com/mapfiles/place_api/icons/v1/png_71/shopping-71.png", "icon_background_color": "#4B96F3", "icon_mask_base_uri": "https://maps.gstatic.com/mapfiles/place_api/icons/v2/shopping_pinlet", "name": "Aqua Express", "opening_hours": {"open_now": false}, "photos": [{"height": 3000, "html_attributions": ["<a href=\"https://maps.google.com/maps/contrib/115562413434037293468\">A Google User</a>"], "photo_reference": "Aap_uEB8lQyY49TLaDbHKk2MAYkp_QGg6emook_qxYelIlTXDfRT_mSGu5ouGF_-80V6KGDAZtrB8519J2nGpEQpLc7J20jibPUsJqgUiuTmxVAnsmnwlY4Xlq_md5OuqVbTIeaDrIBShVZRi5g62VdttE6C-7ZJsqJ-PCV75mDITX48OokD", "width": 3999}], "place_id": "ChIJm2hCCyRb1moRQ8vYRKAVngM", "plus_code": {"compound_code": "5RGJ+9C Brooklyn, Victoria, Australia", "global_code": "4RJ65RGJ+9C"}, "rating": 4.3, "reference": "ChIJm2hCCyRb1moRQ8vYRKAVngM", "scope": "GOOGLE", "types": ["pet_store", "point_of_interest", "store", "establishment"], "user_ratings_total": 6, "vicinity": "3/46-50 Buchanan Rd, Brooklyn"}}, {"bus_status": "OPERATIONAL", "name": "Aquarium Leasing Specialists", "geo": {"location": {"lat": -37.66149679999999, "lng": 144.5122864}, "viewport": {"northeast": {"lat": -37.66037842010727, "lng": 144.5135696298927}, "southwest": {"lat": -37.66307807989271, "lng": 144.5108699701073}}}, "distance": 1000000, "hour": {"open_now": false}, "photo": "Aap_uEANVoeIcVcA0cVcFbw4Ni853mZfgnjAfDbatQSsHAS7cwkv9f7r-5oJlkZjd62WNOa1LuJ7J-zSzZRXOcOrPhjSAoqyGLs6KtHkKYYa9QB4gry0N2dRD8ZU1h1nZ56y4zivLR-m6TxkAB8SlC3MpsHkry6-MDll5LDIL78VWqHvDUVj", "price_level": "", "rating": 0, "stars": ["", "", "", "", ""], "tags": ["pet_store", "point_of_interest", "store", "establishment"], "user_total_rating": 0, "address": "4 Clematis Ct, Long Forest", "map": "https://www.google.com/maps/place/?q=place_id:ChIJyUvGOYTr1moRAqwef3bHIno", "row": {"business_status": "OPERATIONAL", "geometry": {"location": {"lat": -37.66149679999999, "lng": 144.5122864}, "viewport": {"northeast": {"lat": -37.66037842010727, "lng": 144.5135696298927}, "southwest": {"lat": -37.66307807989271, "lng": 144.5108699701073}}}, "icon": "https://maps.gstatic.com/mapfiles/place_api/icons/v1/png_71/shopping-71.png", "icon_background_color": "#4B96F3", "icon_mask_base_uri": "https://maps.gstatic.com/mapfiles/place_api/icons/v2/shopping_pinlet", "name": "Aquarium Leasing Specialists", "opening_hours": {"open_now": false}, "photos": [{"height": 779, "html_attributions": ["<a href=\"https://maps.google.com/maps/contrib/105525013136785947246\">A Google User</a>"], "photo_reference": "Aap_uEANVoeIcVcA0cVcFbw4Ni853mZfgnjAfDbatQSsHAS7cwkv9f7r-5oJlkZjd62WNOa1LuJ7J-zSzZRXOcOrPhjSAoqyGLs6KtHkKYYa9QB4gry0N2dRD8ZU1h1nZ56y4zivLR-m6TxkAB8SlC3MpsHkry6-MDll5LDIL78VWqHvDUVj", "width": 1125}], "place_id": "ChIJyUvGOYTr1moRAqwef3bHIno", "plus_code": {"compound_code": "8GQ6+CW Long Forest, Victoria, Australia", "global_code": "4RJ68GQ6+CW"}, "rating": 0, "reference": "ChIJyUvGOYTr1moRAqwef3bHIno", "scope": "GOOGLE", "types": ["pet_store", "point_of_interest", "store", "establishment"], "user_ratings_total": 0, "vicinity": "4 Clematis Ct, Long Forest"}}, {"bus_status": "OPERATIONAL", "name": "Pet & Aquarium Warehouse", "geo": {"location": {"lat": -37.7755967, "lng": 144.8816396}, "viewport": {"northeast": {"lat": -37.77417327010728, "lng": 144.8829478298927}, "southwest": {"lat": -37.77687292989273, "lng": 144.8802481701073}}}, "distance": 1000000, "hour": {"open_now": false}, "photo": "Aap_uEDXalFuFUV5LS9rvedupNQ7Xyup71E-iA4R4fzAa4Q9xcFUv-T1O2J0cf2GgTaxlQZ5SgXLVhoaZW-XKcDyPgoslPJb2DGXPguhoJQShMnk7bncxdug4CZgiRylE5fQ2Yc14HgYeaky_IbL9Wm5pQtsEi7pYiCi_x2qpe4ysO_RD8hu", "price_level": "", "rating": 4.5, "stars": ["checked", "checked", "checked", "checked", ""], "tags": ["point_of_interest", "store", "establishment"], "user_total_rating": 187, "address": "98-108 Hampstead Rd, Maidstone", "map": "https://www.google.com/maps/place/?q=place_id:ChIJkYW7gNpd1moRMNv-ICIt2CI", "row": {"business_status": "OPERATIONAL", "geometry": {"location": {"lat": -37.7755967, "lng": 144.8816396}, "viewport": {"northeast": {"lat": -37.77417327010728, "lng": 144.8829478298927}, "southwest": {"lat": -37.77687292989273, "lng": 144.8802481701073}}}, "icon": "https://maps.gstatic.com/mapfiles/place_api/icons/v1/png_71/shopping-71.png", "icon_background_color": "#4B96F3", "icon_mask_base_uri": "https://maps.gstatic.com/mapfiles/place_api/icons/v2/shopping_pinlet", "name": "Pet & Aquarium Warehouse", "opening_hours": {"open_now": false}, "photos": [{"height": 1908, "html_attributions": ["<a href=\"https://maps.google.com/maps/contrib/117123150496923698665\">Daniel Ploskonka</a>"], "photo_reference": "Aap_uEDXalFuFUV5LS9rvedupNQ7Xyup71E-iA4R4fzAa4Q9xcFUv-T1O2J0cf2GgTaxlQZ5SgXLVhoaZW-XKcDyPgoslPJb2DGXPguhoJQShMnk7bncxdug4CZgiRylE5fQ2Yc14HgYeaky_IbL9Wm5pQtsEi7pYiCi_x2qpe4ysO_RD8hu", "width": 4032}], "place_id": "ChIJkYW7gNpd1moRMNv-ICIt2CI", "plus_code": {"compound_code": "6VFJ+QM Maidstone, Victoria, Australia", "global_code": "4RJ66VFJ+QM"}, "rating": 4.5, "reference": "ChIJkYW7gNpd1moRMNv-ICIt2CI", "scope": "GOOGLE", "types": ["point_of_interest", "store", "establishment"], "user_ratings_total": 187, "vicinity": "98-108 Hampstead Rd, Maidstone"}}, {"bus_status": "OPERATIONAL", "name": "Aqua Gallery", "geo": {"location": {"lat": -37.89242, "lng": 144.672893}, "viewport": {"northeast": {"lat": -37.89107942010727, "lng": 144.6743326298927}, "southwest": {"lat": -37.89377907989272, "lng": 144.6716329701073}}}, "distance": 1000000, "hour": {"open_now": false}, "photo": "", "price_level": "", "rating": 0, "stars": ["", "", "", "", ""], "tags": ["pet_store", "point_of_interest", "store", "establishment"], "user_total_rating": 0, "address": "49 Tracey St, Werribee", "map": "https://www.google.com/maps/place/?q=place_id:ChIJ-W7TCmGF1moRcBPaF69mlJo", "row": {"business_status": "OPERATIONAL", "geometry": {"location": {"lat": -37.89242, "lng": 144.672893}, "viewport": {"northeast": {"lat": -37.89107942010727, "lng": 144.6743326298927}, "southwest": {"lat": -37.89377907989272, "lng": 144.6716329701073}}}, "icon": "https://maps.gstatic.com/mapfiles/place_api/icons/v1/png_71/shopping-71.png", "icon_background_color": "#4B96F3", "icon_mask_base_uri": "https://maps.gstatic.com/mapfiles/place_api/icons/v2/shopping_pinlet", "name": "Aqua Gallery", "opening_hours": {"open_now": false}, "place_id": "ChIJ-W7TCmGF1moRcBPaF69mlJo", "plus_code": {"compound_code": "4M5F+25 Werribee, Victoria, Australia", "global_code": "4RJ64M5F+25"}, "rating": 0, "reference": "ChIJ-W7TCmGF1moRcBPaF69mlJo", "scope": "GOOGLE", "types": ["pet_store", "point_of_interest", "store", "establishment"], "user_ratings_total": 0, "vicinity": "49 Tracey St, Werribee"}}, {"bus_status": "OPERATIONAL", "name": "King Pets", "geo": {"location": {"lat": -37.689392, "lng": 144.961317}, "viewport": {"northeast": {"lat": -37.68817507010728, "lng": 144.9626449298927}, "southwest": {"lat": -37.69087472989272, "lng": 144.9599452701073}}}, "distance": 1000000, "hour": {"open_now": false}, "photo": "Aap_uED9JZgLIcXcLYbHyZ8HbI1Zhqq67T3j6jz07TwTILadrjIuNJH7lJUNGpF9EU3oogfcwcSb5TSx3ZTECb2xJyCisEjo-_AZNzZYBC01FHEgIlnIad84ZxbiEfTatG0_RYIVw1wDwGryQYYVsi7RcGIU_e9iYcZduZM4yEndsZdMRwMs", "price_level": "", "rating": 3.9, "stars": ["checked", "checked", "checked", "", ""], "tags": ["aquarium", "pet_store", "point_of_interest", "store"], "user_total_rating": 116, "address": "536 Mahoneys Rd, Campbellfield", "map": "https://www.google.com/maps/place/?q=place_id:ChIJyWJis1JF1moRlPV7fMFb-XM", "row": {"business_status": "OPERATIONAL", "geometry": {"location": {"lat": -37.689392, "lng": 144.961317}, "viewport": {"northeast": {"lat": -37.68817507010728, "lng": 144.9626449298927}, "southwest": {"lat": -37.69087472989272, "lng": 144.9599452701073}}}, "icon": "https://maps.gstatic.com/mapfiles/place_api/icons/v1/png_71/generic_business-71.png", "icon_background_color": "#13B5C7", "icon_mask_base_uri": "https://maps.gstatic.com/mapfiles/place_api/icons/v2/generic_pinlet", "name": "King Pets", "opening_hours": {"open_now": false}, "photos": [{"height": 1200, "html_attributions": ["<a href=\"https://maps.google.com/maps/contrib/111488990964449821940\">King Pets</a>"], "photo_reference": "Aap_uED9JZgLIcXcLYbHyZ8HbI1Zhqq67T3j6jz07TwTILadrjIuNJH7lJUNGpF9EU3oogfcwcSb5TSx3ZTECb2xJyCisEjo-_AZNzZYBC01FHEgIlnIad84ZxbiEfTatG0_RYIVw1wDwGryQYYVsi7RcGIU_e9iYcZduZM4yEndsZdMRwMs", "width": 1600}], "place_id": "ChIJyWJis1JF1moRlPV7fMFb-XM", "plus_code": {"compound_code": "8X66+6G Campbellfield, Victoria, Australia", "global_code": "4RJ68X66+6G"}, "rating": 3.9, "reference": "ChIJyWJis1JF1moRlPV7fMFb-XM", "scope": "GOOGLE", "types": ["aquarium", "pet_store", "point_of_interest", "store", "establishment"], "user_ratings_total": 116, "vicinity": "536 Mahoneys Rd, Campbellfield"}}, {"bus_status": "OPERATIONAL", "name": "Reefscape Australia Aquariums PTY LTD", "geo": {"location": {"lat": -37.818211, "lng": 144.961787}, "viewport": {"northeast": {"lat": -37.81682287010727, "lng": 144.9632695798927}, "southwest": {"lat": -37.81952252989272, "lng": 144.9605699201072}}}, "distance": 1000000, "hour": {"open_now": false}, "photo": "Aap_uEBxrdy_o5kdpnnMufE9L0xe7qV-KWDtHy8DbJY6QNbyz5_w4AfU6CilsLUg_4sed6EPxxnW0XM18ZoOSyIV5NayLPNl3FEdzhOsWIFZMHlxUtNrEL-HMz2sL41Ql9KYUxjkkw_tJUhasQvFtnzhPFt0N65DOFt-LCy3lkml8pjHup9p", "price_level": "", "rating": 1, "stars": ["checked", "", "", "", ""], "tags": ["point_of_interest", "establishment"], "user_total_rating": 1, "address": "17/31 Queen St, Melbourne", "map": "https://www.google.com/maps/place/?q=place_id:ChIJlylBzExd1moRAyE97ctQ_m4", "row": {"business_status": "OPERATIONAL", "geometry": {"location": {"lat": -37.818211, "lng": 144.961787}, "viewport": {"northeast": {"lat": -37.81682287010727, "lng": 144.9632695798927}, "southwest": {"lat": -37.81952252989272, "lng": 144.9605699201072}}}, "icon": "https://maps.gstatic.com/mapfiles/place_api/icons/v1/png_71/generic_business-71.png", "icon_background_color": "#7B9EB0", "icon_mask_base_uri": "https://maps.gstatic.com/mapfiles/place_api/icons/v2/generic_pinlet", "name": "Reefscape Australia Aquariums PTY LTD", "opening_hours": {"open_now": false}, "photos": [{"height": 423, "html_attributions": ["<a href=\"https://maps.google.com/maps/contrib/101457980179741080581\">Reefscape Australia</a>"], "photo_reference": "Aap_uEBxrdy_o5kdpnnMufE9L0xe7qV-KWDtHy8DbJY6QNbyz5_w4AfU6CilsLUg_4sed6EPxxnW0XM18ZoOSyIV5NayLPNl3FEdzhOsWIFZMHlxUtNrEL-HMz2sL41Ql9KYUxjkkw_tJUhasQvFtnzhPFt0N65DOFt-LCy3lkml8pjHup9p", "width": 960}], "place_id": "ChIJlylBzExd1moRAyE97ctQ_m4", "plus_code": {"compound_code": "5XJ6+PP Melbourne, Victoria, Australia", "global_code": "4RJ65XJ6+PP"}, "rating": 1, "reference": "ChIJlylBzExd1moRAyE97ctQ_m4", "scope": "GOOGLE", "types": ["point_of_interest", "establishment"], "user_ratings_total": 1, "vicinity": "17/31 Queen St, Melbourne"}}, {"bus_status": "OPERATIONAL", "name": "Aquarium Industries Pty Ltd.", "geo": {"location": {"lat": -37.64618490000001, "lng": 144.9980279}, "viewport": {"northeast": {"lat": -37.64493222010728, "lng": 144.9993607298927}, "southwest": {"lat": -37.64763187989272, "lng": 144.9966610701073}}}, "distance": 1000000, "hour": {"open_now": false}, "photo": "Aap_uEC3kfic3WbYwkgngtR86TsFwwuJ11k_339iMxT1QuVLgHCRM5Jf0YbReTmWOGgwAkHm6JhWTdPegcKoMonGSZHfx-8ZXlFaJrlhFSZmdIz9YpSZJtFPkGcHsH5rCVLJv2J5P01awuK4FVw9JH47pHcKSISEIIzyHSdzlLvO5N-0N17W", "price_level": "", "rating": 3.7, "stars": ["checked", "checked", "checked", "", ""], "tags": ["point_of_interest", "establishment"], "user_total_rating": 6, "address": "26 Shirley Way, Epping", "map": "https://www.google.com/maps/place/?q=place_id:ChIJ68Q_gFpO1moR_PwzUvj87VM", "row": {"business_status": "OPERATIONAL", "geometry": {"location": {"lat": -37.64618490000001, "lng": 144.9980279}, "viewport": {"northeast": {"lat": -37.64493222010728, "lng": 144.9993607298927}, "southwest": {"lat": -37.64763187989272, "lng": 144.9966610701073}}}, "icon": "https://maps.gstatic.com/mapfiles/place_api/icons/v1/png_71/generic_business-71.png", "icon_background_color": "#7B9EB0", "icon_mask_base_uri": "https://maps.gstatic.com/mapfiles/place_api/icons/v2/generic_pinlet", "name": "Aquarium Industries Pty Ltd.", "opening_hours": {"open_now": false}, "photos": [{"height": 800, "html_attributions": ["<a href=\"https://maps.google.com/maps/contrib/105985382425076503233\">Aquarium Industries PTY Ltd.</a>"], "photo_reference": "Aap_uEC3kfic3WbYwkgngtR86TsFwwuJ11k_339iMxT1QuVLgHCRM5Jf0YbReTmWOGgwAkHm6JhWTdPegcKoMonGSZHfx-8ZXlFaJrlhFSZmdIz9YpSZJtFPkGcHsH5rCVLJv2J5P01awuK4FVw9JH47pHcKSISEIIzyHSdzlLvO5N-0N17W", "width": 800}], "place_id": "ChIJ68Q_gFpO1moR_PwzUvj87VM", "plus_code": {"compound_code": "9X3X+G6 Epping, Victoria, Australia", "global_code": "4RJ69X3X+G6"}, "rating": 3.7, "reference": "ChIJ68Q_gFpO1moR_PwzUvj87VM", "scope": "GOOGLE", "types": ["point_of_interest", "establishment"], "user_ratings_total": 6, "vicinity": "26 Shirley Way, Epping"}}, {"bus_status": "OPERATIONAL", "name": "Upmarket Pets", "geo": {"location": {"lat": -37.8083033, "lng": 144.9580904}, "viewport": {"northeast": {"lat": -37.80694747010727, "lng": 144.9593817298927}, "southwest": {"lat": -37.80964712989272, "lng": 144.9566820701073}}}, "distance": 1000000, "hour": {"open_now": true}, "photo": "Aap_uEB0jynKoWOtxbDfBKG5G7R8i7NDLlT25CVa7KwiwbeB-jbJpIiv5kIcOKsVUhDw4hxJk6cXchp0wVIlntwqP88tvbw2T6WpGEEGsgEDE0ri6UIeEIBFAYA6HRgmR2rXwliyw5D6M0DU36V2nUgeWwDI-9Q9mNSlobxJoq-Yb-ZW0B3w", "price_level": "", "rating": 3.3, "stars": ["checked", "checked", "checked", "", ""], "tags": ["pet_store", "point_of_interest", "store", "establishment"], "user_total_rating": 500, "address": "440 Queen St, Melbourne", "map": "https://www.google.com/maps/place/?q=place_id:ChIJq3YGVDRd1moRyNE7aHPyU_Y", "row": {"business_status": "OPERATIONAL", "geometry": {"location": {"lat": -37.8083033, "lng": 144.9580904}, "viewport": {"northeast": {"lat": -37.80694747010727, "lng": 144.9593817298927}, "southwest": {"lat": -37.80964712989272, "lng": 144.9566820701073}}}, "icon": "https://maps.gstatic.com/mapfiles/place_api/icons/v1/png_71/shopping-71.png", "icon_background_color": "#4B96F3", "icon_mask_base_uri": "https://maps.gstatic.com/mapfiles/place_api/icons/v2/shopping_pinlet", "name": "Upmarket Pets", "opening_hours": {"open_now": true}, "photos": [{"height": 3264, "html_attributions": ["<a href=\"https://maps.google.com/maps/contrib/109566913298944139411\">Kin Kin</a>"], "photo_reference": "Aap_uEB0jynKoWOtxbDfBKG5G7R8i7NDLlT25CVa7KwiwbeB-jbJpIiv5kIcOKsVUhDw4hxJk6cXchp0wVIlntwqP88tvbw2T6WpGEEGsgEDE0ri6UIeEIBFAYA6HRgmR2rXwliyw5D6M0DU36V2nUgeWwDI-9Q9mNSlobxJoq-Yb-ZW0B3w", "width": 1836}], "place_id": "ChIJq3YGVDRd1moRyNE7aHPyU_Y", "plus_code": {"compound_code": "5XR5+M6 Melbourne, Victoria, Australia", "global_code": "4RJ65XR5+M6"}, "rating": 3.3, "reference": "ChIJq3YGVDRd1moRyNE7aHPyU_Y", "scope": "GOOGLE", "types": ["pet_store", "point_of_interest", "store", "establishment"], "user_ratings_total": 500, "vicinity": "440 Queen St, Melbourne"}}, {"bus_status": "OPERATIONAL", "name": "Pets Wonderland", "geo": {"location": {"lat": -37.851647, "lng": 144.99354}, "viewport": {"northeast": {"lat": -37.85029502010727, "lng": 144.9948158798927}, "southwest": {"lat": -37.85299467989272, "lng": 144.9921162201072}}}, "distance": 1000000, "hour": {"open_now": false}, "photo": "Aap_uEB6Y8G_mmQd_HTz-VVW7zEFubCF2H36mPkXJ194EtXVg2syWigBWtJecew3mRBVdnCiL4cVvkjiKb7kR2sKYZThn45WCbRG25IuY5Fff1LhDCFh8P9mOynkTXq0-rfQ7B1fNAD-YTQO6clN281urZNetagweu0bqru4fSwEhN3WOoiP", "price_level": "", "rating": 4.5, "stars": ["checked", "checked", "checked", "checked", ""], "tags": ["pet_store", "point_of_interest", "store", "establishment"], "user_total_rating": 155, "address": "184 Chapel St, Prahran", "map": "https://www.google.com/maps/place/?q=place_id:ChIJn4m0pDpo1moRYYrMLVgklOk", "row": {"business_status": "OPERATIONAL", "geometry": {"location": {"lat": -37.851647, "lng": 144.99354}, "viewport": {"northeast": {"lat": -37.85029502010727, "lng": 144.9948158798927}, "southwest": {"lat": -37.85299467989272, "lng": 144.9921162201072}}}, "icon": "https://maps.gstatic.com/mapfiles/place_api/icons/v1/png_71/shopping-71.png", "icon_background_color": "#4B96F3", "icon_mask_base_uri": "https://maps.gstatic.com/mapfiles/place_api/icons/v2/shopping_pinlet", "name": "Pets Wonderland", "opening_hours": {"open_now": false}, "photos": [{"height": 3024, "html_attributions": ["<a href=\"https://maps.google.com/maps/contrib/117319194945603817284\">prudhvi tripuraneni</a>"], "photo_reference": "Aap_uEB6Y8G_mmQd_HTz-VVW7zEFubCF2H36mPkXJ194EtXVg2syWigBWtJecew3mRBVdnCiL4cVvkjiKb7kR2sKYZThn45WCbRG25IuY5Fff1LhDCFh8P9mOynkTXq0-rfQ7B1fNAD-YTQO6clN281urZNetagweu0bqru4fSwEhN3WOoiP", "width": 4032}], "place_id": "ChIJn4m0pDpo1moRYYrMLVgklOk", "plus_code": {"compound_code": "4XXV+8C Prahran, Victoria, Australia", "global_code": "4RJ64XXV+8C"}, "rating": 4.5, "reference": "ChIJn4m0pDpo1moRYYrMLVgklOk", "scope": "GOOGLE", "types": ["pet_store", "point_of_interest", "store", "establishment"], "user_ratings_total": 155, "vicinity": "184 Chapel St, Prahran"}}, {"bus_status": "OPERATIONAL", "name": "Oz Aquarium Distributors", "geo": {"location": {"lat": -37.83977900000001, "lng": 144.840306}, "viewport": {"northeast": {"lat": -37.83853612010728, "lng": 144.8416390298927}, "southwest": {"lat": -37.84123577989272, "lng": 144.8389393701073}}}, "distance": 1000000, "hour": {"open_now": false}, "photo": "Aap_uECRkQbfLPJiRS93XOCAHZARkQzm2bNoOPm8ThWumQ2ip8JHSf0Vn9EXh7KvS9zfnvZBgzp3SlpE26i3eq_Uay3WEsAsaaNxPnkvde2D-Li9dM1PWgqH1COxgupQaCSeJM7mzp5wblDc7HxfQGDUORaUijo3YHmgFaf9-0X8XRRUzrf6", "price_level": "", "rating": 3.3, "stars": ["checked", "checked", "checked", "", ""], "tags": ["storage", "point_of_interest", "establishment"], "user_total_rating": 7, "address": "7a/37 Chambers Rd, Altona North", "map": "https://www.google.com/maps/place/?q=place_id:ChIJ87PvTbhg1moR-wcIK3rITOo", "row": {"business_status": "OPERATIONAL", "geometry": {"location": {"lat": -37.83977900000001, "lng": 144.840306}, "viewport": {"northeast": {"lat": -37.83853612010728, "lng": 144.8416390298927}, "southwest": {"lat": -37.84123577989272, "lng": 144.8389393701073}}}, "icon": "https://maps.gstatic.com/mapfiles/place_api/icons/v1/png_71/generic_business-71.png", "icon_background_color": "#7B9EB0", "icon_mask_base_uri": "https://maps.gstatic.com/mapfiles/place_api/icons/v2/generic_pinlet", "name": "Oz Aquarium Distributors", "opening_hours": {"open_now": false}, "photos": [{"height": 448, "html_attributions": ["<a href=\"https://maps.google.com/maps/contrib/100218650481023573610\">A Google User</a>"], "photo_reference": "Aap_uECRkQbfLPJiRS93XOCAHZARkQzm2bNoOPm8ThWumQ2ip8JHSf0Vn9EXh7KvS9zfnvZBgzp3SlpE26i3eq_Uay3WEsAsaaNxPnkvde2D-Li9dM1PWgqH1COxgupQaCSeJM7mzp5wblDc7HxfQGDUORaUijo3YHmgFaf9-0X8XRRUzrf6", "width": 925}], "place_id": "ChIJ87PvTbhg1moR-wcIK3rITOo", "plus_code": {"compound_code": "5R6R+34 Altona North, Victoria, Australia", "global_code": "4RJ65R6R+34"}, "rating": 3.3, "reference": "ChIJ87PvTbhg1moR-wcIK3rITOo", "scope": "GOOGLE", "types": ["storage", "point_of_interest", "establishment"], "user_ratings_total": 7, "vicinity": "7a/37 Chambers Rd, Altona North"}}, {"bus_status": "OPERATIONAL", "name": "Pet Worx", "geo": {"location": {"lat": -37.7313879, "lng": 144.9540777}, "viewport": {"northeast": {"lat": -37.73005397010728, "lng": 144.9555952298927}, "southwest": {"lat": -37.73275362989272, "lng": 144.9528955701072}}}, "distance": 1000000, "hour": {"open_now": false}, "photo": "", "price_level": "", "rating": 0, "stars": ["", "", "", "", ""], "tags": ["pet_store", "point_of_interest", "store", "establishment"], "user_total_rating": 0, "address": "15 Roosevelt St, Coburg North", "map": "https://www.google.com/maps/place/?q=place_id:ChIJI-iy6zZb1moRnQ2gXBQVbTI", "row": {"business_status": "OPERATIONAL", "geometry": {"location": {"lat": -37.7313879, "lng": 144.9540777}, "viewport": {"northeast": {"lat": -37.73005397010728, "lng": 144.9555952298927}, "southwest": {"lat": -37.73275362989272, "lng": 144.9528955701072}}}, "icon": "https://maps.gstatic.com/mapfiles/place_api/icons/v1/png_71/shopping-71.png", "icon_background_color": "#4B96F3", "icon_mask_base_uri": "https://maps.gstatic.com/mapfiles/place_api/icons/v2/shopping_pinlet", "name": "Pet Worx", "opening_hours": {"open_now": false}, "place_id": "ChIJI-iy6zZb1moRnQ2gXBQVbTI", "plus_code": {"compound_code": "7X93+CJ Coburg North, Victoria, Australia", "global_code": "4RJ67X93+CJ"}, "rating": 0, "reference": "ChIJI-iy6zZb1moRnQ2gXBQVbTI", "scope": "GOOGLE", "types": ["pet_store", "point_of_interest", "store", "establishment"], "user_ratings_total": 0, "vicinity": "15 Roosevelt St, Coburg North"}}, {"bus_status": "OPERATIONAL", "name": "Upmarket Pets & Aquarium Collingwood", "geo": {"location": {"lat": -37.804328, "lng": 144.991799}, "viewport": {"northeast": {"lat": -37.80298522010727, "lng": 144.9932172298927}, "southwest": {"lat": -37.80568487989272, "lng": 144.9905175701072}}}, "distance": 1000000, "hour": {"open_now": false}, "photo": "Aap_uEADpXPtXXFm0PoIaZNJUaMWLoza2QEl6BkEqXjm3cUR7EzMnuqk7Ag3t73ddHnrnS_4AD_nO1eBuyQcw-2tM_dJoVrWreatcnwTBcLO25uWyi3GYDt8RGM7XsG4u1i_EiUFIMPZ9Hjwr2PIipNZAKXL6Y0gL0WyWgKA-vloujv76lLu", "price_level": "", "rating": 5, "stars": ["checked", "checked", "checked", "checked", "checked"], "tags": ["pet_store", "point_of_interest", "store", "establishment"], "user_total_rating": 10, "address": "4 Hood St, Collingwood", "map": "https://www.google.com/maps/place/?q=place_id:ChIJpwWIMNFD1moRQfTu1X6ei-4", "row": {"business_status": "OPERATIONAL", "geometry": {"location": {"lat": -37.804328, "lng": 144.991799}, "viewport": {"northeast": {"lat": -37.80298522010727, "lng": 144.9932172298927}, "southwest": {"lat": -37.80568487989272, "lng": 144.9905175701072}}}, "icon": "https://maps.gstatic.com/mapfiles/place_api/icons/v1/png_71/shopping-71.png", "icon_background_color": "#4B96F3", "icon_mask_base_uri": "https://maps.gstatic.com/mapfiles/place_api/icons/v2/shopping_pinlet", "name": "Upmarket Pets & Aquarium Collingwood", "opening_hours": {"open_now": false}, "photos": [{"height": 315, "html_attributions": ["<a href=\"https://maps.google.com/maps/contrib/108012251215152117523\">A Google User</a>"], "photo_reference": "Aap_uEADpXPtXXFm0PoIaZNJUaMWLoza2QEl6BkEqXjm3cUR7EzMnuqk7Ag3t73ddHnrnS_4AD_nO1eBuyQcw-2tM_dJoVrWreatcnwTBcLO25uWyi3GYDt8RGM7XsG4u1i_EiUFIMPZ9Hjwr2PIipNZAKXL6Y0gL0WyWgKA-vloujv76lLu", "width": 851}], "place_id": "ChIJpwWIMNFD1moRQfTu1X6ei-4", "plus_code": {"compound_code": "5XWR+7P Collingwood, Victoria, Australia", "global_code": "4RJ65XWR+7P"}, "rating": 5, "reference": "ChIJpwWIMNFD1moRQfTu1X6ei-4", "scope": "GOOGLE", "types": ["pet_store", "point_of_interest", "store", "establishment"], "user_ratings_total": 10, "vicinity": "4 Hood St, Collingwood"}}, {"bus_status": "OPERATIONAL", "name": "Animal House Pet Shop", "geo": {"location": {"lat": -37.9016353, "lng": 144.6620685}, "viewport": {"northeast": {"lat": -37.90031542010728, "lng": 144.6634411298927}, "southwest": {"lat": -37.90301507989273, "lng": 144.6607414701072}}}, "distance": 1000000, "hour": {"open_now": false}, "photo": "Aap_uEC_1cTBnoVA7AqZr0-Bdt6AzRzUKKSrcPyeBPuAV6WoVEXhch-xWCr0APbLNVvyRVXO_FffhHzsBo90oM8UQjS1qPUdWDIsypi05M2-cFdkHqvE07pmvM5rWeXM3UzYQdMKXsIqN8TDQZSuYkD9PsLgzNg55lrm56a51WxZitg1Z2nO", "price_level": "", "rating": 3.9, "stars": ["checked", "checked", "checked", "", ""], "tags": ["pet_store", "point_of_interest", "store", "establishment"], "user_total_rating": 51, "address": "Rushford Ln, Werribee", "map": "https://www.google.com/maps/place/?q=place_id:ChIJ4YPnXqSF1moRIJ2PQWBhiOE", "row": {"business_status": "OPERATIONAL", "geometry": {"location": {"lat": -37.9016353, "lng": 144.6620685}, "viewport": {"northeast": {"lat": -37.90031542010728, "lng": 144.6634411298927}, "southwest": {"lat": -37.90301507989273, "lng": 144.6607414701072}}}, "icon": "https://maps.gstatic.com/mapfiles/place_api/icons/v1/png_71/shopping-71.png", "icon_background_color": "#4B96F3", "icon_mask_base_uri": "https://maps.gstatic.com/mapfiles/place_api/icons/v2/shopping_pinlet", "name": "Animal House Pet Shop", "opening_hours": {"open_now": false}, "photos": [{"height": 1080, "html_attributions": ["<a href=\"https://maps.google.com/maps/contrib/102305513038493643117\">jonathan chaney</a>"], "photo_reference": "Aap_uEC_1cTBnoVA7AqZr0-Bdt6AzRzUKKSrcPyeBPuAV6WoVEXhch-xWCr0APbLNVvyRVXO_FffhHzsBo90oM8UQjS1qPUdWDIsypi05M2-cFdkHqvE07pmvM5rWeXM3UzYQdMKXsIqN8TDQZSuYkD9PsLgzNg55lrm56a51WxZitg1Z2nO", "width": 1920}], "place_id": "ChIJ4YPnXqSF1moRIJ2PQWBhiOE", "plus_code": {"compound_code": "3MX6+8R Werribee, Victoria, Australia", "global_code": "4RJ63MX6+8R"}, "rating": 3.9, "reference": "ChIJ4YPnXqSF1moRIJ2PQWBhiOE", "scope": "GOOGLE", "types": ["pet_store", "point_of_interest", "store", "establishment"], "user_ratings_total": 51, "vicinity": "Rushford Ln, Werribee"}}, {"bus_status": "OPERATIONAL", "name": "Reefscape Aquarium Services", "geo": {"location": {"lat": -37.87448200000001, "lng": 144.985837}, "viewport": {"northeast": {"lat": -37.87310332010728, "lng": 144.9872605798927}, "southwest": {"lat": -37.87580297989273, "lng": 144.9845609201073}}}, "distance": 1000000, "hour": "", "photo": "", "price_level": "", "rating": 0, "stars": ["", "", "", "", ""], "tags": ["point_of_interest", "establishment"], "user_total_rating": 0, "address": "2 Browning St, Elwood", "map": "https://www.google.com/maps/place/?q=place_id:ChIJZ4itFchp1moRZw1xUvLZ3F4", "row": {"business_status": "OPERATIONAL", "geometry": {"location": {"lat": -37.87448200000001, "lng": 144.985837}, "viewport": {"northeast": {"lat": -37.87310332010728, "lng": 144.9872605798927}, "southwest": {"lat": -37.87580297989273, "lng": 144.9845609201073}}}, "icon": "https://maps.gstatic.com/mapfiles/place_api/icons/v1/png_71/generic_business-71.png", "icon_background_color": "#7B9EB0", "icon_mask_base_uri": "https://maps.gstatic.com/mapfiles/place_api/icons/v2/generic_pinlet", "name": "Reefscape Aquarium Services", "place_id": "ChIJZ4itFchp1moRZw1xUvLZ3F4", "plus_code": {"compound_code": "4XGP+68 Elwood, Victoria, Australia", "global_code": "4RJ64XGP+68"}, "rating": 0, "reference": "ChIJZ4itFchp1moRZw1xUvLZ3F4", "scope": "GOOGLE", "types": ["point_of_interest", "establishment"], "user_ratings_total": 0, "vicinity": "2 Browning St, Elwood"}}, {"bus_status": "OPERATIONAL", "name": "Piece of the reef Aquarium", "geo": {"location": {"lat": -37.9081721, "lng": 144.7804744}, "viewport": {"northeast": {"lat": -37.90679067010728, "lng": 144.7816027298927}, "southwest": {"lat": -37.90949032989273, "lng": 144.7789030701072}}}, "distance": 1000000, "hour": "", "photo": "", "price_level": "", "rating": 0, "stars": ["", "", "", "", ""], "tags": ["museum", "point_of_interest", "establishment"], "user_total_rating": 0, "address": "Saltwater Promenade, Point Cook", "map": "https://www.google.com/maps/place/?q=place_id:ChIJjYM_4D2J1moRKt_kOo7Bhyk", "row": {"business_status": "OPERATIONAL", "geometry": {"location": {"lat": -37.9081721, "lng": 144.7804744}, "viewport": {"northeast": {"lat": -37.90679067010728, "lng": 144.7816027298927}, "southwest": {"lat": -37.90949032989273, "lng": 144.7789030701072}}}, "icon": "https://maps.gstatic.com/mapfiles/place_api/icons/v1/png_71/museum-71.png", "icon_background_color": "#13B5C7", "icon_mask_base_uri": "https://maps.gstatic.com/mapfiles/place_api/icons/v2/museum_pinlet", "name": "Piece of the reef Aquarium", "place_id": "ChIJjYM_4D2J1moRKt_kOo7Bhyk", "plus_code": {"compound_code": "3QRJ+P5 Point Cook, Victoria, Australia", "global_code": "4RJ63QRJ+P5"}, "rating": 0, "reference": "ChIJjYM_4D2J1moRKt_kOo7Bhyk", "scope": "GOOGLE", "types": ["museum", "point_of_interest", "establishment"], "user_ratings_total": 0, "vicinity": "Saltwater Promenade, Point Cook"}}, {"bus_status": "OPERATIONAL", "name": "Oz Aquarium Distributors", "geo": {"location": {"lat": -37.8070887, "lng": 144.7392855}, "viewport": {"northeast": {"lat": -37.80571427010728, "lng": 144.7406388798927}, "southwest": {"lat": -37.80841392989272, "lng": 144.7379392201073}}}, "distance": 1000000, "hour": "", "photo": "", "price_level": "", "rating": 0, "stars": ["", "", "", "", ""], "tags": ["storage", "point_of_interest", "establishment"], "user_total_rating": 0, "address": "4 Archer Rd, Truganina", "map": "https://www.google.com/maps/place/?q=place_id:ChIJ8RVWlzWL1moRWAqnkSHqzVI", "row": {"business_status": "OPERATIONAL", "geometry": {"location": {"lat": -37.8070887, "lng": 144.7392855}, "viewport": {"northeast": {"lat": -37.80571427010728, "lng": 144.7406388798927}, "southwest": {"lat": -37.80841392989272, "lng": 144.7379392201073}}}, "icon": "https://maps.gstatic.com/mapfiles/place_api/icons/v1/png_71/generic_business-71.png", "icon_background_color": "#7B9EB0", "icon_mask_base_uri": "https://maps.gstatic.com/mapfiles/place_api/icons/v2/generic_pinlet", "name": "Oz Aquarium Distributors", "place_id": "ChIJ8RVWlzWL1moRWAqnkSHqzVI", "plus_code": {"compound_code": "5PVQ+5P Truganina, Victoria, Australia", "global_code": "4RJ65PVQ+5P"}, "rating": 0, "reference": "ChIJ8RVWlzWL1moRWAqnkSHqzVI", "scope": "GOOGLE", "types": ["storage", "point_of_interest", "establishment"], "user_ratings_total": 0, "vicinity": "4 Archer Rd, Truganina"}}]