[{"bus_status": "OPERATIONAL", "name": "Commercial Hotel Boggabri", "geo": {"location": {"lat": -30.70349999999999, "lng": 150.044}, "viewport": {"northeast": {"lat": -30.70216282010728, "lng": 150.0454418798927}, "southwest": {"lat": -30.70486247989272, "lng": 150.0427422201073}}}, "distance": 1000000, "hour": {"open_now": true}, "photo": "Aap_uEDZNsVmzcyM68Jhs1i0skEl9YpYNpML8NJTKXdd5Pq8ryImmr5MG-xAGo71Ksyp6cLpFtGfOr6WviYPx2olaSbYrNlH866T8t1XOVovJsQyjZCBjh_fpLzvLWMrLZKbUC2x9r4cOnjC4UXrX5rDravSiYQqhOLVhBMvIhdOg6MfaUVM", "price_level": "", "rating": 4.2, "stars": ["checked", "checked", "checked", "checked", ""], "tags": ["lodging", "bar", "liquor_store", "restaurant"], "user_total_rating": 60, "address": "160 Merton St, Boggabri", "map": "https://www.google.com/maps/place/?q=place_id:ChIJRdszPQymoGsR5xsCJThWEiE", "row": {"business_status": "OPERATIONAL", "geometry": {"location": {"lat": -30.70349999999999, "lng": 150.044}, "viewport": {"northeast": {"lat": -30.70216282010728, "lng": 150.0454418798927}, "southwest": {"lat": -30.70486247989272, "lng": 150.0427422201073}}}, "icon": "https://maps.gstatic.com/mapfiles/place_api/icons/v1/png_71/bar-71.png", "icon_background_color": "#FF9E67", "icon_mask_base_uri": "https://maps.gstatic.com/mapfiles/place_api/icons/v2/bar_pinlet", "name": "Commercial Hotel Boggabri", "opening_hours": {"open_now": true}, "photos": [{"height": 4032, "html_attributions": ["<a href=\"https://maps.google.com/maps/contrib/116746257263843680142\">\u9673\u5a49\u73b2</a>"], "photo_reference": "Aap_uEDZNsVmzcyM68Jhs1i0skEl9YpYNpML8NJTKXdd5Pq8ryImmr5MG-xAGo71Ksyp6cLpFtGfOr6WviYPx2olaSbYrNlH866T8t1XOVovJsQyjZCBjh_fpLzvLWMrLZKbUC2x9r4cOnjC4UXrX5rDravSiYQqhOLVhBMvIhdOg6MfaUVM", "width": 3024}], "place_id": "ChIJRdszPQymoGsR5xsCJThWEiE", "plus_code": {"compound_code": "72WV+JH Boggabri, New South Wales, Australia", "global_code": "4RXG72WV+JH"}, "rating": 4.2, "reference": "ChIJRdszPQymoGsR5xsCJThWEiE", "scope": "GOOGLE", "types": ["lodging", "bar", "liquor_store", "restaurant", "food", "point_of_interest", "store", "establishment"], "user_ratings_total": 60, "vicinity": "160 Merton St, Boggabri"}}, {"bus_status": "OPERATIONAL", "name": "Boggabri Nestle Inn", "geo": {"location": {"lat": -30.710407, "lng": 150.0423293}, "viewport": {"northeast": {"lat": -30.70909667010728, "lng": 150.0439714798927}, "southwest": {"lat": -30.71179632989272, "lng": 150.0412718201073}}}, "distance": 1000000, "hour": "", "photo": "Aap_uEBoAOdPfl-YNvJ6B8dRqg2Hq4QG0NA1fD4nkgxItGRokVtciNHAy2guzz5965GbjjX31D2enLkifbijOdJW9qzVxjyS8v-P9Je03V21_TK7EhvWyDPJFl73ctGEAY8-vrvW7kZ4DR2JIRHVKfYC2t6GBWOPnrd4ysWLXKIBjdbYoHls", "price_level": "", "rating": 4.1, "stars": ["checked", "checked", "checked", "checked", ""], "tags": ["lodging", "point_of_interest", "establishment"], "user_total_rating": 17, "address": "54 Merton St, Boggabri", "map": "https://www.google.com/maps/place/?q=place_id:ChIJvTYNbxGmoGsRS22sOdIvpxI", "row": {"business_status": "OPERATIONAL", "geometry": {"location": {"lat": -30.710407, "lng": 150.0423293}, "viewport": {"northeast": {"lat": -30.70909667010728, "lng": 150.0439714798927}, "southwest": {"lat": -30.71179632989272, "lng": 150.0412718201073}}}, "icon": "https://maps.gstatic.com/mapfiles/place_api/icons/v1/png_71/lodging-71.png", "icon_background_color": "#909CE1", "icon_mask_base_uri": "https://maps.gstatic.com/mapfiles/place_api/icons/v2/hotel_pinlet", "name": "Boggabri Nestle Inn", "photos": [{"height": 1836, "html_attributions": ["<a href=\"https://maps.google.com/maps/contrib/115773994878189810297\">Stuart Hector</a>"], "photo_reference": "Aap_uEBoAOdPfl-YNvJ6B8dRqg2Hq4QG0NA1fD4nkgxItGRokVtciNHAy2guzz5965GbjjX31D2enLkifbijOdJW9qzVxjyS8v-P9Je03V21_TK7EhvWyDPJFl73ctGEAY8-vrvW7kZ4DR2JIRHVKfYC2t6GBWOPnrd4ysWLXKIBjdbYoHls", "width": 3264}], "place_id": "ChIJvTYNbxGmoGsRS22sOdIvpxI", "plus_code": {"compound_code": "72QR+RW Boggabri, New South Wales, Australia", "global_code": "4RXG72QR+RW"}, "rating": 4.1, "reference": "ChIJvTYNbxGmoGsRS22sOdIvpxI", "scope": "GOOGLE", "types": ["lodging", "point_of_interest", "establishment"], "user_ratings_total": 17, "vicinity": "54 Merton St, Boggabri"}}, {"bus_status": "OPERATIONAL", "name": "Vault Restaurant and Accommodation", "geo": {"location": {"lat": -30.7043413, "lng": 150.0443455}, "viewport": {"northeast": {"lat": -30.70297047010728, "lng": 150.0455426298927}, "southwest": {"lat": -30.70567012989272, "lng": 150.0428429701073}}}, "distance": 1000000, "hour": {"open_now": false}, "photo": "Aap_uEDR2I-8e7Jq40e7R5j36SVgNfyTU1pVcLhiuodaCimR7dJk6JbkUGs2sOPHP2VgN4YhfDjeva0E2c1XoL2rGNG4x1ui76ErbFIZHGA34ac2ssX6eOB4uO4PgJ3R8Zp-n3PWjId3ZX7zaERmiVNic0X5P9RfClau-EMf0n19AXiBor8", "price_level": 2, "rating": 4.9, "stars": ["checked", "checked", "checked", "checked", ""], "tags": ["restaurant", "food", "point_of_interest", "establishment"], "user_total_rating": 41, "address": "135 Merton St, Boggabri", "map": "https://www.google.com/maps/place/?q=place_id:ChIJxxAgNwymoGsR6t-ha2z-w1I", "row": {"business_status": "OPERATIONAL", "geometry": {"location": {"lat": -30.7043413, "lng": 150.0443455}, "viewport": {"northeast": {"lat": -30.70297047010728, "lng": 150.0455426298927}, "southwest": {"lat": -30.70567012989272, "lng": 150.0428429701073}}}, "icon": "https://maps.gstatic.com/mapfiles/place_api/icons/v1/png_71/restaurant-71.png", "icon_background_color": "#FF9E67", "icon_mask_base_uri": "https://maps.gstatic.com/mapfiles/place_api/icons/v2/restaurant_pinlet", "name": "Vault Restaurant and Accommodation", "opening_hours": {"open_now": false}, "photos": [{"height": 3264, "html_attributions": ["<a href=\"https://maps.google.com/maps/contrib/110253438842770944052\">Vault Restaurant and Accommodation</a>"], "photo_reference": "Aap_uEDR2I-8e7Jq40e7R5j36SVgNfyTU1pVcLhiuodaCimR7dJk6JbkUGs2sOPHP2VgN4YhfDjeva0E2c1XoL2rGNG4x1ui76ErbFIZHGA34ac2ssX6eOB4uO4PgJ3R8Zp-n3PWjId3ZX7zaERmiVNic0X5P9RfClau-EMf0n19AXiBor8", "width": 2448}], "place_id": "ChIJxxAgNwymoGsR6t-ha2z-w1I", "plus_code": {"compound_code": "72WV+7P Boggabri, New South Wales, Australia", "global_code": "4RXG72WV+7P"}, "price_level": 2, "rating": 4.9, "reference": "ChIJxxAgNwymoGsR6t-ha2z-w1I", "scope": "GOOGLE", "types": ["restaurant", "food", "point_of_interest", "establishment"], "user_ratings_total": 41, "vicinity": "135 Merton St, Boggabri"}}]