[{"bus_status": "OPERATIONAL", "name": "Anytime Fitness", "geo": {"location": {"lat": -37.5732538, "lng": 143.8358885}, "viewport": {"northeast": {"lat": -37.57179187010728, "lng": 143.8372001298928}, "southwest": {"lat": -37.57449152989272, "lng": 143.8345004701073}}}, "distance": 1000000, "hour": {"open_now": true}, "photo": "Aap_uECUllH21LCqhbmkKJaYc2R3Efe07-iwpap5EwMWwrldcrvezERiJG4SvNP48W2zd-Hz0rgpwVX8LhApF9j1tj9ik7ozGjvnSRYRdG91eY79kIzfIitrcG2UEnjOvYH0WDiSKzBGM3bgfZsX-R00dNUhk93-l9gzxXdZUwCNC1iF9Olj", "price_level": "", "rating": 4.5, "stars": ["checked", "checked", "checked", "checked", ""], "tags": ["gym", "health", "point_of_interest", "establishment"], "user_total_rating": 74, "address": "601/603 La Trobe St, Redan", "map": "https://www.google.com/maps/place/?q=place_id:ChIJtVGEIr1E0WoRERFI28zqO9o", "row": {"business_status": "OPERATIONAL", "geometry": {"location": {"lat": -37.5732538, "lng": 143.8358885}, "viewport": {"northeast": {"lat": -37.57179187010728, "lng": 143.8372001298928}, "southwest": {"lat": -37.57449152989272, "lng": 143.8345004701073}}}, "icon": "https://maps.gstatic.com/mapfiles/place_api/icons/v1/png_71/generic_business-71.png", "icon_background_color": "#7B9EB0", "icon_mask_base_uri": "https://maps.gstatic.com/mapfiles/place_api/icons/v2/generic_pinlet", "name": "Anytime Fitness", "opening_hours": {"open_now": true}, "photos": [{"height": 3024, "html_attributions": ["<a href=\"https://maps.google.com/maps/contrib/112495379240068388605\">A Google User</a>"], "photo_reference": "Aap_uECUllH21LCqhbmkKJaYc2R3Efe07-iwpap5EwMWwrldcrvezERiJG4SvNP48W2zd-Hz0rgpwVX8LhApF9j1tj9ik7ozGjvnSRYRdG91eY79kIzfIitrcG2UEnjOvYH0WDiSKzBGM3bgfZsX-R00dNUhk93-l9gzxXdZUwCNC1iF9Olj", "width": 4032}], "place_id": "ChIJtVGEIr1E0WoRERFI28zqO9o", "plus_code": {"compound_code": "CRGP+M9 Redan, Victoria, Australia", "global_code": "4RJ5CRGP+M9"}, "rating": 4.5, "reference": "ChIJtVGEIr1E0WoRERFI28zqO9o", "scope": "GOOGLE", "types": ["gym", "health", "point_of_interest", "establishment"], "user_ratings_total": 74, "vicinity": "601/603 La Trobe St, Redan"}}, {"bus_status": "OPERATIONAL", "name": "Fernwood Fitness", "geo": {"location": {"lat": -37.5595956, "lng": 143.8584361}, "viewport": {"northeast": {"lat": -37.55835167010727, "lng": 143.8598565798927}, "southwest": {"lat": -37.56105132989272, "lng": 143.8571569201073}}}, "distance": 1000000, "hour": {"open_now": true}, "photo": "Aap_uEBrWvzcTIEA2O-7TEiCqrfHYP4GEDBvOVat4E4yPI_fFbrF525WBSbKsSboTicp3rSmdlecykxP8HnHn7yVSwUefMACYDh5ddhA58mEIpugYDeGrN1F2hfATJTfopEldwJPPfxAqALuCAgyW3qQ376IG4E6wygOW4NMTuMyw_bc6ttq", "price_level": "", "rating": 4.7, "stars": ["checked", "checked", "checked", "checked", ""], "tags": ["gym", "health", "point_of_interest", "establishment"], "user_total_rating": 45, "address": "102 Lydiard St N, Ballarat Central", "map": "https://www.google.com/maps/place/?q=place_id:ChIJwwtFRvhE0WoRnDp2Xlgrqvo", "row": {"business_status": "OPERATIONAL", "geometry": {"location": {"lat": -37.5595956, "lng": 143.8584361}, "viewport": {"northeast": {"lat": -37.55835167010727, "lng": 143.8598565798927}, "southwest": {"lat": -37.56105132989272, "lng": 143.8571569201073}}}, "icon": "https://maps.gstatic.com/mapfiles/place_api/icons/v1/png_71/generic_business-71.png", "icon_background_color": "#7B9EB0", "icon_mask_base_uri": "https://maps.gstatic.com/mapfiles/place_api/icons/v2/generic_pinlet", "name": "Fernwood Fitness", "opening_hours": {"open_now": true}, "photos": [{"height": 4032, "html_attributions": ["<a href=\"https://maps.google.com/maps/contrib/115790969084914990190\">A Google User</a>"], "photo_reference": "Aap_uEBrWvzcTIEA2O-7TEiCqrfHYP4GEDBvOVat4E4yPI_fFbrF525WBSbKsSboTicp3rSmdlecykxP8HnHn7yVSwUefMACYDh5ddhA58mEIpugYDeGrN1F2hfATJTfopEldwJPPfxAqALuCAgyW3qQ376IG4E6wygOW4NMTuMyw_bc6ttq", "width": 3024}], "place_id": "ChIJwwtFRvhE0WoRnDp2Xlgrqvo", "plus_code": {"compound_code": "CVR5+59 Ballarat Central, Victoria, Australia", "global_code": "4RJ5CVR5+59"}, "rating": 4.7, "reference": "ChIJwwtFRvhE0WoRnDp2Xlgrqvo", "scope": "GOOGLE", "types": ["gym", "health", "point_of_interest", "establishment"], "user_ratings_total": 45, "vicinity": "102 Lydiard St N, Ballarat Central"}}, {"bus_status": "OPERATIONAL", "name": "D2E GYM", "geo": {"location": {"lat": -37.580149, "lng": 143.825134}, "viewport": {"northeast": {"lat": -37.57894977010728, "lng": 143.8265199298928}, "southwest": {"lat": -37.58164942989272, "lng": 143.8238202701073}}}, "distance": 1000000, "hour": {"open_now": false}, "photo": "Aap_uEAb25lDwPmDNRoF5fs92Qpzz5H-O-O-xgcoGTCMWcmw8ATckL4jHyOJivuYOpO0Ak2Zum_LTB1U85Za0ccpXfYfrT7olhNWIVEOdmpZh9Gf_NAcaiOmr2PJgG7mAVNcWZhzZP-jdf2f1UnD_eUBrM5Ft1LwsN0qgrDqfDCVYJobIDHd", "price_level": "", "rating": 4.9, "stars": ["checked", "checked", "checked", "checked", ""], "tags": ["gym", "health", "point_of_interest", "establishment"], "user_total_rating": 106, "address": "5/6 Raydon Ct, Delacombe", "map": "https://www.google.com/maps/place/?q=place_id:ChIJa9_8v6lE0WoR2ypt4KEollI", "row": {"business_status": "OPERATIONAL", "geometry": {"location": {"lat": -37.580149, "lng": 143.825134}, "viewport": {"northeast": {"lat": -37.57894977010728, "lng": 143.8265199298928}, "southwest": {"lat": -37.58164942989272, "lng": 143.8238202701073}}}, "icon": "https://maps.gstatic.com/mapfiles/place_api/icons/v1/png_71/generic_business-71.png", "icon_background_color": "#7B9EB0", "icon_mask_base_uri": "https://maps.gstatic.com/mapfiles/place_api/icons/v2/generic_pinlet", "name": "D2E GYM", "opening_hours": {"open_now": false}, "photos": [{"height": 3744, "html_attributions": ["<a href=\"https://maps.google.com/maps/contrib/105372589159659099861\">D2E</a>"], "photo_reference": "Aap_uEAb25lDwPmDNRoF5fs92Qpzz5H-O-O-xgcoGTCMWcmw8ATckL4jHyOJivuYOpO0Ak2Zum_LTB1U85Za0ccpXfYfrT7olhNWIVEOdmpZh9Gf_NAcaiOmr2PJgG7mAVNcWZhzZP-jdf2f1UnD_eUBrM5Ft1LwsN0qgrDqfDCVYJobIDHd", "width": 5616}], "place_id": "ChIJa9_8v6lE0WoR2ypt4KEollI", "plus_code": {"compound_code": "CR9G+W3 Delacombe, Victoria, Australia", "global_code": "4RJ5CR9G+W3"}, "rating": 4.9, "reference": "ChIJa9_8v6lE0WoR2ypt4KEollI", "scope": "GOOGLE", "types": ["gym", "health", "point_of_interest", "establishment"], "user_ratings_total": 106, "vicinity": "5/6 Raydon Ct, Delacombe"}}, {"bus_status": "OPERATIONAL", "name": "Jetts Wendouree", "geo": {"location": {"lat": -37.5418028, "lng": 143.8424937}, "viewport": {"northeast": {"lat": -37.54055052010727, "lng": 143.8440110298927}, "southwest": {"lat": -37.54325017989272, "lng": 143.8413113701073}}}, "distance": 1000000, "hour": {"open_now": false}, "photo": "Aap_uEDVFOtwwMixBxz4bbyKORPZlxNNE3yBRDaH-vdttFZZktLCKyhvaqowE3YzbuBzyTjSqNiPA2fQs2X-SApYq32dlHl4qv17y-RruMIJ1TCvoCGSsDf_-rn-k5bXcCnmkcPHT2EgMz0fAPj9kOXOGxKySANKUc81ZB2UeWzOuq2_9Plp", "price_level": "", "rating": 4.4, "stars": ["checked", "checked", "checked", "checked", ""], "tags": ["gym", "health", "point_of_interest", "establishment"], "user_total_rating": 37, "address": "901 Howitt Street, Wendouree", "map": "https://www.google.com/maps/place/?q=place_id:ChIJ3074c2lE0WoRgTh203iLJPA", "row": {"business_status": "OPERATIONAL", "geometry": {"location": {"lat": -37.5418028, "lng": 143.8424937}, "viewport": {"northeast": {"lat": -37.54055052010727, "lng": 143.8440110298927}, "southwest": {"lat": -37.54325017989272, "lng": 143.8413113701073}}}, "icon": "https://maps.gstatic.com/mapfiles/place_api/icons/v1/png_71/generic_business-71.png", "icon_background_color": "#7B9EB0", "icon_mask_base_uri": "https://maps.gstatic.com/mapfiles/place_api/icons/v2/generic_pinlet", "name": "Jetts Wendouree", "opening_hours": {"open_now": false}, "photos": [{"height": 3864, "html_attributions": ["<a href=\"https://maps.google.com/maps/contrib/104965652437427356466\">David Sarkies</a>"], "photo_reference": "Aap_uEDVFOtwwMixBxz4bbyKORPZlxNNE3yBRDaH-vdttFZZktLCKyhvaqowE3YzbuBzyTjSqNiPA2fQs2X-SApYq32dlHl4qv17y-RruMIJ1TCvoCGSsDf_-rn-k5bXcCnmkcPHT2EgMz0fAPj9kOXOGxKySANKUc81ZB2UeWzOuq2_9Plp", "width": 5152}], "place_id": "ChIJ3074c2lE0WoRgTh203iLJPA", "plus_code": {"compound_code": "FR5R+7X Wendouree, Victoria, Australia", "global_code": "4RJ5FR5R+7X"}, "rating": 4.4, "reference": "ChIJ3074c2lE0WoRgTh203iLJPA", "scope": "GOOGLE", "types": ["gym", "health", "point_of_interest", "establishment"], "user_ratings_total": 37, "vicinity": "901 Howitt Street, Wendouree"}}, {"bus_status": "OPERATIONAL", "name": "Anytime Fitness", "geo": {"location": {"lat": -37.6026603, "lng": 143.8679867}, "viewport": {"northeast": {"lat": -37.60127162010727, "lng": 143.8694884798927}, "southwest": {"lat": -37.60397127989272, "lng": 143.8667888201072}}}, "distance": 1000000, "hour": {"open_now": true}, "photo": "Aap_uEBjvIK97l2w-B16mXgUHcNykboFpXkrMbwufbN_BT_ZAw2hWcJrD-x3X-j5Jqv794Trz536R-S63MgqZjwjQS_M7eLnFCbZu3RaHad-bRC1VNc0pbN8axN3mjAl0wvmzxQ7Wr3LUM9oiIyYNiixX36v8Dicik_bB4ElclSPmW_4EaNS", "price_level": "", "rating": 4.5, "stars": ["checked", "checked", "checked", "checked", ""], "tags": ["gym", "health", "point_of_interest", "establishment"], "user_total_rating": 40, "address": "1174 Geelong Rd, Mount Clear", "map": "https://www.google.com/maps/place/?q=place_id:ChIJXcY1bdVa0WoRmkffgSt8OOo", "row": {"business_status": "OPERATIONAL", "geometry": {"location": {"lat": -37.6026603, "lng": 143.8679867}, "viewport": {"northeast": {"lat": -37.60127162010727, "lng": 143.8694884798927}, "southwest": {"lat": -37.60397127989272, "lng": 143.8667888201072}}}, "icon": "https://maps.gstatic.com/mapfiles/place_api/icons/v1/png_71/generic_business-71.png", "icon_background_color": "#7B9EB0", "icon_mask_base_uri": "https://maps.gstatic.com/mapfiles/place_api/icons/v2/generic_pinlet", "name": "Anytime Fitness", "opening_hours": {"open_now": true}, "photos": [{"height": 3024, "html_attributions": ["<a href=\"https://maps.google.com/maps/contrib/103404981485171794813\">Anytime Fitness Mt Clear</a>"], "photo_reference": "Aap_uEBjvIK97l2w-B16mXgUHcNykboFpXkrMbwufbN_BT_ZAw2hWcJrD-x3X-j5Jqv794Trz536R-S63MgqZjwjQS_M7eLnFCbZu3RaHad-bRC1VNc0pbN8axN3mjAl0wvmzxQ7Wr3LUM9oiIyYNiixX36v8Dicik_bB4ElclSPmW_4EaNS", "width": 4032}], "place_id": "ChIJXcY1bdVa0WoRmkffgSt8OOo", "plus_code": {"compound_code": "9VW9+W5 Mount Clear, Victoria, Australia", "global_code": "4RJ59VW9+W5"}, "rating": 4.5, "reference": "ChIJXcY1bdVa0WoRmkffgSt8OOo", "scope": "GOOGLE", "types": ["gym", "health", "point_of_interest", "establishment"], "user_ratings_total": 40, "vicinity": "1174 Geelong Rd, Mount Clear"}}, {"bus_status": "OPERATIONAL", "name": "Snap Fitness", "geo": {"location": {"lat": -37.5640363, "lng": 143.8548927}, "viewport": {"northeast": {"lat": -37.56261667010727, "lng": 143.8562604798927}, "southwest": {"lat": -37.56531632989272, "lng": 143.8535608201072}}}, "distance": 1000000, "hour": {"open_now": false}, "photo": "Aap_uEBkTRJxJy7Dn8GFVhs7iIKwRxN-TSMeeJb-DGcUaEI7K6vJDryYNe_sX9AEXZJSRnb_3lvBh_Waao3GXAhGjMxDyw-M6ojlZIVVlGr5dztODAo6e4I-S2SfolnQjQq2bOSb8YK6l24yy8TwtTB4P2xWQEAeur9T3HnxXDG4pM0L4qz-", "price_level": "", "rating": 4.5, "stars": ["checked", "checked", "checked", "checked", ""], "tags": ["gym", "health", "point_of_interest", "establishment"], "user_total_rating": 36, "address": "307A Dana St, Ballarat Central", "map": "https://www.google.com/maps/place/?q=place_id:ChIJN7I9yvBE0WoRYmNMjTHeEhA", "row": {"business_status": "OPERATIONAL", "geometry": {"location": {"lat": -37.5640363, "lng": 143.8548927}, "viewport": {"northeast": {"lat": -37.56261667010727, "lng": 143.8562604798927}, "southwest": {"lat": -37.56531632989272, "lng": 143.8535608201072}}}, "icon": "https://maps.gstatic.com/mapfiles/place_api/icons/v1/png_71/generic_business-71.png", "icon_background_color": "#7B9EB0", "icon_mask_base_uri": "https://maps.gstatic.com/mapfiles/place_api/icons/v2/generic_pinlet", "name": "Snap Fitness", "opening_hours": {"open_now": false}, "photos": [{"height": 1024, "html_attributions": ["<a href=\"https://maps.google.com/maps/contrib/103518330338103854264\">Ash Bedford</a>"], "photo_reference": "Aap_uEBkTRJxJy7Dn8GFVhs7iIKwRxN-TSMeeJb-DGcUaEI7K6vJDryYNe_sX9AEXZJSRnb_3lvBh_Waao3GXAhGjMxDyw-M6ojlZIVVlGr5dztODAo6e4I-S2SfolnQjQq2bOSb8YK6l24yy8TwtTB4P2xWQEAeur9T3HnxXDG4pM0L4qz-", "width": 768}], "place_id": "ChIJN7I9yvBE0WoRYmNMjTHeEhA", "plus_code": {"compound_code": "CVP3+9X Ballarat Central, Victoria, Australia", "global_code": "4RJ5CVP3+9X"}, "rating": 4.5, "reference": "ChIJN7I9yvBE0WoRYmNMjTHeEhA", "scope": "GOOGLE", "types": ["gym", "health", "point_of_interest", "establishment"], "user_ratings_total": 36, "vicinity": "307A Dana St, Ballarat Central"}}, {"bus_status": "OPERATIONAL", "name": "Iron Oak 247 Gym", "geo": {"location": {"lat": -37.5782737, "lng": 143.849121}, "viewport": {"northeast": {"lat": -37.57700202010727, "lng": 143.8508140798927}, "southwest": {"lat": -37.57970167989272, "lng": 143.8481144201073}}}, "distance": 1000000, "hour": "", "photo": "Aap_uEAMa50OtHZclqA1y5jWZWlBWsI6Rgy8o-SuODuuuz2Qb8nw2iEnyM8Hhf8BLdPjZK0_EUyktsIDUHlRX4ZjeGMBSekdXQ0I6apbWEqYiiITnyzVqsBYxlb-yrdiN4ZDyKe-HA_T2elp2DJ1DdmgCA4jEod78CEYfIGaP22-ZdTBc-LT", "price_level": "", "rating": 4.9, "stars": ["checked", "checked", "checked", "checked", ""], "tags": ["gym", "health", "point_of_interest", "establishment"], "user_total_rating": 28, "address": "898 Humffray St S, Mount Pleasant", "map": "https://www.google.com/maps/place/?q=place_id:ChIJGaylt8ZE0WoRJZIObGFUlnM", "row": {"business_status": "OPERATIONAL", "geometry": {"location": {"lat": -37.5782737, "lng": 143.849121}, "viewport": {"northeast": {"lat": -37.57700202010727, "lng": 143.8508140798927}, "southwest": {"lat": -37.57970167989272, "lng": 143.8481144201073}}}, "icon": "https://maps.gstatic.com/mapfiles/place_api/icons/v1/png_71/generic_business-71.png", "icon_background_color": "#7B9EB0", "icon_mask_base_uri": "https://maps.gstatic.com/mapfiles/place_api/icons/v2/generic_pinlet", "name": "Iron Oak 247 Gym", "photos": [{"height": 1124, "html_attributions": ["<a href=\"https://maps.google.com/maps/contrib/102993809296313369885\">A Google User</a>"], "photo_reference": "Aap_uEAMa50OtHZclqA1y5jWZWlBWsI6Rgy8o-SuODuuuz2Qb8nw2iEnyM8Hhf8BLdPjZK0_EUyktsIDUHlRX4ZjeGMBSekdXQ0I6apbWEqYiiITnyzVqsBYxlb-yrdiN4ZDyKe-HA_T2elp2DJ1DdmgCA4jEod78CEYfIGaP22-ZdTBc-LT", "width": 1999}], "place_id": "ChIJGaylt8ZE0WoRJZIObGFUlnM", "plus_code": {"compound_code": "CRCX+MJ Mount Pleasant, Victoria, Australia", "global_code": "4RJ5CRCX+MJ"}, "rating": 4.9, "reference": "ChIJGaylt8ZE0WoRJZIObGFUlnM", "scope": "GOOGLE", "types": ["gym", "health", "point_of_interest", "establishment"], "user_ratings_total": 28, "vicinity": "898 Humffray St S, Mount Pleasant"}}, {"bus_status": "OPERATIONAL", "name": "Ballarat Genesis 24/7 Fitness/Gym (formerly Body&Soul)", "geo": {"location": {"lat": -37.5792934, "lng": 143.849313}, "viewport": {"northeast": {"lat": -37.57804127010728, "lng": 143.8506416798927}, "southwest": {"lat": -37.58074092989273, "lng": 143.8479420201072}}}, "distance": 1000000, "hour": {"open_now": true}, "photo": "Aap_uEAHLAzTWwlcRYObF1d0vJ92Wd_4w0xXcvOjuL-SceJXqPapoP1Bj1QfvZXUZl7QKtW9bL_d18V9gtamBlshfLX1fmxFA_WtWjJPK9JGUtI5eaxwt6gsZ7M96VOaccTCD8-9ckKJGUsUJwDBH4CsqGed1dANsJ20iW-CZoia_osSWAh2", "price_level": "", "rating": 4.4, "stars": ["checked", "checked", "checked", "checked", ""], "tags": ["gym", "school", "health", "point_of_interest"], "user_total_rating": 82, "address": "950 Humffray St, South Ballarat", "map": "https://www.google.com/maps/place/?q=place_id:ChIJM9vYasFE0WoR8AeI20dkFCI", "row": {"business_status": "OPERATIONAL", "geometry": {"location": {"lat": -37.5792934, "lng": 143.849313}, "viewport": {"northeast": {"lat": -37.57804127010728, "lng": 143.8506416798927}, "southwest": {"lat": -37.58074092989273, "lng": 143.8479420201072}}}, "icon": "https://maps.gstatic.com/mapfiles/place_api/icons/v1/png_71/generic_business-71.png", "icon_background_color": "#7B9EB0", "icon_mask_base_uri": "https://maps.gstatic.com/mapfiles/place_api/icons/v2/generic_pinlet", "name": "Ballarat Genesis 24/7 Fitness/Gym (formerly Body&Soul)", "opening_hours": {"open_now": true}, "photos": [{"height": 3024, "html_attributions": ["<a href=\"https://maps.google.com/maps/contrib/113974690470175182334\">A Google User</a>"], "photo_reference": "Aap_uEAHLAzTWwlcRYObF1d0vJ92Wd_4w0xXcvOjuL-SceJXqPapoP1Bj1QfvZXUZl7QKtW9bL_d18V9gtamBlshfLX1fmxFA_WtWjJPK9JGUtI5eaxwt6gsZ7M96VOaccTCD8-9ckKJGUsUJwDBH4CsqGed1dANsJ20iW-CZoia_osSWAh2", "width": 4032}], "place_id": "ChIJM9vYasFE0WoR8AeI20dkFCI", "plus_code": {"compound_code": "CRCX+7P Mount Pleasant, Victoria, Australia", "global_code": "4RJ5CRCX+7P"}, "rating": 4.4, "reference": "ChIJM9vYasFE0WoR8AeI20dkFCI", "scope": "GOOGLE", "types": ["gym", "school", "health", "point_of_interest", "establishment"], "user_ratings_total": 82, "vicinity": "950 Humffray St, South Ballarat"}}, {"bus_status": "OPERATIONAL", "name": "D2E GYM NORTH", "geo": {"location": {"lat": -37.5281753, "lng": 143.8460693}, "viewport": {"northeast": {"lat": -37.52645857010728, "lng": 143.8474913298927}, "southwest": {"lat": -37.52915822989272, "lng": 143.8447916701073}}}, "distance": 1000000, "hour": {"open_now": true}, "photo": "Aap_uEAIJJqU9-9UYTrWS7rH_ZXdtN3jyckdiiaO83Dk_zitRc4Qu3FXI897cewNkUXWLOEvfencuismUl6UaB9Z6lqdeQSrjeA0z4c4Glc99OiijMwPCYWQun59fOkA56ZDyeemP2-nEVVRjH0UDt5IPvmTgNecVmwsEvUV-PIt840P7ErE", "price_level": "", "rating": 5, "stars": ["checked", "checked", "checked", "checked", "checked"], "tags": ["gym", "health", "point_of_interest", "establishment"], "user_total_rating": 21, "address": "3/8-10 Coronet St, Wendouree", "map": "https://www.google.com/maps/place/?q=place_id:ChIJfcl8Mt9F0WoRj4GlAGvxVXg", "row": {"business_status": "OPERATIONAL", "geometry": {"location": {"lat": -37.5281753, "lng": 143.8460693}, "viewport": {"northeast": {"lat": -37.52645857010728, "lng": 143.8474913298927}, "southwest": {"lat": -37.52915822989272, "lng": 143.8447916701073}}}, "icon": "https://maps.gstatic.com/mapfiles/place_api/icons/v1/png_71/generic_business-71.png", "icon_background_color": "#7B9EB0", "icon_mask_base_uri": "https://maps.gstatic.com/mapfiles/place_api/icons/v2/generic_pinlet", "name": "D2E GYM NORTH", "opening_hours": {"open_now": true}, "photos": [{"height": 810, "html_attributions": ["<a href=\"https://maps.google.com/maps/contrib/103129706330743081660\">A Google User</a>"], "photo_reference": "Aap_uEAIJJqU9-9UYTrWS7rH_ZXdtN3jyckdiiaO83Dk_zitRc4Qu3FXI897cewNkUXWLOEvfencuismUl6UaB9Z6lqdeQSrjeA0z4c4Glc99OiijMwPCYWQun59fOkA56ZDyeemP2-nEVVRjH0UDt5IPvmTgNecVmwsEvUV-PIt840P7ErE", "width": 1440}], "place_id": "ChIJfcl8Mt9F0WoRj4GlAGvxVXg", "plus_code": {"compound_code": "FRCW+PC Wendouree, Victoria, Australia", "global_code": "4RJ5FRCW+PC"}, "rating": 5, "reference": "ChIJfcl8Mt9F0WoRj4GlAGvxVXg", "scope": "GOOGLE", "types": ["gym", "health", "point_of_interest", "establishment"], "user_ratings_total": 21, "vicinity": "3/8-10 Coronet St, Wendouree"}}, {"bus_status": "OPERATIONAL", "name": "QuickFit Health Club - Delacombe", "geo": {"location": {"lat": -37.593482, "lng": 143.8056243}, "viewport": {"northeast": {"lat": -37.59208702010728, "lng": 143.8069640298927}, "southwest": {"lat": -37.59478667989272, "lng": 143.8042643701073}}}, "distance": 1000000, "hour": {"open_now": true}, "photo": "Aap_uEDb-IPEHbTbv7nDWGIkbjb-J43nl-PYHXKo6I1XnYoGYshIs59jbeL-3Z1uQG_ldAtwOLsxLRgiOY9eC87mx0fayjEECIlIY7lJYq5jCdhTYAr3QOqQtA1nBdxGHuYjZPalAyqE3cT3LJ-QKW7VWdZj29W4RtcdvBhklB6SGtgt9Vc1", "price_level": "", "rating": 4.9, "stars": ["checked", "checked", "checked", "checked", ""], "tags": ["gym", "health", "point_of_interest", "establishment"], "user_total_rating": 17, "address": "T37, Delacombe Town Centre, 315 Glenelg Hwy, Smythes Creek", "map": "https://www.google.com/maps/place/?q=place_id:ChIJfRqVefJd0WoRlkNvI6j4SNw", "row": {"business_status": "OPERATIONAL", "geometry": {"location": {"lat": -37.593482, "lng": 143.8056243}, "viewport": {"northeast": {"lat": -37.59208702010728, "lng": 143.8069640298927}, "southwest": {"lat": -37.59478667989272, "lng": 143.8042643701073}}}, "icon": "https://maps.gstatic.com/mapfiles/place_api/icons/v1/png_71/generic_business-71.png", "icon_background_color": "#7B9EB0", "icon_mask_base_uri": "https://maps.gstatic.com/mapfiles/place_api/icons/v2/generic_pinlet", "name": "QuickFit Health Club - Delacombe", "opening_hours": {"open_now": true}, "photos": [{"height": 3024, "html_attributions": ["<a href=\"https://maps.google.com/maps/contrib/112593413512860578404\">A Google User</a>"], "photo_reference": "Aap_uEDb-IPEHbTbv7nDWGIkbjb-J43nl-PYHXKo6I1XnYoGYshIs59jbeL-3Z1uQG_ldAtwOLsxLRgiOY9eC87mx0fayjEECIlIY7lJYq5jCdhTYAr3QOqQtA1nBdxGHuYjZPalAyqE3cT3LJ-QKW7VWdZj29W4RtcdvBhklB6SGtgt9Vc1", "width": 4032}], "place_id": "ChIJfRqVefJd0WoRlkNvI6j4SNw", "plus_code": {"compound_code": "CR44+J6 Smythes Creek, Victoria, Australia", "global_code": "4RJ5CR44+J6"}, "rating": 4.9, "reference": "ChIJfRqVefJd0WoRlkNvI6j4SNw", "scope": "GOOGLE", "types": ["gym", "health", "point_of_interest", "establishment"], "user_ratings_total": 17, "vicinity": "T37, Delacombe Town Centre, 315 Glenelg Hwy, Smythes Creek"}}, {"bus_status": "OPERATIONAL", "name": "Integrity Group Fitness Studios", "geo": {"location": {"lat": -37.5626526, "lng": 143.8581323}, "viewport": {"northeast": {"lat": -37.56131427010727, "lng": 143.8592286798927}, "southwest": {"lat": -37.56401392989272, "lng": 143.8565290201073}}}, "distance": 1000000, "hour": {"open_now": false}, "photo": "Aap_uECuz5YGl8GcNNOGdpTfUyljtZW_X5rlRLCsdLsnBX_QFkMtl-knbDmbGMrjM6hZtjlK2q4AQ09C7Fnp6tbzlXNY1dB_nfyewHRbj9eZmMkGkQ32kuOmpWbk29Ovdsr2SaNvGZ5tsO25VYuU4wRCk1H0eiHK2wpUcMTA9sLTRGir3dkK", "price_level": "", "rating": 5, "stars": ["checked", "checked", "checked", "checked", "checked"], "tags": ["gym", "health", "point_of_interest", "establishment"], "user_total_rating": 18, "address": "11 Unicorn Ln, Ballarat Central", "map": "https://www.google.com/maps/place/?q=place_id:ChIJN4n08_hE0WoRmcPGUbCcb2U", "row": {"business_status": "OPERATIONAL", "geometry": {"location": {"lat": -37.5626526, "lng": 143.8581323}, "viewport": {"northeast": {"lat": -37.56131427010727, "lng": 143.8592286798927}, "southwest": {"lat": -37.56401392989272, "lng": 143.8565290201073}}}, "icon": "https://maps.gstatic.com/mapfiles/place_api/icons/v1/png_71/generic_business-71.png", "icon_background_color": "#7B9EB0", "icon_mask_base_uri": "https://maps.gstatic.com/mapfiles/place_api/icons/v2/generic_pinlet", "name": "Integrity Group Fitness Studios", "opening_hours": {"open_now": false}, "photos": [{"height": 720, "html_attributions": ["<a href=\"https://maps.google.com/maps/contrib/118128189455969081712\">A Google User</a>"], "photo_reference": "Aap_uECuz5YGl8GcNNOGdpTfUyljtZW_X5rlRLCsdLsnBX_QFkMtl-knbDmbGMrjM6hZtjlK2q4AQ09C7Fnp6tbzlXNY1dB_nfyewHRbj9eZmMkGkQ32kuOmpWbk29Ovdsr2SaNvGZ5tsO25VYuU4wRCk1H0eiHK2wpUcMTA9sLTRGir3dkK", "width": 1280}], "place_id": "ChIJN4n08_hE0WoRmcPGUbCcb2U", "plus_code": {"compound_code": "CVP5+W7 Ballarat Central, Victoria, Australia", "global_code": "4RJ5CVP5+W7"}, "rating": 5, "reference": "ChIJN4n08_hE0WoRmcPGUbCcb2U", "scope": "GOOGLE", "types": ["gym", "health", "point_of_interest", "establishment"], "user_ratings_total": 18, "vicinity": "11 Unicorn Ln, Ballarat Central"}}, {"bus_status": "OPERATIONAL", "name": "Bens Army 24/7 Fitness", "geo": {"location": {"lat": -37.542115, "lng": 143.792737}, "viewport": {"northeast": {"lat": -37.54118342010727, "lng": 143.7946352798927}, "southwest": {"lat": -37.54388307989272, "lng": 143.7919356201073}}}, "distance": 1000000, "hour": {"open_now": false}, "photo": "Aap_uEAe1PRTtSv9t9lUthHTpkmAlxTZUywqKCE0ry4sSzXRzkK8wuuPABaUA5HO7h2JHDF7FIA3CO6kYwRz9WtFZke_2_Q9ZPBXRqqfWEKATi2_isdiQFgL7pzvqHiYCaEUkleqIxXaP9a7CunGiaVI7DnNRJxwDYgIQkZBadf68aF3wudq", "price_level": "", "rating": 4.6, "stars": ["checked", "checked", "checked", "checked", ""], "tags": ["gym", "health", "point_of_interest", "establishment"], "user_total_rating": 53, "address": "18 Endeavour Way, Alfredton", "map": "https://www.google.com/maps/place/?q=place_id:ChIJ9-7S1w5D0WoRzOzHH6_emyA", "row": {"business_status": "OPERATIONAL", "geometry": {"location": {"lat": -37.542115, "lng": 143.792737}, "viewport": {"northeast": {"lat": -37.54118342010727, "lng": 143.7946352798927}, "southwest": {"lat": -37.54388307989272, "lng": 143.7919356201073}}}, "icon": "https://maps.gstatic.com/mapfiles/place_api/icons/v1/png_71/generic_business-71.png", "icon_background_color": "#7B9EB0", "icon_mask_base_uri": "https://maps.gstatic.com/mapfiles/place_api/icons/v2/generic_pinlet", "name": "Bens Army 24/7 Fitness", "opening_hours": {"open_now": false}, "photos": [{"height": 2730, "html_attributions": ["<a href=\"https://maps.google.com/maps/contrib/111933560009343102237\">A Google User</a>"], "photo_reference": "Aap_uEAe1PRTtSv9t9lUthHTpkmAlxTZUywqKCE0ry4sSzXRzkK8wuuPABaUA5HO7h2JHDF7FIA3CO6kYwRz9WtFZke_2_Q9ZPBXRqqfWEKATi2_isdiQFgL7pzvqHiYCaEUkleqIxXaP9a7CunGiaVI7DnNRJxwDYgIQkZBadf68aF3wudq", "width": 4096}], "place_id": "ChIJ9-7S1w5D0WoRzOzHH6_emyA", "plus_code": {"compound_code": "FQ5V+53 Alfredton, Victoria, Australia", "global_code": "4RJ5FQ5V+53"}, "rating": 4.6, "reference": "ChIJ9-7S1w5D0WoRzOzHH6_emyA", "scope": "GOOGLE", "types": ["gym", "health", "point_of_interest", "establishment"], "user_ratings_total": 53, "vicinity": "18 Endeavour Way, Alfredton"}}, {"bus_status": "OPERATIONAL", "name": "F45 Training Ballarat", "geo": {"location": {"lat": -37.5596477, "lng": 143.8589592}, "viewport": {"northeast": {"lat": -37.55840037010728, "lng": 143.8602875798927}, "southwest": {"lat": -37.56110002989272, "lng": 143.8575879201073}}}, "distance": 1000000, "hour": {"open_now": false}, "photo": "", "price_level": "", "rating": 5, "stars": ["checked", "checked", "checked", "checked", "checked"], "tags": ["gym", "health", "point_of_interest", "establishment"], "user_total_rating": 59, "address": "8 Mair St, Ballarat Central", "map": "https://www.google.com/maps/place/?q=place_id:ChIJN3ytXvdE0WoREovMNHWlJEk", "row": {"business_status": "OPERATIONAL", "geometry": {"location": {"lat": -37.5596477, "lng": 143.8589592}, "viewport": {"northeast": {"lat": -37.55840037010728, "lng": 143.8602875798927}, "southwest": {"lat": -37.56110002989272, "lng": 143.8575879201073}}}, "icon": "https://maps.gstatic.com/mapfiles/place_api/icons/v1/png_71/generic_business-71.png", "icon_background_color": "#7B9EB0", "icon_mask_base_uri": "https://maps.gstatic.com/mapfiles/place_api/icons/v2/generic_pinlet", "name": "F45 Training Ballarat", "opening_hours": {"open_now": false}, "place_id": "ChIJN3ytXvdE0WoREovMNHWlJEk", "plus_code": {"compound_code": "CVR5+4H Ballarat Central, Victoria, Australia", "global_code": "4RJ5CVR5+4H"}, "rating": 5, "reference": "ChIJN3ytXvdE0WoREovMNHWlJEk", "scope": "GOOGLE", "types": ["gym", "health", "point_of_interest", "establishment"], "user_ratings_total": 59, "vicinity": "8 Mair St, Ballarat Central"}}, {"bus_status": "OPERATIONAL", "name": "Ballarat Gymsports Inc.", "geo": {"location": {"lat": -37.5644429, "lng": 143.8157876}, "viewport": {"northeast": {"lat": -37.56309307010729, "lng": 143.8171374298927}, "southwest": {"lat": -37.56579272989273, "lng": 143.8144377701073}}}, "distance": 1000000, "hour": {"open_now": false}, "photo": "Aap_uECPLtpmgWltyzk3hz4UFP57AWqqXjuDYi8habZ5V3l6BXiYgz-waXJli4rMdwOisiJInd6-cniMhhFlgNdpfzIqJ2x1aLNKNAYVZvW44IneKyZPZjzI6SfTUTWMdNIrx5FR1iUTihZvnzsFMDviZ26CZW4jQcuTVmV2b997yLUjM0fJ", "price_level": "", "rating": 4.4, "stars": ["checked", "checked", "checked", "checked", ""], "tags": ["gym", "health", "point_of_interest", "establishment"], "user_total_rating": 17, "address": "Cnr Longley St and, Abattoir St, Alfredton", "map": "https://www.google.com/maps/place/?q=place_id:ChIJDQs_RlpD0WoRMAMnFD-ZFS0", "row": {"business_status": "OPERATIONAL", "geometry": {"location": {"lat": -37.5644429, "lng": 143.8157876}, "viewport": {"northeast": {"lat": -37.56309307010729, "lng": 143.8171374298927}, "southwest": {"lat": -37.56579272989273, "lng": 143.8144377701073}}}, "icon": "https://maps.gstatic.com/mapfiles/place_api/icons/v1/png_71/school-71.png", "icon_background_color": "#7B9EB0", "icon_mask_base_uri": "https://maps.gstatic.com/mapfiles/place_api/icons/v2/school_pinlet", "name": "Ballarat Gymsports Inc.", "opening_hours": {"open_now": false}, "photos": [{"height": 1081, "html_attributions": ["<a href=\"https://maps.google.com/maps/contrib/107545529286999931503\">A Google User</a>"], "photo_reference": "Aap_uECPLtpmgWltyzk3hz4UFP57AWqqXjuDYi8habZ5V3l6BXiYgz-waXJli4rMdwOisiJInd6-cniMhhFlgNdpfzIqJ2x1aLNKNAYVZvW44IneKyZPZjzI6SfTUTWMdNIrx5FR1iUTihZvnzsFMDviZ26CZW4jQcuTVmV2b997yLUjM0fJ", "width": 1922}], "place_id": "ChIJDQs_RlpD0WoRMAMnFD-ZFS0", "plus_code": {"compound_code": "CRP8+68 Alfredton, Victoria, Australia", "global_code": "4RJ5CRP8+68"}, "rating": 4.4, "reference": "ChIJDQs_RlpD0WoRMAMnFD-ZFS0", "scope": "GOOGLE", "types": ["gym", "health", "point_of_interest", "establishment"], "user_ratings_total": 17, "vicinity": "Cnr Longley St and, Abattoir St, Alfredton"}}]