[{"bus_status": "OPERATIONAL", "name": "Echo Hills 'Outback Pub' (inc, Beltana Getaway)", "geo": {"location": {"lat": -31.1747814, "lng": 151.2258111}, "viewport": {"northeast": {"lat": -31.17333122010728, "lng": 151.2271398798927}, "southwest": {"lat": -31.17603087989272, "lng": 151.2244402201073}}}, "distance": 1000000, "hour": {"open_now": true}, "photo": "Aap_uEBfVyP3F68rR-QpOB_qm7wgRTRrMg5UJMzL9PsutkqOf-X0ZfBnGt5HfTUu-_ViSDHUYjILOy5Q5Y8PIQQpQFCjWEXhBiGpi9tPreQmf5Of883IIWHqSMHS2u_mBQJycNZDs2Iv8lTX0kMnytwdkS5TUAHfReDE8rCXRdOvLCYVCXiZ", "price_level": "", "rating": 4.2, "stars": ["checked", "checked", "checked", "checked", ""], "tags": ["lodging", "point_of_interest", "establishment"], "user_total_rating": 5, "address": "1172 Echo Hills Rd, Mulla Creek", "map": "https://www.google.com/maps/place/?q=place_id:ChIJNZ5ZY2auCmsReCPWwrun4Q8", "row": {"business_status": "OPERATIONAL", "geometry": {"location": {"lat": -31.1747814, "lng": 151.2258111}, "viewport": {"northeast": {"lat": -31.17333122010728, "lng": 151.2271398798927}, "southwest": {"lat": -31.17603087989272, "lng": 151.2244402201073}}}, "icon": "https://maps.gstatic.com/mapfiles/place_api/icons/v1/png_71/lodging-71.png", "icon_background_color": "#909CE1", "icon_mask_base_uri": "https://maps.gstatic.com/mapfiles/place_api/icons/v2/hotel_pinlet", "name": "Echo Hills 'Outback Pub' (inc, Beltana Getaway)", "opening_hours": {"open_now": true}, "photos": [{"height": 1152, "html_attributions": ["<a href=\"https://maps.google.com/maps/contrib/110946524900979347108\">A Google User</a>"], "photo_reference": "Aap_uEBfVyP3F68rR-QpOB_qm7wgRTRrMg5UJMzL9PsutkqOf-X0ZfBnGt5HfTUu-_ViSDHUYjILOy5Q5Y8PIQQpQFCjWEXhBiGpi9tPreQmf5Of883IIWHqSMHS2u_mBQJycNZDs2Iv8lTX0kMnytwdkS5TUAHfReDE8rCXRdOvLCYVCXiZ", "width": 2048}], "place_id": "ChIJNZ5ZY2auCmsReCPWwrun4Q8", "plus_code": {"compound_code": "R6GG+38 Mulla Creek, New South Wales, Australia", "global_code": "4RWHR6GG+38"}, "rating": 4.2, "reference": "ChIJNZ5ZY2auCmsReCPWwrun4Q8", "scope": "GOOGLE", "types": ["lodging", "point_of_interest", "establishment"], "user_ratings_total": 5, "vicinity": "1172 Echo Hills Rd, Mulla Creek"}}, {"bus_status": "OPERATIONAL", "name": "Dungowan Hotel", "geo": {"location": {"lat": -31.2099711, "lng": 151.1017241}, "viewport": {"northeast": {"lat": -31.20852442010728, "lng": 151.1031020298927}, "southwest": {"lat": -31.21122407989272, "lng": 151.1004023701072}}}, "distance": 1000000, "hour": "", "photo": "Aap_uEBtN-uSQOp1XiHq8fDg_Lry699y1q7N1-5tz_apOGWBZfpTgJrkLTgtXX4Vsp7PRSkKnHsi0sbqmen53yeMHt3vzgORS6gwFKEUOjkeMQdfVZz3JGOCxModeN7Zrredv5YyhOddERe0QHWn6Osbo-XZwjyQj-mMLXDy3cIPSWOJefXY", "price_level": "", "rating": 4.7, "stars": ["checked", "checked", "checked", "checked", ""], "tags": ["lodging", "point_of_interest", "establishment"], "user_total_rating": 47, "address": "1572 Dungowan Rd, Dungowan", "map": "https://www.google.com/maps/place/?q=place_id:ChIJ7cAswyylCmsRMXbwuyqT3Mc", "row": {"business_status": "OPERATIONAL", "geometry": {"location": {"lat": -31.2099711, "lng": 151.1017241}, "viewport": {"northeast": {"lat": -31.20852442010728, "lng": 151.1031020298927}, "southwest": {"lat": -31.21122407989272, "lng": 151.1004023701072}}}, "icon": "https://maps.gstatic.com/mapfiles/place_api/icons/v1/png_71/lodging-71.png", "icon_background_color": "#909CE1", "icon_mask_base_uri": "https://maps.gstatic.com/mapfiles/place_api/icons/v2/hotel_pinlet", "name": "Dungowan Hotel", "photos": [{"height": 3024, "html_attributions": ["<a href=\"https://maps.google.com/maps/contrib/103236565666760555083\">Phil Lowe</a>"], "photo_reference": "Aap_uEBtN-uSQOp1XiHq8fDg_Lry699y1q7N1-5tz_apOGWBZfpTgJrkLTgtXX4Vsp7PRSkKnHsi0sbqmen53yeMHt3vzgORS6gwFKEUOjkeMQdfVZz3JGOCxModeN7Zrredv5YyhOddERe0QHWn6Osbo-XZwjyQj-mMLXDy3cIPSWOJefXY", "width": 4032}], "place_id": "ChIJ7cAswyylCmsRMXbwuyqT3Mc", "plus_code": {"compound_code": "Q4R2+2M Dungowan, New South Wales, Australia", "global_code": "4RWHQ4R2+2M"}, "rating": 4.7, "reference": "ChIJ7cAswyylCmsRMXbwuyqT3Mc", "scope": "GOOGLE", "types": ["lodging", "point_of_interest", "establishment"], "user_ratings_total": 47, "vicinity": "1572 Dungowan Rd, Dungowan"}}, {"bus_status": "OPERATIONAL", "name": "Bywondah Retreat", "geo": {"location": {"lat": -31.314497, "lng": 151.240709}, "viewport": {"northeast": {"lat": -31.31311907010727, "lng": 151.2420610298927}, "southwest": {"lat": -31.31581872989272, "lng": 151.2393613701072}}}, "distance": 1000000, "hour": "", "photo": "Aap_uEDDb3E5HmFj0XBd-5ZpCgpbdfK8BfSRtpN065LVqPWCUr3ktt2RFeOXGuD01wxeDM-khyWibNXHwfKhO0eueE3OUKzt5WbOcUyO2Y6iKndsvP0JVp0e8yHNFajLZdQtLeBMgs4zl9vzwjBYoOvHr6lY2-41VNY0S8orXOOHEzbuRZj0", "price_level": "", "rating": 4.2, "stars": ["checked", "checked", "checked", "checked", ""], "tags": ["campground", "lodging", "park", "point_of_interest"], "user_total_rating": 5, "address": "1751 Ogunbil Rd, Ogunbil NSW 2340, Australia, Ogunbil", "map": "https://www.google.com/maps/place/?q=place_id:ChIJybraauSzCmsRrDEStI1qRzQ", "row": {"business_status": "OPERATIONAL", "geometry": {"location": {"lat": -31.314497, "lng": 151.240709}, "viewport": {"northeast": {"lat": -31.31311907010727, "lng": 151.2420610298927}, "southwest": {"lat": -31.31581872989272, "lng": 151.2393613701072}}}, "icon": "https://maps.gstatic.com/mapfiles/place_api/icons/v1/png_71/generic_business-71.png", "icon_background_color": "#7B9EB0", "icon_mask_base_uri": "https://maps.gstatic.com/mapfiles/place_api/icons/v2/generic_pinlet", "name": "Bywondah Retreat", "photos": [{"height": 309, "html_attributions": ["<a href=\"https://maps.google.com/maps/contrib/107627700293135941056\">Bywondah Retreat</a>"], "photo_reference": "Aap_uEDDb3E5HmFj0XBd-5ZpCgpbdfK8BfSRtpN065LVqPWCUr3ktt2RFeOXGuD01wxeDM-khyWibNXHwfKhO0eueE3OUKzt5WbOcUyO2Y6iKndsvP0JVp0e8yHNFajLZdQtLeBMgs4zl9vzwjBYoOvHr6lY2-41VNY0S8orXOOHEzbuRZj0", "width": 550}], "place_id": "ChIJybraauSzCmsRrDEStI1qRzQ", "plus_code": {"compound_code": "M6PR+67 Ogunbil, New South Wales, Australia", "global_code": "4RWHM6PR+67"}, "rating": 4.2, "reference": "ChIJybraauSzCmsRrDEStI1qRzQ", "scope": "GOOGLE", "types": ["campground", "lodging", "park", "point_of_interest", "establishment"], "user_ratings_total": 5, "vicinity": "1751 Ogunbil Rd, Ogunbil NSW 2340, Australia, Ogunbil"}}]