[{"bus_status": "OPERATIONAL", "name": "Underwater Observatory and Marine Conservation", "geo": {"location": {"lat": -33.6300332, "lng": 115.3385758}, "viewport": {"northeast": {"lat": -33.62868337010728, "lng": 115.3399256298927}, "southwest": {"lat": -33.63138302989273, "lng": 115.3372259701073}}}, "distance": 1000000, "hour": {"open_now": true}, "photo": "Aap_uEA_rkLtjmwKE9SRGuNe6E5NVhmczGN5Y__KDQeN54F74iQqL0JQwMhgrUaiGmwnNk2zr3wL4Weon52F4Tvn26jKW6fwGzXUqX-IuXnAYCvyY4-NC3Ogpvt9ujFf5c64PTW6ZbGDBvomFQcv0i6Ov1wTspB_NuqMeN9EUQRJZXwFZhlu", "price_level": "", "rating": 4.5, "stars": ["checked", "checked", "checked", "checked", ""], "tags": ["aquarium", "point_of_interest", "establishment"], "user_total_rating": 1186, "address": "Busselton", "map": "https://www.google.com/maps/place/?q=place_id:ChIJ9V376jw5LioRywbHTPU8h-w", "row": {"business_status": "OPERATIONAL", "geometry": {"location": {"lat": -33.6300332, "lng": 115.3385758}, "viewport": {"northeast": {"lat": -33.62868337010728, "lng": 115.3399256298927}, "southwest": {"lat": -33.63138302989273, "lng": 115.3372259701073}}}, "icon": "https://maps.gstatic.com/mapfiles/place_api/icons/v1/png_71/generic_business-71.png", "icon_background_color": "#7B9EB0", "icon_mask_base_uri": "https://maps.gstatic.com/mapfiles/place_api/icons/v2/generic_pinlet", "name": "Underwater Observatory and Marine Conservation", "opening_hours": {"open_now": true}, "photos": [{"height": 4032, "html_attributions": ["<a href=\"https://maps.google.com/maps/contrib/111951016693967686654\">Apostol Sefora</a>"], "photo_reference": "Aap_uEA_rkLtjmwKE9SRGuNe6E5NVhmczGN5Y__KDQeN54F74iQqL0JQwMhgrUaiGmwnNk2zr3wL4Weon52F4Tvn26jKW6fwGzXUqX-IuXnAYCvyY4-NC3Ogpvt9ujFf5c64PTW6ZbGDBvomFQcv0i6Ov1wTspB_NuqMeN9EUQRJZXwFZhlu", "width": 3024}], "place_id": "ChIJ9V376jw5LioRywbHTPU8h-w", "plus_code": {"compound_code": "989Q+XC Busselton, Western Australia, Australia", "global_code": "4PRQ989Q+XC"}, "rating": 4.5, "reference": "ChIJ9V376jw5LioRywbHTPU8h-w", "scope": "GOOGLE", "types": ["aquarium", "point_of_interest", "establishment"], "user_ratings_total": 1186, "vicinity": "Busselton"}}, {"bus_status": "OPERATIONAL", "name": "City Farmers", "geo": {"location": {"lat": -33.6659931, "lng": 115.3504601}, "viewport": {"northeast": {"lat": -33.66464367010728, "lng": 115.3516318798927}, "southwest": {"lat": -33.66734332989272, "lng": 115.3489322201073}}}, "distance": 1000000, "hour": {"open_now": true}, "photo": "Aap_uEAj0aR_KpTU5whhcKvDhy0uBzQcOp-UpiUMPlbrUN1S-GIwvCWIPaSXrc-b1EH7oSHNJNpuKA6ha-uXhmxqCTyeVilHn5VdAEJIBn3_UO5FCKK6JVvZBdQbPIrSFaJHqfxx8OnEQDCu39OwCmbYsuFdnpwApMuizXd2TKm_s5XIF30C", "price_level": "", "rating": 4.2, "stars": ["checked", "checked", "checked", "checked", ""], "tags": ["pet_store", "point_of_interest", "store", "establishment"], "user_total_rating": 56, "address": "T5, Busselton Home Depot Strelly Street Cnr Busselton Bypass, Busselton", "map": "https://www.google.com/maps/place/?q=place_id:ChIJU1ebbAo5LioR2PlwMFUGxLA", "row": {"business_status": "OPERATIONAL", "geometry": {"location": {"lat": -33.6659931, "lng": 115.3504601}, "viewport": {"northeast": {"lat": -33.66464367010728, "lng": 115.3516318798927}, "southwest": {"lat": -33.66734332989272, "lng": 115.3489322201073}}}, "icon": "https://maps.gstatic.com/mapfiles/place_api/icons/v1/png_71/shopping-71.png", "icon_background_color": "#4B96F3", "icon_mask_base_uri": "https://maps.gstatic.com/mapfiles/place_api/icons/v2/shopping_pinlet", "name": "City Farmers", "opening_hours": {"open_now": true}, "photos": [{"height": 4032, "html_attributions": ["<a href=\"https://maps.google.com/maps/contrib/100495801011083394637\">A Google User</a>"], "photo_reference": "Aap_uEAj0aR_KpTU5whhcKvDhy0uBzQcOp-UpiUMPlbrUN1S-GIwvCWIPaSXrc-b1EH7oSHNJNpuKA6ha-uXhmxqCTyeVilHn5VdAEJIBn3_UO5FCKK6JVvZBdQbPIrSFaJHqfxx8OnEQDCu39OwCmbYsuFdnpwApMuizXd2TKm_s5XIF30C", "width": 3024}], "place_id": "ChIJU1ebbAo5LioR2PlwMFUGxLA", "plus_code": {"compound_code": "89M2+J5 Busselton, Western Australia, Australia", "global_code": "4PRQ89M2+J5"}, "rating": 4.2, "reference": "ChIJU1ebbAo5LioR2PlwMFUGxLA", "scope": "GOOGLE", "types": ["pet_store", "point_of_interest", "store", "establishment"], "user_ratings_total": 56, "vicinity": "T5, Busselton Home Depot Strelly Street Cnr Busselton Bypass, Busselton"}}, {"bus_status": "OPERATIONAL", "name": "Busselton Jetty", "geo": {"location": {"lat": -33.6439226, "lng": 115.3446164}, "viewport": {"northeast": {"lat": -33.64257277010728, "lng": 115.3459662298928}, "southwest": {"lat": -33.64527242989272, "lng": 115.3432665701073}}}, "distance": 1000000, "hour": {"open_now": true}, "photo": "Aap_uECLttoulq2wnY6hAYahJonWiAODYHJdLNB8se_Zo6_oDvO3-1mHoBx8bKh_R-PyMP9wCMInjhataGdw9jTcVPvbGCtGEftK-tnmuFlGLpBzc3f9SxpaQR0gM7VNMZQmT-mkXbY8q2rI4SCFTsJZhk8qvXnuEGpQDSyckU_tJfmkcelD", "price_level": "", "rating": 4.6, "stars": ["checked", "checked", "checked", "checked", ""], "tags": ["tourist_attraction", "museum", "point_of_interest", "establishment"], "user_total_rating": 9077, "address": "3L Queen St, Busselton", "map": "https://www.google.com/maps/place/?q=place_id:ChIJy9BgIyA5LioR-eZauOTyH9w", "row": {"business_status": "OPERATIONAL", "geometry": {"location": {"lat": -33.6439226, "lng": 115.3446164}, "viewport": {"northeast": {"lat": -33.64257277010728, "lng": 115.3459662298928}, "southwest": {"lat": -33.64527242989272, "lng": 115.3432665701073}}}, "icon": "https://maps.gstatic.com/mapfiles/place_api/icons/v1/png_71/generic_business-71.png", "icon_background_color": "#13B5C7", "icon_mask_base_uri": "https://maps.gstatic.com/mapfiles/place_api/icons/v2/generic_pinlet", "name": "Busselton Jetty", "opening_hours": {"open_now": true}, "photos": [{"height": 3807, "html_attributions": ["<a href=\"https://maps.google.com/maps/contrib/112192020850872476023\">A Google User</a>"], "photo_reference": "Aap_uECLttoulq2wnY6hAYahJonWiAODYHJdLNB8se_Zo6_oDvO3-1mHoBx8bKh_R-PyMP9wCMInjhataGdw9jTcVPvbGCtGEftK-tnmuFlGLpBzc3f9SxpaQR0gM7VNMZQmT-mkXbY8q2rI4SCFTsJZhk8qvXnuEGpQDSyckU_tJfmkcelD", "width": 5710}], "place_id": "ChIJy9BgIyA5LioR-eZauOTyH9w", "plus_code": {"compound_code": "984V+CR Busselton, Western Australia, Australia", "global_code": "4PRQ984V+CR"}, "rating": 4.6, "reference": "ChIJy9BgIyA5LioR-eZauOTyH9w", "scope": "GOOGLE", "types": ["tourist_attraction", "museum", "point_of_interest", "establishment"], "user_ratings_total": 9077, "vicinity": "3L Queen St, Busselton"}}, {"bus_status": "OPERATIONAL", "name": "Busselton Stockfeeds & Pet Supplies", "geo": {"location": {"lat": -33.6638791, "lng": 115.3487042}, "viewport": {"northeast": {"lat": -33.66252422010728, "lng": 115.3501642798927}, "southwest": {"lat": -33.66522387989272, "lng": 115.3474646201073}}}, "distance": 1000000, "hour": {"open_now": true}, "photo": "Aap_uECHsyVzQq4kw9Rl2-V7CqurpIIKf8KJMxIOy-WeMydvm4kLGFAfaGcgUl7IIjhDcPnEgEhIEs1Tetd3LpHtdMKKZtkzCNQGwjm82-etSqXAs4uTvpQHuPv_Nub8ZXqnxCrUJ4Qz6Qz3tEbBhiU-Nnyn2AwBj5n4CHPMkSZPussVC-XB", "price_level": "", "rating": 4.6, "stars": ["checked", "checked", "checked", "checked", ""], "tags": ["point_of_interest", "store", "establishment"], "user_total_rating": 60, "address": "92 Strelly St, Busselton", "map": "https://www.google.com/maps/place/?q=place_id:ChIJpeTqlw05LioRVszzQvzIhgg", "row": {"business_status": "OPERATIONAL", "geometry": {"location": {"lat": -33.6638791, "lng": 115.3487042}, "viewport": {"northeast": {"lat": -33.66252422010728, "lng": 115.3501642798927}, "southwest": {"lat": -33.66522387989272, "lng": 115.3474646201073}}}, "icon": "https://maps.gstatic.com/mapfiles/place_api/icons/v1/png_71/shopping-71.png", "icon_background_color": "#4B96F3", "icon_mask_base_uri": "https://maps.gstatic.com/mapfiles/place_api/icons/v2/shopping_pinlet", "name": "Busselton Stockfeeds & Pet Supplies", "opening_hours": {"open_now": true}, "photos": [{"height": 2268, "html_attributions": ["<a href=\"https://maps.google.com/maps/contrib/106567946348906727257\">Jamie Turnbull</a>"], "photo_reference": "Aap_uECHsyVzQq4kw9Rl2-V7CqurpIIKf8KJMxIOy-WeMydvm4kLGFAfaGcgUl7IIjhDcPnEgEhIEs1Tetd3LpHtdMKKZtkzCNQGwjm82-etSqXAs4uTvpQHuPv_Nub8ZXqnxCrUJ4Qz6Qz3tEbBhiU-Nnyn2AwBj5n4CHPMkSZPussVC-XB", "width": 4032}], "place_id": "ChIJpeTqlw05LioRVszzQvzIhgg", "plus_code": {"compound_code": "88PX+CF Busselton, Western Australia, Australia", "global_code": "4PRQ88PX+CF"}, "rating": 4.6, "reference": "ChIJpeTqlw05LioRVszzQvzIhgg", "scope": "GOOGLE", "types": ["point_of_interest", "store", "establishment"], "user_ratings_total": 60, "vicinity": "92 Strelly St, Busselton"}}, {"bus_status": "OPERATIONAL", "name": "Barnard Park", "geo": {"location": {"lat": -33.6446662, "lng": 115.3490352}, "viewport": {"northeast": {"lat": -33.64339622010728, "lng": 115.3499267298928}, "southwest": {"lat": -33.64609587989272, "lng": 115.3472270701073}}}, "distance": 1000000, "hour": {"open_now": true}, "photo": "Aap_uEBICdtLsSAR4s-PIHmuvFxKEJBmKfddI7E9gM0xvsJU-d5yX16Y25XyKlUmAzNCLsoWVhiqVJqxSnWEaWkHK9ZF0jLbmKNOVMMuXCMANavHJLF3b3JTGwls69z7Dw2vH7221StU7wYrHS1g0KDLt0bsWDMGWeJ9MKDovo9f0UZvhDr8", "price_level": "", "rating": 4.4, "stars": ["checked", "checked", "checked", "checked", ""], "tags": ["park", "tourist_attraction", "point_of_interest", "establishment"], "user_total_rating": 260, "address": "Busselton", "map": "https://www.google.com/maps/place/?q=place_id:ChIJj_F7rz85LioRMEuLBzn2AA8", "row": {"business_status": "OPERATIONAL", "geometry": {"location": {"lat": -33.6446662, "lng": 115.3490352}, "viewport": {"northeast": {"lat": -33.64339622010728, "lng": 115.3499267298928}, "southwest": {"lat": -33.64609587989272, "lng": 115.3472270701073}}}, "icon": "https://maps.gstatic.com/mapfiles/place_api/icons/v1/png_71/park-71.png", "icon_background_color": "#4DB546", "icon_mask_base_uri": "https://maps.gstatic.com/mapfiles/place_api/icons/v2/tree_pinlet", "name": "Barnard Park", "opening_hours": {"open_now": true}, "photos": [{"height": 6936, "html_attributions": ["<a href=\"https://maps.google.com/maps/contrib/108953909714281957489\">joy sutton</a>"], "photo_reference": "Aap_uEBICdtLsSAR4s-PIHmuvFxKEJBmKfddI7E9gM0xvsJU-d5yX16Y25XyKlUmAzNCLsoWVhiqVJqxSnWEaWkHK9ZF0jLbmKNOVMMuXCMANavHJLF3b3JTGwls69z7Dw2vH7221StU7wYrHS1g0KDLt0bsWDMGWeJ9MKDovo9f0UZvhDr8", "width": 9248}], "place_id": "ChIJj_F7rz85LioRMEuLBzn2AA8", "plus_code": {"compound_code": "984X+4J Busselton, Western Australia, Australia", "global_code": "4PRQ984X+4J"}, "rating": 4.4, "reference": "ChIJj_F7rz85LioRMEuLBzn2AA8", "scope": "GOOGLE", "types": ["park", "tourist_attraction", "point_of_interest", "establishment"], "user_ratings_total": 260, "vicinity": "Busselton"}}, {"bus_status": "OPERATIONAL", "name": "Bunnings Busselton", "geo": {"location": {"lat": -33.6668074, "lng": 115.3506759}, "viewport": {"northeast": {"lat": -33.66541927010727, "lng": 115.3517427298928}, "southwest": {"lat": -33.66811892989271, "lng": 115.3490430701073}}}, "distance": 1000000, "hour": {"open_now": true}, "photo": "Aap_uECU2iUqiS9ZOVgy8A3UyJ4fXLVE95pjMo0Ml2w_Oiba7M7ZFKdBo1a5SHffLigHek40DuBr2whUg4IN95HBExi6EBaRyKmqNyrcQQidJ4ati4KT4RTXQBG04pFPT60QCCRlGyOUOjJe3yCCFwyvFx0WGo0aRXoRzZs3-apV_xnCY83x", "price_level": "", "rating": 4.2, "stars": ["checked", "checked", "checked", "checked", ""], "tags": ["hardware_store", "furniture_store", "home_goods_store", "general_contractor"], "user_total_rating": 558, "address": "115 Strelly St, Busselton", "map": "https://www.google.com/maps/place/?q=place_id:ChIJiZaujw05LioRneKZhZyHzAU", "row": {"business_status": "OPERATIONAL", "geometry": {"location": {"lat": -33.6668074, "lng": 115.3506759}, "viewport": {"northeast": {"lat": -33.66541927010727, "lng": 115.3517427298928}, "southwest": {"lat": -33.66811892989271, "lng": 115.3490430701073}}}, "icon": "https://maps.gstatic.com/mapfiles/place_api/icons/v1/png_71/shopping-71.png", "icon_background_color": "#4B96F3", "icon_mask_base_uri": "https://maps.gstatic.com/mapfiles/place_api/icons/v2/shopping_pinlet", "name": "Bunnings Busselton", "opening_hours": {"open_now": true}, "photos": [{"height": 925, "html_attributions": ["<a href=\"https://maps.google.com/maps/contrib/106187158418561433260\">Bunnings Busselton</a>"], "photo_reference": "Aap_uECU2iUqiS9ZOVgy8A3UyJ4fXLVE95pjMo0Ml2w_Oiba7M7ZFKdBo1a5SHffLigHek40DuBr2whUg4IN95HBExi6EBaRyKmqNyrcQQidJ4ati4KT4RTXQBG04pFPT60QCCRlGyOUOjJe3yCCFwyvFx0WGo0aRXoRzZs3-apV_xnCY83x", "width": 1627}], "place_id": "ChIJiZaujw05LioRneKZhZyHzAU", "plus_code": {"compound_code": "89M2+77 Busselton, Western Australia, Australia", "global_code": "4PRQ89M2+77"}, "rating": 4.2, "reference": "ChIJiZaujw05LioRneKZhZyHzAU", "scope": "GOOGLE", "types": ["hardware_store", "furniture_store", "home_goods_store", "general_contractor", "point_of_interest", "store", "establishment"], "user_ratings_total": 558, "vicinity": "115 Strelly St, Busselton"}}]