[{"bus_status": "OPERATIONAL", "name": "The Deck Bar & Bistro", "geo": {"location": {"lat": -33.6305408, "lng": 115.3941962}, "viewport": {"northeast": {"lat": -33.62919097010728, "lng": 115.3955460298927}, "southwest": {"lat": -33.63189062989272, "lng": 115.3928463701073}}}, "distance": 1000000, "hour": {"open_now": false}, "photo": "Aap_uEAL0cUPS5zJ9SrThBhHLbDluTR_Qugsv6yj-IDT08JYhru6ZoMsXCo-rWifR4NJMStOy3Xi4rRfdlAybOJlZ8PPJaYMKZdXX9KwE362u1uvO_uW67njue1GfXi8ILMvzi5uFBY5lNIGpgD4fz7jYDQ0OwbBuSYCPxvcsZTAiH4fLz0i", "price_level": 2, "rating": 4.3, "stars": ["checked", "checked", "checked", "checked", ""], "tags": ["bar", "restaurant", "food", "point_of_interest"], "user_total_rating": 458, "address": "21 Spinnaker Blvd, Geographe", "map": "https://www.google.com/maps/place/?q=place_id:ChIJe_Tkwu47LioRv3KoaPANmnM", "row": {"business_status": "OPERATIONAL", "geometry": {"location": {"lat": -33.6305408, "lng": 115.3941962}, "viewport": {"northeast": {"lat": -33.62919097010728, "lng": 115.3955460298927}, "southwest": {"lat": -33.63189062989272, "lng": 115.3928463701073}}}, "icon": "https://maps.gstatic.com/mapfiles/place_api/icons/v1/png_71/bar-71.png", "icon_background_color": "#FF9E67", "icon_mask_base_uri": "https://maps.gstatic.com/mapfiles/place_api/icons/v2/bar_pinlet", "name": "The Deck Bar & Bistro", "opening_hours": {"open_now": false}, "photos": [{"height": 3024, "html_attributions": ["<a href=\"https://maps.google.com/maps/contrib/107261956786056978676\">ajantha wijekoon</a>"], "photo_reference": "Aap_uEAL0cUPS5zJ9SrThBhHLbDluTR_Qugsv6yj-IDT08JYhru6ZoMsXCo-rWifR4NJMStOy3Xi4rRfdlAybOJlZ8PPJaYMKZdXX9KwE362u1uvO_uW67njue1GfXi8ILMvzi5uFBY5lNIGpgD4fz7jYDQ0OwbBuSYCPxvcsZTAiH4fLz0i", "width": 4032}], "place_id": "ChIJe_Tkwu47LioRv3KoaPANmnM", "plus_code": {"compound_code": "999V+QM Geographe, Western Australia, Australia", "global_code": "4PRQ999V+QM"}, "price_level": 2, "rating": 4.3, "reference": "ChIJe_Tkwu47LioRv3KoaPANmnM", "scope": "GOOGLE", "types": ["bar", "restaurant", "food", "point_of_interest", "establishment"], "user_ratings_total": 458, "vicinity": "21 Spinnaker Blvd, Geographe"}}, {"bus_status": "OPERATIONAL", "name": "Cheeky Monkey HQ - Production Brewery and Tap House", "geo": {"location": {"lat": -33.6788902, "lng": 115.2317352}, "viewport": {"northeast": {"lat": -33.67753802010727, "lng": 115.2326998298927}, "southwest": {"lat": -33.68023767989271, "lng": 115.2300001701073}}}, "distance": 1000000, "hour": {"open_now": false}, "photo": "Aap_uEC_95OGfO-KC_EKda90UPaAfino6ZMQQP7PhG37mc9W-ugbcAEwFZJb5hP6Hl-qRRPnvSue_o0zGDrLUpUdUehbTSTa18THcCK1QUi8UD5tBkn2BoxGqm2lDPSB_sWNPPmHebAN1ELO9S49VLnn8amm9FyB0uehMH7GfFubSJsLK3xf", "price_level": "", "rating": 4.7, "stars": ["checked", "checked", "checked", "checked", ""], "tags": ["bar", "point_of_interest", "establishment"], "user_total_rating": 30, "address": "44 Commerce Rd, Vasse", "map": "https://www.google.com/maps/place/?q=place_id:ChIJoU7g3f5HLioR5bw_hQlcvx8", "row": {"business_status": "OPERATIONAL", "geometry": {"location": {"lat": -33.6788902, "lng": 115.2317352}, "viewport": {"northeast": {"lat": -33.67753802010727, "lng": 115.2326998298927}, "southwest": {"lat": -33.68023767989271, "lng": 115.2300001701073}}}, "icon": "https://maps.gstatic.com/mapfiles/place_api/icons/v1/png_71/bar-71.png", "icon_background_color": "#FF9E67", "icon_mask_base_uri": "https://maps.gstatic.com/mapfiles/place_api/icons/v2/bar_pinlet", "name": "Cheeky Monkey HQ - Production Brewery and Tap House", "opening_hours": {"open_now": false}, "photos": [{"height": 3024, "html_attributions": ["<a href=\"https://maps.google.com/maps/contrib/106574077669964815766\">Brent Burton</a>"], "photo_reference": "Aap_uEC_95OGfO-KC_EKda90UPaAfino6ZMQQP7PhG37mc9W-ugbcAEwFZJb5hP6Hl-qRRPnvSue_o0zGDrLUpUdUehbTSTa18THcCK1QUi8UD5tBkn2BoxGqm2lDPSB_sWNPPmHebAN1ELO9S49VLnn8amm9FyB0uehMH7GfFubSJsLK3xf", "width": 4032}], "place_id": "ChIJoU7g3f5HLioR5bw_hQlcvx8", "plus_code": {"compound_code": "86CJ+CM Vasse, Western Australia, Australia", "global_code": "4PRQ86CJ+CM"}, "rating": 4.7, "reference": "ChIJoU7g3f5HLioR5bw_hQlcvx8", "scope": "GOOGLE", "types": ["bar", "point_of_interest", "establishment"], "user_ratings_total": 30, "vicinity": "44 Commerce Rd, Vasse"}}, {"bus_status": "OPERATIONAL", "name": "The Fire Station", "geo": {"location": {"lat": -33.6503977, "lng": 115.3443397}, "viewport": {"northeast": {"lat": -33.64902892010728, "lng": 115.3458227298927}, "southwest": {"lat": -33.65172857989273, "lng": 115.3431230701072}}}, "distance": 1000000, "hour": {"open_now": true}, "photo": "Aap_uEDbvugsw8_UkKzCaXErKSf6iUoiZt9AzdRyw8XFGEty1YM-D18BNJ2wBfc46R4SPTloLqtMVVeuuelkPIIP05X0Om6X8RK7O_CV7vX5flLs_batvSLMG88I-LcZLD9eTJxS8RhWOCs4B1-f2m_UWbCitJBg1UjCt2RaRhyoPj_seOEx", "price_level": 2, "rating": 4.5, "stars": ["checked", "checked", "checked", "checked", ""], "tags": ["bar", "point_of_interest", "establishment"], "user_total_rating": 578, "address": "68 Queen St, Busselton", "map": "https://www.google.com/maps/place/?q=place_id:ChIJyWInnxc5LioReWGUYadROW4", "row": {"business_status": "OPERATIONAL", "geometry": {"location": {"lat": -33.6503977, "lng": 115.3443397}, "viewport": {"northeast": {"lat": -33.64902892010728, "lng": 115.3458227298927}, "southwest": {"lat": -33.65172857989273, "lng": 115.3431230701072}}}, "icon": "https://maps.gstatic.com/mapfiles/place_api/icons/v1/png_71/bar-71.png", "icon_background_color": "#FF9E67", "icon_mask_base_uri": "https://maps.gstatic.com/mapfiles/place_api/icons/v2/bar_pinlet", "name": "The Fire Station", "opening_hours": {"open_now": true}, "photos": [{"height": 1536, "html_attributions": ["<a href=\"https://maps.google.com/maps/contrib/100832099472588749543\">\u4e95\u7b52\u8056</a>"], "photo_reference": "Aap_uEDbvugsw8_UkKzCaXErKSf6iUoiZt9AzdRyw8XFGEty1YM-D18BNJ2wBfc46R4SPTloLqtMVVeuuelkPIIP05X0Om6X8RK7O_CV7vX5flLs_batvSLMG88I-LcZLD9eTJxS8RhWOCs4B1-f2m_UWbCitJBg1UjCt2RaRhyoPj_seOEx", "width": 2048}], "place_id": "ChIJyWInnxc5LioReWGUYadROW4", "plus_code": {"compound_code": "88XV+RP Busselton, Western Australia, Australia", "global_code": "4PRQ88XV+RP"}, "price_level": 2, "rating": 4.5, "reference": "ChIJyWInnxc5LioReWGUYadROW4", "scope": "GOOGLE", "types": ["bar", "point_of_interest", "establishment"], "user_ratings_total": 578, "vicinity": "68 Queen St, Busselton"}}, {"bus_status": "OPERATIONAL", "name": "The Ship Inn", "geo": {"location": {"lat": -33.6529346, "lng": 115.3417293}, "viewport": {"northeast": {"lat": -33.65148587010728, "lng": 115.3432695798927}, "southwest": {"lat": -33.65418552989273, "lng": 115.3405699201073}}}, "distance": 1000000, "hour": {"open_now": true}, "photo": "Aap_uEDoIPd5kv2NJJxg7LGu_8VTXs2-ZtBg1sIvZM-c7Ra7bkDtV4Q4X6-iq8QwcN6WNsAdP8_cir7UQa4dzngwWqU-0gN4RZFqV1chI0-eJRPscRFo1kOa2dxDl_tavvpNxwJGw3DPm6M96VCnBeQVQZEYdLGZbmwhPJhxYniMUcXTqSNN", "price_level": 2, "rating": 4.1, "stars": ["checked", "checked", "checked", "checked", ""], "tags": ["bar", "restaurant", "food", "point_of_interest"], "user_total_rating": 1046, "address": "8 Albert St, Busselton", "map": "https://www.google.com/maps/place/?q=place_id:ChIJlTKe9xk5LioRkofTYi0wrHg", "row": {"business_status": "OPERATIONAL", "geometry": {"location": {"lat": -33.6529346, "lng": 115.3417293}, "viewport": {"northeast": {"lat": -33.65148587010728, "lng": 115.3432695798927}, "southwest": {"lat": -33.65418552989273, "lng": 115.3405699201073}}}, "icon": "https://maps.gstatic.com/mapfiles/place_api/icons/v1/png_71/bar-71.png", "icon_background_color": "#FF9E67", "icon_mask_base_uri": "https://maps.gstatic.com/mapfiles/place_api/icons/v2/bar_pinlet", "name": "The Ship Inn", "opening_hours": {"open_now": true}, "photos": [{"height": 4048, "html_attributions": ["<a href=\"https://maps.google.com/maps/contrib/112234599495897697480\">James Sweeney</a>"], "photo_reference": "Aap_uEDoIPd5kv2NJJxg7LGu_8VTXs2-ZtBg1sIvZM-c7Ra7bkDtV4Q4X6-iq8QwcN6WNsAdP8_cir7UQa4dzngwWqU-0gN4RZFqV1chI0-eJRPscRFo1kOa2dxDl_tavvpNxwJGw3DPm6M96VCnBeQVQZEYdLGZbmwhPJhxYniMUcXTqSNN", "width": 3036}], "place_id": "ChIJlTKe9xk5LioRkofTYi0wrHg", "plus_code": {"compound_code": "88WR+RM Busselton, Western Australia, Australia", "global_code": "4PRQ88WR+RM"}, "price_level": 2, "rating": 4.1, "reference": "ChIJlTKe9xk5LioRkofTYi0wrHg", "scope": "GOOGLE", "types": ["bar", "restaurant", "food", "point_of_interest", "establishment"], "user_ratings_total": 1046, "vicinity": "8 Albert St, Busselton"}}, {"bus_status": "OPERATIONAL", "name": "Albies Bar and Bistro", "geo": {"location": {"lat": -33.6516973, "lng": 115.3452092}, "viewport": {"northeast": {"lat": -33.65027627010728, "lng": 115.3464711798927}, "southwest": {"lat": -33.65297592989272, "lng": 115.3437715201073}}}, "distance": 1000000, "hour": {"open_now": true}, "photo": "Aap_uEA-g9sbH2ekyQ0D0zmYt2tBTgKRErcsr9F_vG4a94_AZWTM0X__dWNBSoJ__Y7NxNp-SIp0g-t_O-c6d-lSSV1Gv9wtDaZAV74XTUKjVkomKjJIS1ovQKa1hIaR_0rGoCOC1b_YrI_xsNSY8pRGE-nOuD6KnTZh1Ykq_JB8-UlBKZTz", "price_level": 2, "rating": 4.2, "stars": ["checked", "checked", "checked", "checked", ""], "tags": ["bar", "restaurant", "food", "point_of_interest"], "user_total_rating": 458, "address": "117 Queen St, Busselton", "map": "https://www.google.com/maps/place/?q=place_id:ChIJ4XBNFhc5LioR9LznhjApono", "row": {"business_status": "OPERATIONAL", "geometry": {"location": {"lat": -33.6516973, "lng": 115.3452092}, "viewport": {"northeast": {"lat": -33.65027627010728, "lng": 115.3464711798927}, "southwest": {"lat": -33.65297592989272, "lng": 115.3437715201073}}}, "icon": "https://maps.gstatic.com/mapfiles/place_api/icons/v1/png_71/restaurant-71.png", "icon_background_color": "#FF9E67", "icon_mask_base_uri": "https://maps.gstatic.com/mapfiles/place_api/icons/v2/restaurant_pinlet", "name": "Albies Bar and Bistro", "opening_hours": {"open_now": true}, "photos": [{"height": 4160, "html_attributions": ["<a href=\"https://maps.google.com/maps/contrib/113498977777391540955\">dayna Addison</a>"], "photo_reference": "Aap_uEA-g9sbH2ekyQ0D0zmYt2tBTgKRErcsr9F_vG4a94_AZWTM0X__dWNBSoJ__Y7NxNp-SIp0g-t_O-c6d-lSSV1Gv9wtDaZAV74XTUKjVkomKjJIS1ovQKa1hIaR_0rGoCOC1b_YrI_xsNSY8pRGE-nOuD6KnTZh1Ykq_JB8-UlBKZTz", "width": 3120}], "place_id": "ChIJ4XBNFhc5LioR9LznhjApono", "plus_code": {"compound_code": "88XW+83 Busselton, Western Australia, Australia", "global_code": "4PRQ88XW+83"}, "price_level": 2, "rating": 4.2, "reference": "ChIJ4XBNFhc5LioR9LznhjApono", "scope": "GOOGLE", "types": ["bar", "restaurant", "food", "point_of_interest", "establishment"], "user_ratings_total": 458, "vicinity": "117 Queen St, Busselton"}}, {"bus_status": "OPERATIONAL", "name": "Amelia Park Lodge", "geo": {"location": {"lat": -33.66332620000001, "lng": 115.2581165}, "viewport": {"northeast": {"lat": -33.66182347010729, "lng": 115.2597355798927}, "southwest": {"lat": -33.66452312989273, "lng": 115.2570359201073}}}, "distance": 1000000, "hour": {"open_now": false}, "photo": "Aap_uECrh4c0aPxW8bfr5mNHIVIyc_WyoaLeoEZbPOdpEDoiVSIlNCocMdzDt45_t1CnpaBtvwVV0OjtR0KnyNhGBJcZchwgn8L6v09rkd1GTwLEbANfFhsZ-MbLJNM2HqE8TX1gFLm3y3lw4M3LDUOsEVbFhjZ9ZIqNKICMSLLpqc9tWbEt", "price_level": "", "rating": 4.3, "stars": ["checked", "checked", "checked", "checked", ""], "tags": ["lodging", "bar", "point_of_interest", "establishment"], "user_total_rating": 621, "address": "5850 Bussell Hwy, Abbey", "map": "https://www.google.com/maps/place/?q=place_id:ChIJk_kRFz9HLioRs77o3MJHviY", "row": {"business_status": "OPERATIONAL", "geometry": {"location": {"lat": -33.66332620000001, "lng": 115.2581165}, "viewport": {"northeast": {"lat": -33.66182347010729, "lng": 115.2597355798927}, "southwest": {"lat": -33.66452312989273, "lng": 115.2570359201073}}}, "icon": "https://maps.gstatic.com/mapfiles/place_api/icons/v1/png_71/bar-71.png", "icon_background_color": "#FF9E67", "icon_mask_base_uri": "https://maps.gstatic.com/mapfiles/place_api/icons/v2/bar_pinlet", "name": "Amelia Park Lodge", "opening_hours": {"open_now": false}, "photos": [{"height": 2400, "html_attributions": ["<a href=\"https://maps.google.com/maps/contrib/113153993823061744001\">A Google User</a>"], "photo_reference": "Aap_uECrh4c0aPxW8bfr5mNHIVIyc_WyoaLeoEZbPOdpEDoiVSIlNCocMdzDt45_t1CnpaBtvwVV0OjtR0KnyNhGBJcZchwgn8L6v09rkd1GTwLEbANfFhsZ-MbLJNM2HqE8TX1gFLm3y3lw4M3LDUOsEVbFhjZ9ZIqNKICMSLLpqc9tWbEt", "width": 3600}], "place_id": "ChIJk_kRFz9HLioRs77o3MJHviY", "plus_code": {"compound_code": "87P5+M6 Abbey, Western Australia, Australia", "global_code": "4PRQ87P5+M6"}, "rating": 4.3, "reference": "ChIJk_kRFz9HLioRs77o3MJHviY", "scope": "GOOGLE", "types": ["lodging", "bar", "point_of_interest", "establishment"], "user_ratings_total": 621, "vicinity": "5850 Bussell Hwy, Abbey"}}, {"bus_status": "OPERATIONAL", "name": "Hummingbird", "geo": {"location": {"lat": -33.6501462, "lng": 115.3444334}, "viewport": {"northeast": {"lat": -33.64880937010728, "lng": 115.3458387798927}, "southwest": {"lat": -33.65150902989272, "lng": 115.3431391201073}}}, "distance": 1000000, "hour": {"open_now": true}, "photo": "Aap_uEBy--9o7Vb2uGuPYxsa2ATFVhRwn87ALAT9kgCb1-ANk7887HlUVGW2mCIrnp2vCD1nFuU-gSntWYQfBEqQ4-hP1qrhzmmN95ewmJrZb5zsJCouT3_jUXmVT2SaPfgeuN1iCnzDD1Z4QoKDmsuy0NyEm1BidSN5C05oIuvtRYqnXIUe", "price_level": 2, "rating": 4.4, "stars": ["checked", "checked", "checked", "checked", ""], "tags": ["cafe", "bar", "restaurant", "food"], "user_total_rating": 501, "address": "60-66 Queen St, Busselton", "map": "https://www.google.com/maps/place/?q=place_id:ChIJrd-pmRc5LioRexplgxmSG8o", "row": {"business_status": "OPERATIONAL", "geometry": {"location": {"lat": -33.6501462, "lng": 115.3444334}, "viewport": {"northeast": {"lat": -33.64880937010728, "lng": 115.3458387798927}, "southwest": {"lat": -33.65150902989272, "lng": 115.3431391201073}}}, "icon": "https://maps.gstatic.com/mapfiles/place_api/icons/v1/png_71/restaurant-71.png", "icon_background_color": "#FF9E67", "icon_mask_base_uri": "https://maps.gstatic.com/mapfiles/place_api/icons/v2/restaurant_pinlet", "name": "Hummingbird", "opening_hours": {"open_now": true}, "photos": [{"height": 4140, "html_attributions": ["<a href=\"https://maps.google.com/maps/contrib/113170284015008141618\">Samovar</a>"], "photo_reference": "Aap_uEBy--9o7Vb2uGuPYxsa2ATFVhRwn87ALAT9kgCb1-ANk7887HlUVGW2mCIrnp2vCD1nFuU-gSntWYQfBEqQ4-hP1qrhzmmN95ewmJrZb5zsJCouT3_jUXmVT2SaPfgeuN1iCnzDD1Z4QoKDmsuy0NyEm1BidSN5C05oIuvtRYqnXIUe", "width": 5520}], "place_id": "ChIJrd-pmRc5LioRexplgxmSG8o", "plus_code": {"compound_code": "88XV+WQ Busselton, Western Australia, Australia", "global_code": "4PRQ88XV+WQ"}, "price_level": 2, "rating": 4.4, "reference": "ChIJrd-pmRc5LioRexplgxmSG8o", "scope": "GOOGLE", "types": ["cafe", "bar", "restaurant", "food", "point_of_interest", "store", "establishment"], "user_ratings_total": 501, "vicinity": "60-66 Queen St, Busselton"}}, {"bus_status": "OPERATIONAL", "name": "The Goose", "geo": {"location": {"lat": -33.6446343, "lng": 115.3454181}, "viewport": {"northeast": {"lat": -33.64333722010727, "lng": 115.3469915798927}, "southwest": {"lat": -33.64603687989272, "lng": 115.3442919201073}}}, "distance": 1000000, "hour": {"open_now": true}, "photo": "Aap_uEBNI5EbSImBliaBapMd4fMPBOKroRSsHNQZZ6rOotoVkUytyN5FSRn3jvO6Pj30_vwEuCeNRYpIEsiXhVEKFNlCBdUpomLIjmQyhf6WlkqcZXiwix0tyPsmLO4vPO10EbNr8dn_M16FvbZfHcETUtTRkpr_d3vp0mOUtC-RkQlTQQHk", "price_level": 2, "rating": 4.2, "stars": ["checked", "checked", "checked", "checked", ""], "tags": ["cafe", "bar", "restaurant", "food"], "user_total_rating": 1100, "address": "Geographe Bay Rd, Busselton", "map": "https://www.google.com/maps/place/?q=place_id:ChIJ4dF88jw5LioR_4cqiyZpFLE", "row": {"business_status": "OPERATIONAL", "geometry": {"location": {"lat": -33.6446343, "lng": 115.3454181}, "viewport": {"northeast": {"lat": -33.64333722010727, "lng": 115.3469915798927}, "southwest": {"lat": -33.64603687989272, "lng": 115.3442919201073}}}, "icon": "https://maps.gstatic.com/mapfiles/place_api/icons/v1/png_71/restaurant-71.png", "icon_background_color": "#FF9E67", "icon_mask_base_uri": "https://maps.gstatic.com/mapfiles/place_api/icons/v2/restaurant_pinlet", "name": "The Goose", "opening_hours": {"open_now": true}, "photos": [{"height": 2988, "html_attributions": ["<a href=\"https://maps.google.com/maps/contrib/109943198785952897763\">Robyn Vermeulen</a>"], "photo_reference": "Aap_uEBNI5EbSImBliaBapMd4fMPBOKroRSsHNQZZ6rOotoVkUytyN5FSRn3jvO6Pj30_vwEuCeNRYpIEsiXhVEKFNlCBdUpomLIjmQyhf6WlkqcZXiwix0tyPsmLO4vPO10EbNr8dn_M16FvbZfHcETUtTRkpr_d3vp0mOUtC-RkQlTQQHk", "width": 5312}], "place_id": "ChIJ4dF88jw5LioR_4cqiyZpFLE", "plus_code": {"compound_code": "984W+45 Busselton, Western Australia, Australia", "global_code": "4PRQ984W+45"}, "price_level": 2, "rating": 4.2, "reference": "ChIJ4dF88jw5LioR_4cqiyZpFLE", "scope": "GOOGLE", "types": ["cafe", "bar", "restaurant", "food", "point_of_interest", "store", "establishment"], "user_ratings_total": 1100, "vicinity": "Geographe Bay Rd, Busselton"}}, {"bus_status": "OPERATIONAL", "name": "The Vasse Tavern", "geo": {"location": {"lat": -33.6493361, "lng": 115.3441111}, "viewport": {"northeast": {"lat": -33.64800697010728, "lng": 115.3455394298928}, "southwest": {"lat": -33.65070662989272, "lng": 115.3428397701073}}}, "distance": 1000000, "hour": {"open_now": true}, "photo": "Aap_uEBJB1ctmdiVvE7-ZV7ymPUbgg5qHFrHfVltW5hswm4K-t9sIwBmTaNetD_5WQtiIaqDuCIgZjvfDYZWa8T-YixzDSnow7n46GJEum2_qV8TOzm1xt5acix2j3wwu-hu-cxcEB4MkyvRXWSK_7lwjUPzNgJJlBseDEeKmGeroMN18CAi", "price_level": 2, "rating": 4.3, "stars": ["checked", "checked", "checked", "checked", ""], "tags": ["restaurant", "food", "point_of_interest", "establishment"], "user_total_rating": 345, "address": "44 Queen St, Busselton", "map": "https://www.google.com/maps/place/?q=place_id:ChIJs0y4Wj05LioR4fqj-mumM0I", "row": {"business_status": "OPERATIONAL", "geometry": {"location": {"lat": -33.6493361, "lng": 115.3441111}, "viewport": {"northeast": {"lat": -33.64800697010728, "lng": 115.3455394298928}, "southwest": {"lat": -33.65070662989272, "lng": 115.3428397701073}}}, "icon": "https://maps.gstatic.com/mapfiles/place_api/icons/v1/png_71/restaurant-71.png", "icon_background_color": "#FF9E67", "icon_mask_base_uri": "https://maps.gstatic.com/mapfiles/place_api/icons/v2/restaurant_pinlet", "name": "The Vasse Tavern", "opening_hours": {"open_now": true}, "photos": [{"height": 2988, "html_attributions": ["<a href=\"https://maps.google.com/maps/contrib/110189449553437963916\">Peter Thompson</a>"], "photo_reference": "Aap_uEBJB1ctmdiVvE7-ZV7ymPUbgg5qHFrHfVltW5hswm4K-t9sIwBmTaNetD_5WQtiIaqDuCIgZjvfDYZWa8T-YixzDSnow7n46GJEum2_qV8TOzm1xt5acix2j3wwu-hu-cxcEB4MkyvRXWSK_7lwjUPzNgJJlBseDEeKmGeroMN18CAi", "width": 5312}], "place_id": "ChIJs0y4Wj05LioR4fqj-mumM0I", "plus_code": {"compound_code": "982V+7J Busselton, Western Australia, Australia", "global_code": "4PRQ982V+7J"}, "price_level": 2, "rating": 4.3, "reference": "ChIJs0y4Wj05LioR4fqj-mumM0I", "scope": "GOOGLE", "types": ["restaurant", "food", "point_of_interest", "establishment"], "user_ratings_total": 345, "vicinity": "44 Queen St, Busselton"}}, {"bus_status": "OPERATIONAL", "name": "Equinox Restaurant & Bar", "geo": {"location": {"lat": -33.6451896, "lng": 115.3434651}, "viewport": {"northeast": {"lat": -33.64383977010728, "lng": 115.3448149298927}, "southwest": {"lat": -33.64653942989273, "lng": 115.3421152701073}}}, "distance": 1000000, "hour": {"open_now": true}, "photo": "Aap_uEBV2R4JW3Qd0xC24nYn8L9e8cNGPA5wrFnoDGg1V6Rnc8vCVAXzn6ahD_o0v_8xIEvfx29vgkS2fp-CvISZ8lumwuufnK6IC0QI1GY2aY5O_3mkZfYZUVlE-rSj1HQi-TRaDXPxzgEpz-YXwEhvjl80YImF4ZHL_ITNkGLdWy0qztLy", "price_level": 2, "rating": 3.7, "stars": ["checked", "checked", "checked", "", ""], "tags": ["restaurant", "cafe", "bar", "food"], "user_total_rating": 875, "address": "1 Foreshore Parade, Busselton", "map": "https://www.google.com/maps/place/?q=place_id:ChIJQWSwNz05LioRgG4IR3cUN4U", "row": {"business_status": "OPERATIONAL", "geometry": {"location": {"lat": -33.6451896, "lng": 115.3434651}, "viewport": {"northeast": {"lat": -33.64383977010728, "lng": 115.3448149298927}, "southwest": {"lat": -33.64653942989273, "lng": 115.3421152701073}}}, "icon": "https://maps.gstatic.com/mapfiles/place_api/icons/v1/png_71/restaurant-71.png", "icon_background_color": "#FF9E67", "icon_mask_base_uri": "https://maps.gstatic.com/mapfiles/place_api/icons/v2/restaurant_pinlet", "name": "Equinox Restaurant & Bar", "opening_hours": {"open_now": true}, "photos": [{"height": 960, "html_attributions": ["<a href=\"https://maps.google.com/maps/contrib/104076260014857494770\">A Google User</a>"], "photo_reference": "Aap_uEBV2R4JW3Qd0xC24nYn8L9e8cNGPA5wrFnoDGg1V6Rnc8vCVAXzn6ahD_o0v_8xIEvfx29vgkS2fp-CvISZ8lumwuufnK6IC0QI1GY2aY5O_3mkZfYZUVlE-rSj1HQi-TRaDXPxzgEpz-YXwEhvjl80YImF4ZHL_ITNkGLdWy0qztLy", "width": 960}], "place_id": "ChIJQWSwNz05LioRgG4IR3cUN4U", "plus_code": {"compound_code": "983V+W9 Busselton, Western Australia, Australia", "global_code": "4PRQ983V+W9"}, "price_level": 2, "rating": 3.7, "reference": "ChIJQWSwNz05LioRgG4IR3cUN4U", "scope": "GOOGLE", "types": ["restaurant", "cafe", "bar", "food", "point_of_interest", "store", "establishment"], "user_ratings_total": 875, "vicinity": "1 Foreshore Parade, Busselton"}}, {"bus_status": "OPERATIONAL", "name": "rise&co craft bakery + cafe", "geo": {"location": {"lat": -33.653805, "lng": 115.335746}, "viewport": {"northeast": {"lat": -33.65245517010728, "lng": 115.3370958298928}, "southwest": {"lat": -33.65515482989272, "lng": 115.3343961701073}}}, "distance": 1000000, "hour": {"open_now": true}, "photo": "Aap_uEDOAqUCryzCplFNzQBYJxxO0Z0qkirsJ24uOfUfP7yQvgz-D6LBIlCct3Ju-dUPfS0VmyIj6ve0_LAYWxD2InR6MNe92Pbi7g9F9yO1vFTU72OtNxl-bd7_WmCIYb3LfHRbpmlf1RBWuqDOhA-4MVnkqrp-dmGd9Zjv09TsqN7V6MTs", "price_level": 2, "rating": 4.2, "stars": ["checked", "checked", "checked", "checked", ""], "tags": ["cafe", "bakery", "restaurant", "food"], "user_total_rating": 146, "address": "51 Bussell Hwy, West Busselton", "map": "https://www.google.com/maps/place/?q=place_id:ChIJJ5RlwB45LioR7UZIYfIeYkc", "row": {"business_status": "OPERATIONAL", "geometry": {"location": {"lat": -33.653805, "lng": 115.335746}, "viewport": {"northeast": {"lat": -33.65245517010728, "lng": 115.3370958298928}, "southwest": {"lat": -33.65515482989272, "lng": 115.3343961701073}}}, "icon": "https://maps.gstatic.com/mapfiles/place_api/icons/v1/png_71/cafe-71.png", "icon_background_color": "#FF9E67", "icon_mask_base_uri": "https://maps.gstatic.com/mapfiles/place_api/icons/v2/cafe_pinlet", "name": "rise&co craft bakery + cafe", "opening_hours": {"open_now": true}, "photos": [{"height": 678, "html_attributions": ["<a href=\"https://maps.google.com/maps/contrib/117875598372668412570\">Rise&amp;Co</a>"], "photo_reference": "Aap_uEDOAqUCryzCplFNzQBYJxxO0Z0qkirsJ24uOfUfP7yQvgz-D6LBIlCct3Ju-dUPfS0VmyIj6ve0_LAYWxD2InR6MNe92Pbi7g9F9yO1vFTU72OtNxl-bd7_WmCIYb3LfHRbpmlf1RBWuqDOhA-4MVnkqrp-dmGd9Zjv09TsqN7V6MTs", "width": 580}], "place_id": "ChIJJ5RlwB45LioR7UZIYfIeYkc", "plus_code": {"compound_code": "88WP+F7 West Busselton, Western Australia, Australia", "global_code": "4PRQ88WP+F7"}, "price_level": 2, "rating": 4.2, "reference": "ChIJJ5RlwB45LioR7UZIYfIeYkc", "scope": "GOOGLE", "types": ["cafe", "bakery", "restaurant", "food", "point_of_interest", "store", "establishment"], "user_ratings_total": 146, "vicinity": "51 Bussell Hwy, West Busselton"}}, {"bus_status": "OPERATIONAL", "name": "Kwik Koffee Causeway", "geo": {"location": {"lat": -33.6627435, "lng": 115.3585581}, "viewport": {"northeast": {"lat": -33.66139367010729, "lng": 115.3599079298927}, "southwest": {"lat": -33.66409332989273, "lng": 115.3572082701073}}}, "distance": 1000000, "hour": {"open_now": true}, "photo": "Aap_uEDL_2uWaG3W7oLGO2Jsw0msobCFtGjOcdGzizmUygJBJj7GZ6JF50n5dlhD7YexKAv1VjGOC-aM2CSKUbFJMRB8LItGHmmrTQKBdM4U-CnzphachtBw8xpSkIr80HhejvP6f56FEI_zNghVbxICdRFQl6ho77U-Witn7v4DnQ4lxgGL", "price_level": "", "rating": 4.6, "stars": ["checked", "checked", "checked", "checked", ""], "tags": ["cafe", "restaurant", "food", "point_of_interest"], "user_total_rating": 83, "address": "99 Causeway Rd, Busselton", "map": "https://www.google.com/maps/place/?q=place_id:ChIJYzzJL3w5LioRXJIJeDr-uiY", "row": {"business_status": "OPERATIONAL", "geometry": {"location": {"lat": -33.6627435, "lng": 115.3585581}, "viewport": {"northeast": {"lat": -33.66139367010729, "lng": 115.3599079298927}, "southwest": {"lat": -33.66409332989273, "lng": 115.3572082701073}}}, "icon": "https://maps.gstatic.com/mapfiles/place_api/icons/v1/png_71/cafe-71.png", "icon_background_color": "#FF9E67", "icon_mask_base_uri": "https://maps.gstatic.com/mapfiles/place_api/icons/v2/cafe_pinlet", "name": "Kwik Koffee Causeway", "opening_hours": {"open_now": true}, "photos": [{"height": 3024, "html_attributions": ["<a href=\"https://maps.google.com/maps/contrib/102970912558953221818\">A Google User</a>"], "photo_reference": "Aap_uEDL_2uWaG3W7oLGO2Jsw0msobCFtGjOcdGzizmUygJBJj7GZ6JF50n5dlhD7YexKAv1VjGOC-aM2CSKUbFJMRB8LItGHmmrTQKBdM4U-CnzphachtBw8xpSkIr80HhejvP6f56FEI_zNghVbxICdRFQl6ho77U-Witn7v4DnQ4lxgGL", "width": 4032}], "place_id": "ChIJYzzJL3w5LioRXJIJeDr-uiY", "plus_code": {"compound_code": "89P5+WC Busselton, Western Australia, Australia", "global_code": "4PRQ89P5+WC"}, "rating": 4.6, "reference": "ChIJYzzJL3w5LioRXJIJeDr-uiY", "scope": "GOOGLE", "types": ["cafe", "restaurant", "food", "point_of_interest", "store", "establishment"], "user_ratings_total": 83, "vicinity": "99 Causeway Rd, Busselton"}}, {"bus_status": "CLOSED_TEMPORARILY", "name": "Spinnakers", "geo": {"location": {"lat": -33.6587421, "lng": 115.2760132}, "viewport": {"northeast": {"lat": -33.65748812010727, "lng": 115.2773533298927}, "southwest": {"lat": -33.66018777989272, "lng": 115.2746536701073}}}, "distance": 1000000, "hour": "", "photo": "Aap_uEDGb3nEtaG85aTtCmEecK5E1XHE2PYhgWacl2T1_YADQiAuuWYo5qrEcHgaO5qB57MV-_5pvfmXcQd5ys50doRQX1ZS1UR1yL3Cf-4pXVwU86CNBUSc_XUxgBhWxFeiIys-Py77y87u4pwmskE-1mpUKR_nI1eMX5JGQfyNTutlotrK", "price_level": 2, "rating": 3.6, "stars": ["checked", "checked", "checked", "", ""], "tags": ["restaurant", "food", "point_of_interest", "establishment"], "user_total_rating": 95, "address": "555 Bussell Hwy, Busselton", "map": "https://www.google.com/maps/place/?q=place_id:ChIJz7CmoV5HLioR5qC6tEm3DSY", "row": {"business_status": "CLOSED_TEMPORARILY", "geometry": {"location": {"lat": -33.6587421, "lng": 115.2760132}, "viewport": {"northeast": {"lat": -33.65748812010727, "lng": 115.2773533298927}, "southwest": {"lat": -33.66018777989272, "lng": 115.2746536701073}}}, "icon": "https://maps.gstatic.com/mapfiles/place_api/icons/v1/png_71/restaurant-71.png", "icon_background_color": "#FF9E67", "icon_mask_base_uri": "https://maps.gstatic.com/mapfiles/place_api/icons/v2/restaurant_pinlet", "name": "Spinnakers", "permanently_closed": true, "photos": [{"height": 1200, "html_attributions": ["<a href=\"https://maps.google.com/maps/contrib/106857660172701929279\">Spinnakers</a>"], "photo_reference": "Aap_uEDGb3nEtaG85aTtCmEecK5E1XHE2PYhgWacl2T1_YADQiAuuWYo5qrEcHgaO5qB57MV-_5pvfmXcQd5ys50doRQX1ZS1UR1yL3Cf-4pXVwU86CNBUSc_XUxgBhWxFeiIys-Py77y87u4pwmskE-1mpUKR_nI1eMX5JGQfyNTutlotrK", "width": 2200}], "place_id": "ChIJz7CmoV5HLioR5qC6tEm3DSY", "plus_code": {"compound_code": "87RG+GC Busselton, Western Australia, Australia", "global_code": "4PRQ87RG+GC"}, "price_level": 2, "rating": 3.6, "reference": "ChIJz7CmoV5HLioR5qC6tEm3DSY", "scope": "GOOGLE", "types": ["restaurant", "food", "point_of_interest", "establishment"], "user_ratings_total": 95, "vicinity": "555 Bussell Hwy, Busselton"}}, {"bus_status": "OPERATIONAL", "name": "Reflections Restaurant", "geo": {"location": {"lat": -33.6583842, "lng": 115.2743025}, "viewport": {"northeast": {"lat": -33.65703662010728, "lng": 115.2758137298927}, "southwest": {"lat": -33.65973627989273, "lng": 115.2731140701073}}}, "distance": 1000000, "hour": {"open_now": false}, "photo": "Aap_uEC7VW3-XOhDp4U9wgws2sVsIGCjH0H3UCUTJwSqI73rLOVFA9qgSnEUF4vV8UQkRN62F2cQWxl_zvdurZBrJfgJUvtoPneMEDytbMapGMMhlHZH7LcmutXo8FKKihvZXX2CPfUB8bUrHZd0fVUljaPeAWe4zbbXwQsxoScOIIM4NWA3", "price_level": "", "rating": 3.4, "stars": ["checked", "checked", "checked", "", ""], "tags": ["restaurant", "cafe", "food", "point_of_interest"], "user_total_rating": 12, "address": "Abbey Beach Resort, 595 Bussell Hwy, Broadwater", "map": "https://www.google.com/maps/place/?q=place_id:ChIJYbtwRYFHLioR3RAiuNHAJTQ", "row": {"business_status": "OPERATIONAL", "geometry": {"location": {"lat": -33.6583842, "lng": 115.2743025}, "viewport": {"northeast": {"lat": -33.65703662010728, "lng": 115.2758137298927}, "southwest": {"lat": -33.65973627989273, "lng": 115.2731140701073}}}, "icon": "https://maps.gstatic.com/mapfiles/place_api/icons/v1/png_71/restaurant-71.png", "icon_background_color": "#FF9E67", "icon_mask_base_uri": "https://maps.gstatic.com/mapfiles/place_api/icons/v2/restaurant_pinlet", "name": "Reflections Restaurant", "opening_hours": {"open_now": false}, "photos": [{"height": 1350, "html_attributions": ["<a href=\"https://maps.google.com/maps/contrib/109812321014773051078\">A Google User</a>"], "photo_reference": "Aap_uEC7VW3-XOhDp4U9wgws2sVsIGCjH0H3UCUTJwSqI73rLOVFA9qgSnEUF4vV8UQkRN62F2cQWxl_zvdurZBrJfgJUvtoPneMEDytbMapGMMhlHZH7LcmutXo8FKKihvZXX2CPfUB8bUrHZd0fVUljaPeAWe4zbbXwQsxoScOIIM4NWA3", "width": 1080}], "place_id": "ChIJYbtwRYFHLioR3RAiuNHAJTQ", "plus_code": {"compound_code": "87RF+JP Broadwater, Western Australia, Australia", "global_code": "4PRQ87RF+JP"}, "rating": 3.4, "reference": "ChIJYbtwRYFHLioR3RAiuNHAJTQ", "scope": "GOOGLE", "types": ["restaurant", "cafe", "food", "point_of_interest", "establishment"], "user_ratings_total": 12, "vicinity": "Abbey Beach Resort, 595 Bussell Hwy, Broadwater"}}, {"bus_status": "OPERATIONAL", "name": "Esplanade Hotel", "geo": {"location": {"lat": -33.6466789, "lng": 115.3453292}, "viewport": {"northeast": {"lat": -33.64530872010727, "lng": 115.3467842798927}, "southwest": {"lat": -33.64800837989272, "lng": 115.3440846201073}}}, "distance": 1000000, "hour": {"open_now": true}, "photo": "Aap_uEBnsLfdejsE58kccy8fOKMvjR9dRZOdTxWzuLr9N8WcVovti64VQPWQxIRzUfM2mazxaj7aUFwCB4mqkGYYLzwVqhyo7CpH2CdUr3hmalDUWsOaLia355Zu1fkb1T1FK9_rBNGZ9TKnBbB1mL6zWgglBbCkS6EBIjnS0NrQ2baQ4oeK", "price_level": "", "rating": 4.1, "stars": ["checked", "checked", "checked", "checked", ""], "tags": ["lodging", "point_of_interest", "establishment"], "user_total_rating": 614, "address": "30-38 Marine Terrace, Busselton", "map": "https://www.google.com/maps/place/?q=place_id:ChIJEVE1DT05LioRdbo4O8p8r18", "row": {"business_status": "OPERATIONAL", "geometry": {"location": {"lat": -33.6466789, "lng": 115.3453292}, "viewport": {"northeast": {"lat": -33.64530872010727, "lng": 115.3467842798927}, "southwest": {"lat": -33.64800837989272, "lng": 115.3440846201073}}}, "icon": "https://maps.gstatic.com/mapfiles/place_api/icons/v1/png_71/lodging-71.png", "icon_background_color": "#909CE1", "icon_mask_base_uri": "https://maps.gstatic.com/mapfiles/place_api/icons/v2/hotel_pinlet", "name": "Esplanade Hotel", "opening_hours": {"open_now": true}, "photos": [{"height": 2929, "html_attributions": ["<a href=\"https://maps.google.com/maps/contrib/113244680647730011129\">A Google User</a>"], "photo_reference": "Aap_uEBnsLfdejsE58kccy8fOKMvjR9dRZOdTxWzuLr9N8WcVovti64VQPWQxIRzUfM2mazxaj7aUFwCB4mqkGYYLzwVqhyo7CpH2CdUr3hmalDUWsOaLia355Zu1fkb1T1FK9_rBNGZ9TKnBbB1mL6zWgglBbCkS6EBIjnS0NrQ2baQ4oeK", "width": 3905}], "place_id": "ChIJEVE1DT05LioRdbo4O8p8r18", "plus_code": {"compound_code": "983W+84 Busselton, Western Australia, Australia", "global_code": "4PRQ983W+84"}, "rating": 4.1, "reference": "ChIJEVE1DT05LioRdbo4O8p8r18", "scope": "GOOGLE", "types": ["lodging", "point_of_interest", "establishment"], "user_ratings_total": 614, "vicinity": "30-38 Marine Terrace, Busselton"}}]