[{"bus_status": "OPERATIONAL", "name": "The Deck Bar & Bistro", "geo": {"location": {"lat": -33.6305408, "lng": 115.3941962}, "viewport": {"northeast": {"lat": -33.62919097010728, "lng": 115.3955460298927}, "southwest": {"lat": -33.63189062989272, "lng": 115.3928463701073}}}, "distance": 1000000, "hour": {"open_now": true}, "photo": "Aap_uEB1UAoUStzzKd1SJodq2PZl38wob3v4KhSCmE6OMP_ItXyZ7fMWExcphsAKHPIALBTRRD1z8ysjqIB6DbbQJfVJbrExNULozHgW3XM9_AYXeCamdUhg3pJL1YVblDjJU7mc3zIChxYjCIVC8tYGNwr_TUMOwOCOv7cl_qEVPEZOTH-T", "price_level": 2, "rating": 4.3, "stars": ["checked", "checked", "checked", "checked", ""], "tags": ["bar", "restaurant", "food", "point_of_interest"], "user_total_rating": 458, "address": "21 Spinnaker Blvd, Geographe", "map": "https://www.google.com/maps/place/?q=place_id:ChIJe_Tkwu47LioRv3KoaPANmnM", "row": {"business_status": "OPERATIONAL", "geometry": {"location": {"lat": -33.6305408, "lng": 115.3941962}, "viewport": {"northeast": {"lat": -33.62919097010728, "lng": 115.3955460298927}, "southwest": {"lat": -33.63189062989272, "lng": 115.3928463701073}}}, "icon": "https://maps.gstatic.com/mapfiles/place_api/icons/v1/png_71/bar-71.png", "icon_background_color": "#FF9E67", "icon_mask_base_uri": "https://maps.gstatic.com/mapfiles/place_api/icons/v2/bar_pinlet", "name": "The Deck Bar & Bistro", "opening_hours": {"open_now": true}, "photos": [{"height": 3024, "html_attributions": ["<a href=\"https://maps.google.com/maps/contrib/107261956786056978676\">ajantha wijekoon</a>"], "photo_reference": "Aap_uEB1UAoUStzzKd1SJodq2PZl38wob3v4KhSCmE6OMP_ItXyZ7fMWExcphsAKHPIALBTRRD1z8ysjqIB6DbbQJfVJbrExNULozHgW3XM9_AYXeCamdUhg3pJL1YVblDjJU7mc3zIChxYjCIVC8tYGNwr_TUMOwOCOv7cl_qEVPEZOTH-T", "width": 4032}], "place_id": "ChIJe_Tkwu47LioRv3KoaPANmnM", "plus_code": {"compound_code": "999V+QM Geographe, Western Australia, Australia", "global_code": "4PRQ999V+QM"}, "price_level": 2, "rating": 4.3, "reference": "ChIJe_Tkwu47LioRv3KoaPANmnM", "scope": "GOOGLE", "types": ["bar", "restaurant", "food", "point_of_interest", "establishment"], "user_ratings_total": 458, "vicinity": "21 Spinnaker Blvd, Geographe"}}, {"bus_status": "OPERATIONAL", "name": "Cheeky Monkey HQ - Production Brewery and Tap House", "geo": {"location": {"lat": -33.6788902, "lng": 115.2317352}, "viewport": {"northeast": {"lat": -33.67753802010727, "lng": 115.2326998298927}, "southwest": {"lat": -33.68023767989271, "lng": 115.2300001701073}}}, "distance": 1000000, "hour": {"open_now": false}, "photo": "Aap_uEAbsO11QG4vFZrdG2fi0Cfvsdj9U0EafnsFUYSxq2RR8qcNzEmDMDXo0sZ5l2D0TUCCdeDe33p8Cr6-mz0R6o3g8mTRhMiOR3Z1kKx09fyroAvBScHBKGpP8KmcmTTBDeEnA5uJ3bwubDjH14XlLdDahUdDJlHFirNV2_G5g87ACOho", "price_level": "", "rating": 4.7, "stars": ["checked", "checked", "checked", "checked", ""], "tags": ["bar", "point_of_interest", "establishment"], "user_total_rating": 30, "address": "44 Commerce Rd, Vasse", "map": "https://www.google.com/maps/place/?q=place_id:ChIJoU7g3f5HLioR5bw_hQlcvx8", "row": {"business_status": "OPERATIONAL", "geometry": {"location": {"lat": -33.6788902, "lng": 115.2317352}, "viewport": {"northeast": {"lat": -33.67753802010727, "lng": 115.2326998298927}, "southwest": {"lat": -33.68023767989271, "lng": 115.2300001701073}}}, "icon": "https://maps.gstatic.com/mapfiles/place_api/icons/v1/png_71/bar-71.png", "icon_background_color": "#FF9E67", "icon_mask_base_uri": "https://maps.gstatic.com/mapfiles/place_api/icons/v2/bar_pinlet", "name": "Cheeky Monkey HQ - Production Brewery and Tap House", "opening_hours": {"open_now": false}, "photos": [{"height": 3024, "html_attributions": ["<a href=\"https://maps.google.com/maps/contrib/106574077669964815766\">Brent Burton</a>"], "photo_reference": "Aap_uEAbsO11QG4vFZrdG2fi0Cfvsdj9U0EafnsFUYSxq2RR8qcNzEmDMDXo0sZ5l2D0TUCCdeDe33p8Cr6-mz0R6o3g8mTRhMiOR3Z1kKx09fyroAvBScHBKGpP8KmcmTTBDeEnA5uJ3bwubDjH14XlLdDahUdDJlHFirNV2_G5g87ACOho", "width": 4032}], "place_id": "ChIJoU7g3f5HLioR5bw_hQlcvx8", "plus_code": {"compound_code": "86CJ+CM Vasse, Western Australia, Australia", "global_code": "4PRQ86CJ+CM"}, "rating": 4.7, "reference": "ChIJoU7g3f5HLioR5bw_hQlcvx8", "scope": "GOOGLE", "types": ["bar", "point_of_interest", "establishment"], "user_ratings_total": 30, "vicinity": "44 Commerce Rd, Vasse"}}, {"bus_status": "OPERATIONAL", "name": "The Ship Inn", "geo": {"location": {"lat": -33.6529346, "lng": 115.3417293}, "viewport": {"northeast": {"lat": -33.65148587010728, "lng": 115.3432695798927}, "southwest": {"lat": -33.65418552989273, "lng": 115.3405699201073}}}, "distance": 1000000, "hour": {"open_now": true}, "photo": "Aap_uEDWf3p5qOuQDk_IsuFQMCN4hilumfjENWOd2XWSnxA7kFkqNkod0XRtFD140nsOMYB3nv2gmzQHldfZAIpq8aEGcefETcUULlZHTbqK1nOHZTA6MxLsHW8MwOCatg24jG9T6BQqNkBTWJmH_UNyRTQQaLUEd99N6Pkq3PslFkoN22Cj", "price_level": 2, "rating": 4.1, "stars": ["checked", "checked", "checked", "checked", ""], "tags": ["bar", "restaurant", "food", "point_of_interest"], "user_total_rating": 1045, "address": "8 Albert St, Busselton", "map": "https://www.google.com/maps/place/?q=place_id:ChIJlTKe9xk5LioRkofTYi0wrHg", "row": {"business_status": "OPERATIONAL", "geometry": {"location": {"lat": -33.6529346, "lng": 115.3417293}, "viewport": {"northeast": {"lat": -33.65148587010728, "lng": 115.3432695798927}, "southwest": {"lat": -33.65418552989273, "lng": 115.3405699201073}}}, "icon": "https://maps.gstatic.com/mapfiles/place_api/icons/v1/png_71/bar-71.png", "icon_background_color": "#FF9E67", "icon_mask_base_uri": "https://maps.gstatic.com/mapfiles/place_api/icons/v2/bar_pinlet", "name": "The Ship Inn", "opening_hours": {"open_now": true}, "photos": [{"height": 4048, "html_attributions": ["<a href=\"https://maps.google.com/maps/contrib/112234599495897697480\">James Sweeney</a>"], "photo_reference": "Aap_uEDWf3p5qOuQDk_IsuFQMCN4hilumfjENWOd2XWSnxA7kFkqNkod0XRtFD140nsOMYB3nv2gmzQHldfZAIpq8aEGcefETcUULlZHTbqK1nOHZTA6MxLsHW8MwOCatg24jG9T6BQqNkBTWJmH_UNyRTQQaLUEd99N6Pkq3PslFkoN22Cj", "width": 3036}], "place_id": "ChIJlTKe9xk5LioRkofTYi0wrHg", "plus_code": {"compound_code": "88WR+RM Busselton, Western Australia, Australia", "global_code": "4PRQ88WR+RM"}, "price_level": 2, "rating": 4.1, "reference": "ChIJlTKe9xk5LioRkofTYi0wrHg", "scope": "GOOGLE", "types": ["bar", "restaurant", "food", "point_of_interest", "establishment"], "user_ratings_total": 1045, "vicinity": "8 Albert St, Busselton"}}, {"bus_status": "OPERATIONAL", "name": "The Fire Station", "geo": {"location": {"lat": -33.6503977, "lng": 115.3443397}, "viewport": {"northeast": {"lat": -33.64902892010728, "lng": 115.3458227298927}, "southwest": {"lat": -33.65172857989273, "lng": 115.3431230701072}}}, "distance": 1000000, "hour": {"open_now": true}, "photo": "Aap_uECTJKSEmJarV7M5-W6voEw2C9pYb1c3muphaRDOSuFetdAu0ycB4I-BIcnpMiRHkmTA1g_Ogn3ID85fLsYZt5q_pdFWrKq-HEvrrzUd-WaP1UNVYojti-64nC3bBdA20Usd3Ngftfpt1jOacpLlADlWVnxygXQorpR3RV_szo2sWE-u", "price_level": 2, "rating": 4.5, "stars": ["checked", "checked", "checked", "checked", ""], "tags": ["bar", "point_of_interest", "establishment"], "user_total_rating": 577, "address": "68 Queen St, Busselton", "map": "https://www.google.com/maps/place/?q=place_id:ChIJyWInnxc5LioReWGUYadROW4", "row": {"business_status": "OPERATIONAL", "geometry": {"location": {"lat": -33.6503977, "lng": 115.3443397}, "viewport": {"northeast": {"lat": -33.64902892010728, "lng": 115.3458227298927}, "southwest": {"lat": -33.65172857989273, "lng": 115.3431230701072}}}, "icon": "https://maps.gstatic.com/mapfiles/place_api/icons/v1/png_71/bar-71.png", "icon_background_color": "#FF9E67", "icon_mask_base_uri": "https://maps.gstatic.com/mapfiles/place_api/icons/v2/bar_pinlet", "name": "The Fire Station", "opening_hours": {"open_now": true}, "photos": [{"height": 1536, "html_attributions": ["<a href=\"https://maps.google.com/maps/contrib/100832099472588749543\">\u4e95\u7b52\u8056</a>"], "photo_reference": "Aap_uECTJKSEmJarV7M5-W6voEw2C9pYb1c3muphaRDOSuFetdAu0ycB4I-BIcnpMiRHkmTA1g_Ogn3ID85fLsYZt5q_pdFWrKq-HEvrrzUd-WaP1UNVYojti-64nC3bBdA20Usd3Ngftfpt1jOacpLlADlWVnxygXQorpR3RV_szo2sWE-u", "width": 2048}], "place_id": "ChIJyWInnxc5LioReWGUYadROW4", "plus_code": {"compound_code": "88XV+RP Busselton, Western Australia, Australia", "global_code": "4PRQ88XV+RP"}, "price_level": 2, "rating": 4.5, "reference": "ChIJyWInnxc5LioReWGUYadROW4", "scope": "GOOGLE", "types": ["bar", "point_of_interest", "establishment"], "user_ratings_total": 577, "vicinity": "68 Queen St, Busselton"}}, {"bus_status": "OPERATIONAL", "name": "Hally's Bar", "geo": {"location": {"lat": -33.65136, "lng": 115.34641}, "viewport": {"northeast": {"lat": -33.65022547010728, "lng": 115.3478207798927}, "southwest": {"lat": -33.65292512989272, "lng": 115.3451211201073}}}, "distance": 1000000, "hour": {"open_now": false}, "photo": "Aap_uECeHLTzeiHANJxOhSMQMYvoPuAV4nPc2-RtS5Kx4SWTVhGLt9vi19rr4b6IOKop7e1qTkIMM_kA_oXUsT4fVGXvwSFkh-lZ2B_stTa_DfSx12FD6R8dfYJFNTNDkmW-9CZfGmi9Y9hBEla02Lw_PKRahqD4kzMuScfKxIYnLFN34ip1", "price_level": "", "rating": 4.4, "stars": ["checked", "checked", "checked", "checked", ""], "tags": ["bar", "restaurant", "food", "point_of_interest"], "user_total_rating": 14, "address": "45 Albert St, Busselton", "map": "https://www.google.com/maps/place/?q=place_id:ChIJU__ylY45LioRwmQ0iLf2idU", "row": {"business_status": "OPERATIONAL", "geometry": {"location": {"lat": -33.65136, "lng": 115.34641}, "viewport": {"northeast": {"lat": -33.65022547010728, "lng": 115.3478207798927}, "southwest": {"lat": -33.65292512989272, "lng": 115.3451211201073}}}, "icon": "https://maps.gstatic.com/mapfiles/place_api/icons/v1/png_71/bar-71.png", "icon_background_color": "#FF9E67", "icon_mask_base_uri": "https://maps.gstatic.com/mapfiles/place_api/icons/v2/bar_pinlet", "name": "Hally's Bar", "opening_hours": {"open_now": false}, "photos": [{"height": 1067, "html_attributions": ["<a href=\"https://maps.google.com/maps/contrib/100560788637839507213\">A Google User</a>"], "photo_reference": "Aap_uECeHLTzeiHANJxOhSMQMYvoPuAV4nPc2-RtS5Kx4SWTVhGLt9vi19rr4b6IOKop7e1qTkIMM_kA_oXUsT4fVGXvwSFkh-lZ2B_stTa_DfSx12FD6R8dfYJFNTNDkmW-9CZfGmi9Y9hBEla02Lw_PKRahqD4kzMuScfKxIYnLFN34ip1", "width": 1600}], "place_id": "ChIJU__ylY45LioRwmQ0iLf2idU", "plus_code": {"compound_code": "88XW+FH Busselton, Western Australia, Australia", "global_code": "4PRQ88XW+FH"}, "rating": 4.4, "reference": "ChIJU__ylY45LioRwmQ0iLf2idU", "scope": "GOOGLE", "types": ["bar", "restaurant", "food", "point_of_interest", "establishment"], "user_ratings_total": 14, "vicinity": "45 Albert St, Busselton"}}, {"bus_status": "OPERATIONAL", "name": "Amelia Park Lodge", "geo": {"location": {"lat": -33.66332620000001, "lng": 115.2581165}, "viewport": {"northeast": {"lat": -33.66182347010729, "lng": 115.2597355798927}, "southwest": {"lat": -33.66452312989273, "lng": 115.2570359201073}}}, "distance": 1000000, "hour": {"open_now": true}, "photo": "Aap_uEBUAUETSbyfbozPoUUapxrrtNTi3u5SMN4AZmPh2M3dlo96LjqIeCD8PRYqj6RiqweJWz9poeI8b0CmrDjvkVfmY-QhGuTLy16GPsQUD_UE1aM2A3M_02X_yP_KhTQrl3t40zpdmS3GlIfbp_hWl9grhQJC0rdLUHgmAZ3t1LWwrfQT", "price_level": "", "rating": 4.3, "stars": ["checked", "checked", "checked", "checked", ""], "tags": ["lodging", "bar", "restaurant", "food"], "user_total_rating": 619, "address": "5850 Bussell Hwy, Abbey", "map": "https://www.google.com/maps/place/?q=place_id:ChIJk_kRFz9HLioRs77o3MJHviY", "row": {"business_status": "OPERATIONAL", "geometry": {"location": {"lat": -33.66332620000001, "lng": 115.2581165}, "viewport": {"northeast": {"lat": -33.66182347010729, "lng": 115.2597355798927}, "southwest": {"lat": -33.66452312989273, "lng": 115.2570359201073}}}, "icon": "https://maps.gstatic.com/mapfiles/place_api/icons/v1/png_71/bar-71.png", "icon_background_color": "#FF9E67", "icon_mask_base_uri": "https://maps.gstatic.com/mapfiles/place_api/icons/v2/bar_pinlet", "name": "Amelia Park Lodge", "opening_hours": {"open_now": true}, "photos": [{"height": 2048, "html_attributions": ["<a href=\"https://maps.google.com/maps/contrib/105634282469589836513\">Mimi Princess</a>"], "photo_reference": "Aap_uEBUAUETSbyfbozPoUUapxrrtNTi3u5SMN4AZmPh2M3dlo96LjqIeCD8PRYqj6RiqweJWz9poeI8b0CmrDjvkVfmY-QhGuTLy16GPsQUD_UE1aM2A3M_02X_yP_KhTQrl3t40zpdmS3GlIfbp_hWl9grhQJC0rdLUHgmAZ3t1LWwrfQT", "width": 1536}], "place_id": "ChIJk_kRFz9HLioRs77o3MJHviY", "plus_code": {"compound_code": "87P5+M6 Abbey, Western Australia, Australia", "global_code": "4PRQ87P5+M6"}, "rating": 4.3, "reference": "ChIJk_kRFz9HLioRs77o3MJHviY", "scope": "GOOGLE", "types": ["lodging", "bar", "restaurant", "food", "point_of_interest", "establishment"], "user_ratings_total": 619, "vicinity": "5850 Bussell Hwy, Abbey"}}, {"bus_status": "OPERATIONAL", "name": "The Goose", "geo": {"location": {"lat": -33.6446343, "lng": 115.3454181}, "viewport": {"northeast": {"lat": -33.64333722010727, "lng": 115.3469915798927}, "southwest": {"lat": -33.64603687989272, "lng": 115.3442919201073}}}, "distance": 1000000, "hour": {"open_now": true}, "photo": "Aap_uEDH5bTS15FQhe4WtF2FsFcPX6m242kPYTPjNV-tlh3Vzdx34CTBOYO-layjA6i3txZiBgJCW_zCd2vHDbaNEQVzmO9xwLpyLS6i2xFs1HMTyy49RTePSykaXoFICP1bnOFpgsdokEVQlAdd8OsWaBuqaN872N7XQsISfmQt_elATPKc", "price_level": 2, "rating": 4.2, "stars": ["checked", "checked", "checked", "checked", ""], "tags": ["cafe", "bar", "restaurant", "food"], "user_total_rating": 1100, "address": "Geographe Bay Rd, Busselton", "map": "https://www.google.com/maps/place/?q=place_id:ChIJ4dF88jw5LioR_4cqiyZpFLE", "row": {"business_status": "OPERATIONAL", "geometry": {"location": {"lat": -33.6446343, "lng": 115.3454181}, "viewport": {"northeast": {"lat": -33.64333722010727, "lng": 115.3469915798927}, "southwest": {"lat": -33.64603687989272, "lng": 115.3442919201073}}}, "icon": "https://maps.gstatic.com/mapfiles/place_api/icons/v1/png_71/restaurant-71.png", "icon_background_color": "#FF9E67", "icon_mask_base_uri": "https://maps.gstatic.com/mapfiles/place_api/icons/v2/restaurant_pinlet", "name": "The Goose", "opening_hours": {"open_now": true}, "photos": [{"height": 2988, "html_attributions": ["<a href=\"https://maps.google.com/maps/contrib/109943198785952897763\">Robyn Vermeulen</a>"], "photo_reference": "Aap_uEDH5bTS15FQhe4WtF2FsFcPX6m242kPYTPjNV-tlh3Vzdx34CTBOYO-layjA6i3txZiBgJCW_zCd2vHDbaNEQVzmO9xwLpyLS6i2xFs1HMTyy49RTePSykaXoFICP1bnOFpgsdokEVQlAdd8OsWaBuqaN872N7XQsISfmQt_elATPKc", "width": 5312}], "place_id": "ChIJ4dF88jw5LioR_4cqiyZpFLE", "plus_code": {"compound_code": "984W+45 Busselton, Western Australia, Australia", "global_code": "4PRQ984W+45"}, "price_level": 2, "rating": 4.2, "reference": "ChIJ4dF88jw5LioR_4cqiyZpFLE", "scope": "GOOGLE", "types": ["cafe", "bar", "restaurant", "food", "point_of_interest", "store", "establishment"], "user_ratings_total": 1100, "vicinity": "Geographe Bay Rd, Busselton"}}, {"bus_status": "OPERATIONAL", "name": "The Vasse Tavern", "geo": {"location": {"lat": -33.6493361, "lng": 115.3441111}, "viewport": {"northeast": {"lat": -33.64800697010728, "lng": 115.3455394298928}, "southwest": {"lat": -33.65070662989272, "lng": 115.3428397701073}}}, "distance": 1000000, "hour": {"open_now": true}, "photo": "Aap_uEAw_r8QW62L9F8qtvqSJ_8kFQtUGHTptQ-MQX8bNzbFYF71qaPE1eQYoAMUMxl8zy826ozhjGtTAbHVtCEfBqsF1WEwz41v9i6-eXN50wI4bqvTFMxah8BmTDuvFAUwyVVpJ10e4t1REux7Px8Q_L-5PY33mwFPcO0_3kfauXPEnAae", "price_level": 2, "rating": 4.3, "stars": ["checked", "checked", "checked", "checked", ""], "tags": ["restaurant", "food", "point_of_interest", "establishment"], "user_total_rating": 343, "address": "44 Queen St, Busselton", "map": "https://www.google.com/maps/place/?q=place_id:ChIJs0y4Wj05LioR4fqj-mumM0I", "row": {"business_status": "OPERATIONAL", "geometry": {"location": {"lat": -33.6493361, "lng": 115.3441111}, "viewport": {"northeast": {"lat": -33.64800697010728, "lng": 115.3455394298928}, "southwest": {"lat": -33.65070662989272, "lng": 115.3428397701073}}}, "icon": "https://maps.gstatic.com/mapfiles/place_api/icons/v1/png_71/restaurant-71.png", "icon_background_color": "#FF9E67", "icon_mask_base_uri": "https://maps.gstatic.com/mapfiles/place_api/icons/v2/restaurant_pinlet", "name": "The Vasse Tavern", "opening_hours": {"open_now": true}, "photos": [{"height": 2988, "html_attributions": ["<a href=\"https://maps.google.com/maps/contrib/110189449553437963916\">Peter Thompson</a>"], "photo_reference": "Aap_uEAw_r8QW62L9F8qtvqSJ_8kFQtUGHTptQ-MQX8bNzbFYF71qaPE1eQYoAMUMxl8zy826ozhjGtTAbHVtCEfBqsF1WEwz41v9i6-eXN50wI4bqvTFMxah8BmTDuvFAUwyVVpJ10e4t1REux7Px8Q_L-5PY33mwFPcO0_3kfauXPEnAae", "width": 5312}], "place_id": "ChIJs0y4Wj05LioR4fqj-mumM0I", "plus_code": {"compound_code": "982V+7J Busselton, Western Australia, Australia", "global_code": "4PRQ982V+7J"}, "price_level": 2, "rating": 4.3, "reference": "ChIJs0y4Wj05LioR4fqj-mumM0I", "scope": "GOOGLE", "types": ["restaurant", "food", "point_of_interest", "establishment"], "user_ratings_total": 343, "vicinity": "44 Queen St, Busselton"}}, {"bus_status": "OPERATIONAL", "name": "Equinox Restaurant & Bar", "geo": {"location": {"lat": -33.6451896, "lng": 115.3434651}, "viewport": {"northeast": {"lat": -33.64383977010728, "lng": 115.3448149298927}, "southwest": {"lat": -33.64653942989273, "lng": 115.3421152701073}}}, "distance": 1000000, "hour": {"open_now": true}, "photo": "Aap_uEBQDENr9tfRPHQ-TcRnjdfRIOccSeN7dCQG9pACr6hZjvchkTYh2qkRJjHG23AO05w5EYi2jiZElLv038m8cYW0Ei-fXLWXPFzlMrh_D6RbVdLNU6YEqVZufR1Rc02QRfMvjpk6zEJep4YvDik8V31F0Eqw43A0tIp1O-ndfWf3fyFq", "price_level": 2, "rating": 3.7, "stars": ["checked", "checked", "checked", "", ""], "tags": ["restaurant", "cafe", "bar", "food"], "user_total_rating": 874, "address": "1 Foreshore Parade, Busselton", "map": "https://www.google.com/maps/place/?q=place_id:ChIJQWSwNz05LioRgG4IR3cUN4U", "row": {"business_status": "OPERATIONAL", "geometry": {"location": {"lat": -33.6451896, "lng": 115.3434651}, "viewport": {"northeast": {"lat": -33.64383977010728, "lng": 115.3448149298927}, "southwest": {"lat": -33.64653942989273, "lng": 115.3421152701073}}}, "icon": "https://maps.gstatic.com/mapfiles/place_api/icons/v1/png_71/restaurant-71.png", "icon_background_color": "#FF9E67", "icon_mask_base_uri": "https://maps.gstatic.com/mapfiles/place_api/icons/v2/restaurant_pinlet", "name": "Equinox Restaurant & Bar", "opening_hours": {"open_now": true}, "photos": [{"height": 960, "html_attributions": ["<a href=\"https://maps.google.com/maps/contrib/104076260014857494770\">A Google User</a>"], "photo_reference": "Aap_uEBQDENr9tfRPHQ-TcRnjdfRIOccSeN7dCQG9pACr6hZjvchkTYh2qkRJjHG23AO05w5EYi2jiZElLv038m8cYW0Ei-fXLWXPFzlMrh_D6RbVdLNU6YEqVZufR1Rc02QRfMvjpk6zEJep4YvDik8V31F0Eqw43A0tIp1O-ndfWf3fyFq", "width": 960}], "place_id": "ChIJQWSwNz05LioRgG4IR3cUN4U", "plus_code": {"compound_code": "983V+W9 Busselton, Western Australia, Australia", "global_code": "4PRQ983V+W9"}, "price_level": 2, "rating": 3.7, "reference": "ChIJQWSwNz05LioRgG4IR3cUN4U", "scope": "GOOGLE", "types": ["restaurant", "cafe", "bar", "food", "point_of_interest", "store", "establishment"], "user_ratings_total": 874, "vicinity": "1 Foreshore Parade, Busselton"}}, {"bus_status": "OPERATIONAL", "name": "Hummingbird", "geo": {"location": {"lat": -33.6501462, "lng": 115.3444334}, "viewport": {"northeast": {"lat": -33.64880937010728, "lng": 115.3458387798927}, "southwest": {"lat": -33.65150902989272, "lng": 115.3431391201073}}}, "distance": 1000000, "hour": {"open_now": true}, "photo": "Aap_uECaYqhZsYBKx18E1iChEN7X8DNQS3imnlWIJR4jaytm--jcsfhV3-xOmrhEPFSXvv_ypj9UHtd9cju3mLPpmvEYFEF-Z5cQjcPy_gX5OYRAxu595rW70XBR93uS4IPOqnHHSgGGB1my43qyvuIVNroVjAa-QzQ8tapsNzVB_1E2vEon", "price_level": 2, "rating": 4.4, "stars": ["checked", "checked", "checked", "checked", ""], "tags": ["cafe", "bar", "restaurant", "food"], "user_total_rating": 498, "address": "60-66 Queen St, Busselton", "map": "https://www.google.com/maps/place/?q=place_id:ChIJrd-pmRc5LioRexplgxmSG8o", "row": {"business_status": "OPERATIONAL", "geometry": {"location": {"lat": -33.6501462, "lng": 115.3444334}, "viewport": {"northeast": {"lat": -33.64880937010728, "lng": 115.3458387798927}, "southwest": {"lat": -33.65150902989272, "lng": 115.3431391201073}}}, "icon": "https://maps.gstatic.com/mapfiles/place_api/icons/v1/png_71/restaurant-71.png", "icon_background_color": "#FF9E67", "icon_mask_base_uri": "https://maps.gstatic.com/mapfiles/place_api/icons/v2/restaurant_pinlet", "name": "Hummingbird", "opening_hours": {"open_now": true}, "photos": [{"height": 4140, "html_attributions": ["<a href=\"https://maps.google.com/maps/contrib/113170284015008141618\">Samovar</a>"], "photo_reference": "Aap_uECaYqhZsYBKx18E1iChEN7X8DNQS3imnlWIJR4jaytm--jcsfhV3-xOmrhEPFSXvv_ypj9UHtd9cju3mLPpmvEYFEF-Z5cQjcPy_gX5OYRAxu595rW70XBR93uS4IPOqnHHSgGGB1my43qyvuIVNroVjAa-QzQ8tapsNzVB_1E2vEon", "width": 5520}], "place_id": "ChIJrd-pmRc5LioRexplgxmSG8o", "plus_code": {"compound_code": "88XV+WQ Busselton, Western Australia, Australia", "global_code": "4PRQ88XV+WQ"}, "price_level": 2, "rating": 4.4, "reference": "ChIJrd-pmRc5LioRexplgxmSG8o", "scope": "GOOGLE", "types": ["cafe", "bar", "restaurant", "food", "point_of_interest", "store", "establishment"], "user_ratings_total": 498, "vicinity": "60-66 Queen St, Busselton"}}, {"bus_status": "OPERATIONAL", "name": "Match Restaurant", "geo": {"location": {"lat": -33.541061, "lng": 115.550213}, "viewport": {"northeast": {"lat": -33.54007677010728, "lng": 115.5513677798927}, "southwest": {"lat": -33.54277642989272, "lng": 115.5486681201073}}}, "distance": 1000000, "hour": {"open_now": false}, "photo": "Aap_uEAzL2Oeq8TWaVp8QmOgL07BuYQtyAwAyhNUpTLfxUcFeAlqA8Rg_BvMCeqHK_fhBVQ_QFsaf8WC4Q5VKGtFyD5M9nQssp18clo7JJKXKPD4-90mG1dirDs_pGH59eRqPsn495LXQHhGz2ubW2ZcMU_slSHFfK6ck-oExWhD1p-s724v", "price_level": 2, "rating": 4.5, "stars": ["checked", "checked", "checked", "checked", ""], "tags": ["restaurant", "food", "point_of_interest", "establishment"], "user_total_rating": 11, "address": "118 Mallokup Rd, Capel", "map": "https://www.google.com/maps/place/?q=place_id:ChIJRfYZi88jLioROQghhrWg1XA", "row": {"business_status": "OPERATIONAL", "geometry": {"location": {"lat": -33.541061, "lng": 115.550213}, "viewport": {"northeast": {"lat": -33.54007677010728, "lng": 115.5513677798927}, "southwest": {"lat": -33.54277642989272, "lng": 115.5486681201073}}}, "icon": "https://maps.gstatic.com/mapfiles/place_api/icons/v1/png_71/restaurant-71.png", "icon_background_color": "#FF9E67", "icon_mask_base_uri": "https://maps.gstatic.com/mapfiles/place_api/icons/v2/restaurant_pinlet", "name": "Match Restaurant", "opening_hours": {"open_now": false}, "photos": [{"height": 3024, "html_attributions": ["<a href=\"https://maps.google.com/maps/contrib/101377386373704567159\">jesse mackenzie</a>"], "photo_reference": "Aap_uEAzL2Oeq8TWaVp8QmOgL07BuYQtyAwAyhNUpTLfxUcFeAlqA8Rg_BvMCeqHK_fhBVQ_QFsaf8WC4Q5VKGtFyD5M9nQssp18clo7JJKXKPD4-90mG1dirDs_pGH59eRqPsn495LXQHhGz2ubW2ZcMU_slSHFfK6ck-oExWhD1p-s724v", "width": 4032}], "place_id": "ChIJRfYZi88jLioROQghhrWg1XA", "plus_code": {"compound_code": "FH52+H3 Capel, Western Australia, Australia", "global_code": "4PRQFH52+H3"}, "price_level": 2, "rating": 4.5, "reference": "ChIJRfYZi88jLioROQghhrWg1XA", "scope": "GOOGLE", "types": ["restaurant", "food", "point_of_interest", "establishment"], "user_ratings_total": 11, "vicinity": "118 Mallokup Rd, Capel"}}, {"bus_status": "OPERATIONAL", "name": "Capel Tavern", "geo": {"location": {"lat": -33.5518401, "lng": 115.5637502}, "viewport": {"northeast": {"lat": -33.55041562010728, "lng": 115.5650283298927}, "southwest": {"lat": -33.55311527989272, "lng": 115.5623286701073}}}, "distance": 1000000, "hour": {"open_now": true}, "photo": "Aap_uEBU2ouEZ445uxIiTetYwyAPo2aN_vHObaQtYD79iZQywx1OvsL2_b-5nHswDIZ-7FWtAL-MqP_G9h6cpAjrFX97-eZ0dJL5RwpxcN9IPJUAPncJ6qxrL8YtpOhOdi9dS7enHOe_um1VpgdXBpCtmXra7tkGXnlsuj9w6UcHGSTr-bIi", "price_level": 1, "rating": 4.1, "stars": ["checked", "checked", "checked", "checked", ""], "tags": ["liquor_store", "food", "point_of_interest", "store"], "user_total_rating": 173, "address": "96 Capel Dr, Capel", "map": "https://www.google.com/maps/place/?q=place_id:ChIJu_SgLdkjLioRsvpsZ8fBKuc", "row": {"business_status": "OPERATIONAL", "geometry": {"location": {"lat": -33.5518401, "lng": 115.5637502}, "viewport": {"northeast": {"lat": -33.55041562010728, "lng": 115.5650283298927}, "southwest": {"lat": -33.55311527989272, "lng": 115.5623286701073}}}, "icon": "https://maps.gstatic.com/mapfiles/place_api/icons/v1/png_71/shopping-71.png", "icon_background_color": "#4B96F3", "icon_mask_base_uri": "https://maps.gstatic.com/mapfiles/place_api/icons/v2/shopping_pinlet", "name": "Capel Tavern", "opening_hours": {"open_now": true}, "photos": [{"height": 2988, "html_attributions": ["<a href=\"https://maps.google.com/maps/contrib/101258674638818117031\">A Google User</a>"], "photo_reference": "Aap_uEBU2ouEZ445uxIiTetYwyAPo2aN_vHObaQtYD79iZQywx1OvsL2_b-5nHswDIZ-7FWtAL-MqP_G9h6cpAjrFX97-eZ0dJL5RwpxcN9IPJUAPncJ6qxrL8YtpOhOdi9dS7enHOe_um1VpgdXBpCtmXra7tkGXnlsuj9w6UcHGSTr-bIi", "width": 5312}], "place_id": "ChIJu_SgLdkjLioRsvpsZ8fBKuc", "plus_code": {"compound_code": "CHX7+7G Capel, Western Australia, Australia", "global_code": "4PRQCHX7+7G"}, "price_level": 1, "rating": 4.1, "reference": "ChIJu_SgLdkjLioRsvpsZ8fBKuc", "scope": "GOOGLE", "types": ["liquor_store", "food", "point_of_interest", "store", "establishment"], "user_ratings_total": 173, "vicinity": "96 Capel Dr, Capel"}}]