[{"bus_status": "OPERATIONAL", "name": "Anytime Fitness", "geo": {"location": {"lat": -33.6527211, "lng": 115.3405419}, "viewport": {"northeast": {"lat": -33.65143607010728, "lng": 115.3418837798927}, "southwest": {"lat": -33.65413572989272, "lng": 115.3391841201073}}}, "distance": 1000000, "hour": {"open_now": false}, "photo": "Aap_uEDYe4LtRDH74sZrRX9T_XC3Pv6R8dEj3hl-NGdk8yFb8W2YRjhysG7qwPEiZGIusLsdPR4pP7p22M8J0LXjVe1Knm5dCxbiUZew_LkxW8i7r4kEUkzhuvjCgV31C8W7hDN_8wJY8b85ydrexipuYWLU_K7Qzv22Mx0LWCBqK3uNa27v", "price_level": "", "rating": 5, "stars": ["checked", "checked", "checked", "checked", "checked"], "tags": ["gym", "health", "point_of_interest", "establishment"], "user_total_rating": 117, "address": "1/7 Bussell Hwy, Busselton", "map": "https://www.google.com/maps/place/?q=place_id:ChIJFQbI--A5LioRnU0whVMoVsY", "row": {"business_status": "OPERATIONAL", "geometry": {"location": {"lat": -33.6527211, "lng": 115.3405419}, "viewport": {"northeast": {"lat": -33.65143607010728, "lng": 115.3418837798927}, "southwest": {"lat": -33.65413572989272, "lng": 115.3391841201073}}}, "icon": "https://maps.gstatic.com/mapfiles/place_api/icons/v1/png_71/generic_business-71.png", "icon_background_color": "#7B9EB0", "icon_mask_base_uri": "https://maps.gstatic.com/mapfiles/place_api/icons/v2/generic_pinlet", "name": "Anytime Fitness", "opening_hours": {"open_now": false}, "photos": [{"height": 4032, "html_attributions": ["<a href=\"https://maps.google.com/maps/contrib/114344092966345957856\">A Google User</a>"], "photo_reference": "Aap_uEDYe4LtRDH74sZrRX9T_XC3Pv6R8dEj3hl-NGdk8yFb8W2YRjhysG7qwPEiZGIusLsdPR4pP7p22M8J0LXjVe1Knm5dCxbiUZew_LkxW8i7r4kEUkzhuvjCgV31C8W7hDN_8wJY8b85ydrexipuYWLU_K7Qzv22Mx0LWCBqK3uNa27v", "width": 3024}], "place_id": "ChIJFQbI--A5LioRnU0whVMoVsY", "plus_code": {"compound_code": "88WR+W6 Busselton, Western Australia, Australia", "global_code": "4PRQ88WR+W6"}, "rating": 5, "reference": "ChIJFQbI--A5LioRnU0whVMoVsY", "scope": "GOOGLE", "types": ["gym", "health", "point_of_interest", "establishment"], "user_ratings_total": 117, "vicinity": "1/7 Bussell Hwy, Busselton"}}, {"bus_status": "OPERATIONAL", "name": "Busselton Fitness Club", "geo": {"location": {"lat": -33.6510732, "lng": 115.3276156}, "viewport": {"northeast": {"lat": -33.64978922010728, "lng": 115.3288496798927}, "southwest": {"lat": -33.65248887989272, "lng": 115.3261500201073}}}, "distance": 1000000, "hour": {"open_now": true}, "photo": "", "price_level": "", "rating": 5, "stars": ["checked", "checked", "checked", "checked", "checked"], "tags": ["gym", "health", "point_of_interest", "establishment"], "user_total_rating": 6, "address": "West Busselton", "map": "https://www.google.com/maps/place/?q=place_id:ChIJvY8GuEw5LioRtoEkibB7G_s", "row": {"business_status": "OPERATIONAL", "geometry": {"location": {"lat": -33.6510732, "lng": 115.3276156}, "viewport": {"northeast": {"lat": -33.64978922010728, "lng": 115.3288496798927}, "southwest": {"lat": -33.65248887989272, "lng": 115.3261500201073}}}, "icon": "https://maps.gstatic.com/mapfiles/place_api/icons/v1/png_71/generic_business-71.png", "icon_background_color": "#7B9EB0", "icon_mask_base_uri": "https://maps.gstatic.com/mapfiles/place_api/icons/v2/generic_pinlet", "name": "Busselton Fitness Club", "opening_hours": {"open_now": true}, "place_id": "ChIJvY8GuEw5LioRtoEkibB7G_s", "plus_code": {"compound_code": "88XH+H2 West Busselton, Western Australia, Australia", "global_code": "4PRQ88XH+H2"}, "rating": 5, "reference": "ChIJvY8GuEw5LioRtoEkibB7G_s", "scope": "GOOGLE", "types": ["gym", "health", "point_of_interest", "establishment"], "user_ratings_total": 6, "vicinity": "West Busselton"}}, {"bus_status": "OPERATIONAL", "name": "Jetts Busselton", "geo": {"location": {"lat": -33.6652653, "lng": 115.3496224}, "viewport": {"northeast": {"lat": -33.66401657010728, "lng": 115.3509733798928}, "southwest": {"lat": -33.66671622989272, "lng": 115.3482737201073}}}, "distance": 1000000, "hour": {"open_now": true}, "photo": "Aap_uEAU6YbR8qi-KRklhhfCnzPCNk-w5nT0BPGYG5wIFwXQXAvcDm_6WTeZrDFE1c1KekZD6vYxkY7AjK8KfngPwyuXVwhPxdJdXxL3CJjo3LlnEsep6R3ZXnx1axMnIQMfcNXnVtlpaj_GAEYu9MMyupEFsZ-rPVqI5rD6034P3H-LQKEK", "price_level": "", "rating": 3.4, "stars": ["checked", "checked", "checked", "", ""], "tags": ["gym", "health", "point_of_interest", "establishment"], "user_total_rating": 23, "address": "home depot, 12/115 west Busselton, cnr Strelly St, Busselton", "map": "https://www.google.com/maps/place/?q=place_id:ChIJaTz02PY4LioRrvYra6W7oI8", "row": {"business_status": "OPERATIONAL", "geometry": {"location": {"lat": -33.6652653, "lng": 115.3496224}, "viewport": {"northeast": {"lat": -33.66401657010728, "lng": 115.3509733798928}, "southwest": {"lat": -33.66671622989272, "lng": 115.3482737201073}}}, "icon": "https://maps.gstatic.com/mapfiles/place_api/icons/v1/png_71/generic_business-71.png", "icon_background_color": "#7B9EB0", "icon_mask_base_uri": "https://maps.gstatic.com/mapfiles/place_api/icons/v2/generic_pinlet", "name": "Jetts Busselton", "opening_hours": {"open_now": true}, "photos": [{"height": 3036, "html_attributions": ["<a href=\"https://maps.google.com/maps/contrib/104240030164058709019\">Rory Innes</a>"], "photo_reference": "Aap_uEAU6YbR8qi-KRklhhfCnzPCNk-w5nT0BPGYG5wIFwXQXAvcDm_6WTeZrDFE1c1KekZD6vYxkY7AjK8KfngPwyuXVwhPxdJdXxL3CJjo3LlnEsep6R3ZXnx1axMnIQMfcNXnVtlpaj_GAEYu9MMyupEFsZ-rPVqI5rD6034P3H-LQKEK", "width": 4048}], "place_id": "ChIJaTz02PY4LioRrvYra6W7oI8", "plus_code": {"compound_code": "88MX+VR Busselton, Western Australia, Australia", "global_code": "4PRQ88MX+VR"}, "rating": 3.4, "reference": "ChIJaTz02PY4LioRrvYra6W7oI8", "scope": "GOOGLE", "types": ["gym", "health", "point_of_interest", "establishment"], "user_ratings_total": 23, "vicinity": "home depot, 12/115 west Busselton, cnr Strelly St, Busselton"}}, {"bus_status": "OPERATIONAL", "name": "F45 Training Vasse", "geo": {"location": {"lat": -33.6800542, "lng": 115.2335861}, "viewport": {"northeast": {"lat": -33.67864487010728, "lng": 115.2349593298927}, "southwest": {"lat": -33.68134452989272, "lng": 115.2322596701073}}}, "distance": 1000000, "hour": {"open_now": false}, "photo": "Aap_uEA_-ZKT_dysKKEgzD_XxjZlSqX9KNNWIcPVoeODOks9OeTwlOAgwCmRhZhNpeVNvFMJvTrBBkhQKHmVaX5jX8ilNmuSzqTRk5GNwyweD5fYd96GUj1jElu_Gv5kKFKxgfJq6Ozp5Z5OBMOFGpfjtxd0ta07FjwT2m2QnrlO0Fi6S_RR", "price_level": "", "rating": 5, "stars": ["checked", "checked", "checked", "checked", "checked"], "tags": ["gym", "health", "point_of_interest", "establishment"], "user_total_rating": 34, "address": "2/20 Burler Dr, Vasse", "map": "https://www.google.com/maps/place/?q=place_id:ChIJlRs7U-JGLioRIZUaEh2wv2M", "row": {"business_status": "OPERATIONAL", "geometry": {"location": {"lat": -33.6800542, "lng": 115.2335861}, "viewport": {"northeast": {"lat": -33.67864487010728, "lng": 115.2349593298927}, "southwest": {"lat": -33.68134452989272, "lng": 115.2322596701073}}}, "icon": "https://maps.gstatic.com/mapfiles/place_api/icons/v1/png_71/generic_business-71.png", "icon_background_color": "#7B9EB0", "icon_mask_base_uri": "https://maps.gstatic.com/mapfiles/place_api/icons/v2/generic_pinlet", "name": "F45 Training Vasse", "opening_hours": {"open_now": false}, "photos": [{"height": 1545, "html_attributions": ["<a href=\"https://maps.google.com/maps/contrib/115918356522836691991\">F45 Training Vasse</a>"], "photo_reference": "Aap_uEA_-ZKT_dysKKEgzD_XxjZlSqX9KNNWIcPVoeODOks9OeTwlOAgwCmRhZhNpeVNvFMJvTrBBkhQKHmVaX5jX8ilNmuSzqTRk5GNwyweD5fYd96GUj1jElu_Gv5kKFKxgfJq6Ozp5Z5OBMOFGpfjtxd0ta07FjwT2m2QnrlO0Fi6S_RR", "width": 2744}], "place_id": "ChIJlRs7U-JGLioRIZUaEh2wv2M", "plus_code": {"compound_code": "869M+XC Vasse, Western Australia, Australia", "global_code": "4PRQ869M+XC"}, "rating": 5, "reference": "ChIJlRs7U-JGLioRIZUaEh2wv2M", "scope": "GOOGLE", "types": ["gym", "health", "point_of_interest", "establishment"], "user_ratings_total": 34, "vicinity": "2/20 Burler Dr, Vasse"}}, {"bus_status": "OPERATIONAL", "name": "The Shed - Small Group Training Studio", "geo": {"location": {"lat": -33.6600493, "lng": 115.3492977}, "viewport": {"northeast": {"lat": -33.65858972010728, "lng": 115.3507426798927}, "southwest": {"lat": -33.66128937989272, "lng": 115.3480430201073}}}, "distance": 1000000, "hour": {"open_now": false}, "photo": "Aap_uEAfHIrXcRIRPJfcujHMVDkVHr_G7d6YxuQv4rKVg-7PUZNTGajQN3oI0mRqhhdLboo7d663VRxs6l-D6BNoR_Hj5Os84e4_Xf10KkXeNIS_BE1pGbvIFtwsHyly7qWc6WGqeLr-629Dwe7XgVcNgXUoiYrM_dBzokc2Y3XFRemBj2Kr", "price_level": "", "rating": 4.2, "stars": ["checked", "checked", "checked", "checked", ""], "tags": ["gym", "health", "point_of_interest", "establishment"], "user_total_rating": 5, "address": "3/56 Strelly St, Busselton", "map": "https://www.google.com/maps/place/?q=place_id:ChIJ-ci3LAw5LioRQc17CZMxhgg", "row": {"business_status": "OPERATIONAL", "geometry": {"location": {"lat": -33.6600493, "lng": 115.3492977}, "viewport": {"northeast": {"lat": -33.65858972010728, "lng": 115.3507426798927}, "southwest": {"lat": -33.66128937989272, "lng": 115.3480430201073}}}, "icon": "https://maps.gstatic.com/mapfiles/place_api/icons/v1/png_71/generic_business-71.png", "icon_background_color": "#7B9EB0", "icon_mask_base_uri": "https://maps.gstatic.com/mapfiles/place_api/icons/v2/generic_pinlet", "name": "The Shed - Small Group Training Studio", "opening_hours": {"open_now": false}, "photos": [{"height": 720, "html_attributions": ["<a href=\"https://maps.google.com/maps/contrib/115910421410701033236\">A Google User</a>"], "photo_reference": "Aap_uEAfHIrXcRIRPJfcujHMVDkVHr_G7d6YxuQv4rKVg-7PUZNTGajQN3oI0mRqhhdLboo7d663VRxs6l-D6BNoR_Hj5Os84e4_Xf10KkXeNIS_BE1pGbvIFtwsHyly7qWc6WGqeLr-629Dwe7XgVcNgXUoiYrM_dBzokc2Y3XFRemBj2Kr", "width": 960}], "place_id": "ChIJ-ci3LAw5LioRQc17CZMxhgg", "plus_code": {"compound_code": "88QX+XP Busselton, Western Australia, Australia", "global_code": "4PRQ88QX+XP"}, "rating": 4.2, "reference": "ChIJ-ci3LAw5LioRQc17CZMxhgg", "scope": "GOOGLE", "types": ["gym", "health", "point_of_interest", "establishment"], "user_ratings_total": 5, "vicinity": "3/56 Strelly St, Busselton"}}, {"bus_status": "OPERATIONAL", "name": "Geographe Leisure Centre", "geo": {"location": {"lat": -33.6668864, "lng": 115.3252695}, "viewport": {"northeast": {"lat": -33.66563902010728, "lng": 115.3265731798927}, "southwest": {"lat": -33.66833867989272, "lng": 115.3238735201073}}}, "distance": 1000000, "hour": {"open_now": true}, "photo": "Aap_uEApLJZ7uvSIqVTyKXHJfcSmIJIHWapIo9fM2WRpzrUPZzmNtTdj5YFdD5StN8XyDqNGy8p_9OW_m4kB--6gonUkz-HYP7IeesLjOq-TLKd26DIiH6yR0Faj4mukutIU4eNZgzG73YyzYKCkqVwS37HLng-u-6jXmvn6yFVlkhZWjP1-", "price_level": "", "rating": 4.4, "stars": ["checked", "checked", "checked", "checked", ""], "tags": ["point_of_interest", "establishment"], "user_total_rating": 67, "address": "Recreation Ln &, Queen Elizabeth Ave, West Busselton", "map": "https://www.google.com/maps/place/?q=place_id:ChIJ7xhWdfw4LioRy0rIt6wW8OI", "row": {"business_status": "OPERATIONAL", "geometry": {"location": {"lat": -33.6668864, "lng": 115.3252695}, "viewport": {"northeast": {"lat": -33.66563902010728, "lng": 115.3265731798927}, "southwest": {"lat": -33.66833867989272, "lng": 115.3238735201073}}}, "icon": "https://maps.gstatic.com/mapfiles/place_api/icons/v1/png_71/generic_business-71.png", "icon_background_color": "#7B9EB0", "icon_mask_base_uri": "https://maps.gstatic.com/mapfiles/place_api/icons/v2/generic_pinlet", "name": "Geographe Leisure Centre", "opening_hours": {"open_now": true}, "photos": [{"height": 4000, "html_attributions": ["<a href=\"https://maps.google.com/maps/contrib/115394923056706014477\">Geographe Leisure Centre</a>"], "photo_reference": "Aap_uEApLJZ7uvSIqVTyKXHJfcSmIJIHWapIo9fM2WRpzrUPZzmNtTdj5YFdD5StN8XyDqNGy8p_9OW_m4kB--6gonUkz-HYP7IeesLjOq-TLKd26DIiH6yR0Faj4mukutIU4eNZgzG73YyzYKCkqVwS37HLng-u-6jXmvn6yFVlkhZWjP1-", "width": 6000}], "place_id": "ChIJ7xhWdfw4LioRy0rIt6wW8OI", "plus_code": {"compound_code": "88MG+64 West Busselton, Western Australia, Australia", "global_code": "4PRQ88MG+64"}, "rating": 4.4, "reference": "ChIJ7xhWdfw4LioRy0rIt6wW8OI", "scope": "GOOGLE", "types": ["point_of_interest", "establishment"], "user_ratings_total": 67, "vicinity": "Recreation Ln &, Queen Elizabeth Ave, West Busselton"}}, {"bus_status": "OPERATIONAL", "name": "World Gym Busselton", "geo": {"location": {"lat": -33.6547486, "lng": 115.3420221}, "viewport": {"northeast": {"lat": -33.65338742010727, "lng": 115.3431971298928}, "southwest": {"lat": -33.65608707989272, "lng": 115.3404974701073}}}, "distance": 1000000, "hour": {}, "photo": "Aap_uEDwQzTRQaDKCu8XpUFRE2tsVepDVW5ssl0Xek38IJckVRcSjh_IxlRQpI_yN_QKbtd7kbREdiXUpa5Ip7HKDCPMJHsbU9sbD9GRK-VAmP4980KGJ7rvIYweOQnYR98JJrMAZcnqTUfowPkZAkMi5foS7ZKvU2XJUXhz8ZwQuffNfRad", "price_level": "", "rating": 0, "stars": ["", "", "", "", ""], "tags": ["gym", "health", "point_of_interest", "establishment"], "user_total_rating": 0, "address": "5/81-93 West St, Busselton", "map": "https://www.google.com/maps/place/?q=place_id:ChIJiVJygPw5LioR1Wu03Rf0uco", "row": {"business_status": "OPERATIONAL", "geometry": {"location": {"lat": -33.6547486, "lng": 115.3420221}, "viewport": {"northeast": {"lat": -33.65338742010727, "lng": 115.3431971298928}, "southwest": {"lat": -33.65608707989272, "lng": 115.3404974701073}}}, "icon": "https://maps.gstatic.com/mapfiles/place_api/icons/v1/png_71/generic_business-71.png", "icon_background_color": "#7B9EB0", "icon_mask_base_uri": "https://maps.gstatic.com/mapfiles/place_api/icons/v2/generic_pinlet", "name": "World Gym Busselton", "opening_hours": {}, "photos": [{"height": 475, "html_attributions": ["<a href=\"https://maps.google.com/maps/contrib/115185800828450707970\">A Google User</a>"], "photo_reference": "Aap_uEDwQzTRQaDKCu8XpUFRE2tsVepDVW5ssl0Xek38IJckVRcSjh_IxlRQpI_yN_QKbtd7kbREdiXUpa5Ip7HKDCPMJHsbU9sbD9GRK-VAmP4980KGJ7rvIYweOQnYR98JJrMAZcnqTUfowPkZAkMi5foS7ZKvU2XJUXhz8ZwQuffNfRad", "width": 2398}], "place_id": "ChIJiVJygPw5LioR1Wu03Rf0uco", "plus_code": {"compound_code": "88WR+4R Busselton, Western Australia, Australia", "global_code": "4PRQ88WR+4R"}, "reference": "ChIJiVJygPw5LioR1Wu03Rf0uco", "scope": "GOOGLE", "types": ["gym", "health", "point_of_interest", "establishment"], "vicinity": "5/81-93 West St, Busselton"}}]