[{"bus_status": "OPERATIONAL", "name": "Anytime Fitness", "geo": {"location": {"lat": -33.6527211, "lng": 115.3405419}, "viewport": {"northeast": {"lat": -33.65143607010728, "lng": 115.3418837798927}, "southwest": {"lat": -33.65413572989272, "lng": 115.3391841201073}}}, "distance": 1000000, "hour": {"open_now": true}, "photo": "Aap_uEDmsHfC7uElWHqtG3d08smeyW0-5ccuprDxUdxsH8_atj5N4jb-n-mVpA1NQnJHc7s07AXMeYUAuiAGeZbr7ibaEVPIljTsOvLBjJbC0bi1JisbNKVNELmOb_SE79ogMGHZpEy26S5BDZnfmI415T8xXVGiBNJC6q6kaNkZi9AWS5nn", "price_level": "", "rating": 5, "stars": ["checked", "checked", "checked", "checked", "checked"], "tags": ["gym", "health", "point_of_interest", "establishment"], "user_total_rating": 117, "address": "1/7 Bussell Hwy, Busselton", "map": "https://www.google.com/maps/place/?q=place_id:ChIJFQbI--A5LioRnU0whVMoVsY", "row": {"business_status": "OPERATIONAL", "geometry": {"location": {"lat": -33.6527211, "lng": 115.3405419}, "viewport": {"northeast": {"lat": -33.65143607010728, "lng": 115.3418837798927}, "southwest": {"lat": -33.65413572989272, "lng": 115.3391841201073}}}, "icon": "https://maps.gstatic.com/mapfiles/place_api/icons/v1/png_71/generic_business-71.png", "icon_background_color": "#7B9EB0", "icon_mask_base_uri": "https://maps.gstatic.com/mapfiles/place_api/icons/v2/generic_pinlet", "name": "Anytime Fitness", "opening_hours": {"open_now": true}, "photos": [{"height": 4032, "html_attributions": ["<a href=\"https://maps.google.com/maps/contrib/114344092966345957856\">A Google User</a>"], "photo_reference": "Aap_uEDmsHfC7uElWHqtG3d08smeyW0-5ccuprDxUdxsH8_atj5N4jb-n-mVpA1NQnJHc7s07AXMeYUAuiAGeZbr7ibaEVPIljTsOvLBjJbC0bi1JisbNKVNELmOb_SE79ogMGHZpEy26S5BDZnfmI415T8xXVGiBNJC6q6kaNkZi9AWS5nn", "width": 3024}], "place_id": "ChIJFQbI--A5LioRnU0whVMoVsY", "plus_code": {"compound_code": "88WR+W6 Busselton, Western Australia, Australia", "global_code": "4PRQ88WR+W6"}, "rating": 5, "reference": "ChIJFQbI--A5LioRnU0whVMoVsY", "scope": "GOOGLE", "types": ["gym", "health", "point_of_interest", "establishment"], "user_ratings_total": 117, "vicinity": "1/7 Bussell Hwy, Busselton"}}, {"bus_status": "OPERATIONAL", "name": "F45 Training Vasse", "geo": {"location": {"lat": -33.6800542, "lng": 115.2335861}, "viewport": {"northeast": {"lat": -33.67864487010728, "lng": 115.2349593298927}, "southwest": {"lat": -33.68134452989272, "lng": 115.2322596701073}}}, "distance": 1000000, "hour": {"open_now": false}, "photo": "Aap_uEDxWCrQT8A--CwoZwkkKWU-VhxhkNgLJdMeRi2OW5kHKRs8uAY1o_LxuR4U3BM4-Lk88KiZs25BPoj20ncXXlRr0JW09lzEG66vlI_mOytFo-IvAtvJ0CPoaaczPw8SNZCj75g4pwTcD-vMJcq-zly65tVnxAtUj6fknthI9iPKKIuG", "price_level": "", "rating": 5, "stars": ["checked", "checked", "checked", "checked", "checked"], "tags": ["gym", "health", "point_of_interest", "establishment"], "user_total_rating": 34, "address": "2/20 Burler Dr, Vasse", "map": "https://www.google.com/maps/place/?q=place_id:ChIJlRs7U-JGLioRIZUaEh2wv2M", "row": {"business_status": "OPERATIONAL", "geometry": {"location": {"lat": -33.6800542, "lng": 115.2335861}, "viewport": {"northeast": {"lat": -33.67864487010728, "lng": 115.2349593298927}, "southwest": {"lat": -33.68134452989272, "lng": 115.2322596701073}}}, "icon": "https://maps.gstatic.com/mapfiles/place_api/icons/v1/png_71/generic_business-71.png", "icon_background_color": "#7B9EB0", "icon_mask_base_uri": "https://maps.gstatic.com/mapfiles/place_api/icons/v2/generic_pinlet", "name": "F45 Training Vasse", "opening_hours": {"open_now": false}, "photos": [{"height": 1545, "html_attributions": ["<a href=\"https://maps.google.com/maps/contrib/115918356522836691991\">F45 Training Vasse</a>"], "photo_reference": "Aap_uEDxWCrQT8A--CwoZwkkKWU-VhxhkNgLJdMeRi2OW5kHKRs8uAY1o_LxuR4U3BM4-Lk88KiZs25BPoj20ncXXlRr0JW09lzEG66vlI_mOytFo-IvAtvJ0CPoaaczPw8SNZCj75g4pwTcD-vMJcq-zly65tVnxAtUj6fknthI9iPKKIuG", "width": 2744}], "place_id": "ChIJlRs7U-JGLioRIZUaEh2wv2M", "plus_code": {"compound_code": "869M+XC Vasse, Western Australia, Australia", "global_code": "4PRQ869M+XC"}, "rating": 5, "reference": "ChIJlRs7U-JGLioRIZUaEh2wv2M", "scope": "GOOGLE", "types": ["gym", "health", "point_of_interest", "establishment"], "user_ratings_total": 34, "vicinity": "2/20 Burler Dr, Vasse"}}, {"bus_status": "OPERATIONAL", "name": "Jetts Busselton", "geo": {"location": {"lat": -33.6652653, "lng": 115.3496224}, "viewport": {"northeast": {"lat": -33.66401657010728, "lng": 115.3509733798928}, "southwest": {"lat": -33.66671622989272, "lng": 115.3482737201073}}}, "distance": 1000000, "hour": {"open_now": true}, "photo": "Aap_uEA-nNhbXBrCcM36a4QG268KcB66vwcaYwsqMafFlVYONInnrRLMMMRDj6BQFQC89PbBrBMJErH8hMU-EHet7dNat-VgNDK-_ro9Usxw8Yl4ZmNRtevebyOApjmtkqQwUovSkyH9E5VwLdMOPH86j8MVpEDg_NAFxmqNw3kQ3oraaXxR", "price_level": "", "rating": 3.4, "stars": ["checked", "checked", "checked", "", ""], "tags": ["gym", "health", "point_of_interest", "establishment"], "user_total_rating": 23, "address": "home depot, 12/115 west Busselton, cnr Strelly St, Busselton", "map": "https://www.google.com/maps/place/?q=place_id:ChIJaTz02PY4LioRrvYra6W7oI8", "row": {"business_status": "OPERATIONAL", "geometry": {"location": {"lat": -33.6652653, "lng": 115.3496224}, "viewport": {"northeast": {"lat": -33.66401657010728, "lng": 115.3509733798928}, "southwest": {"lat": -33.66671622989272, "lng": 115.3482737201073}}}, "icon": "https://maps.gstatic.com/mapfiles/place_api/icons/v1/png_71/generic_business-71.png", "icon_background_color": "#7B9EB0", "icon_mask_base_uri": "https://maps.gstatic.com/mapfiles/place_api/icons/v2/generic_pinlet", "name": "Jetts Busselton", "opening_hours": {"open_now": true}, "photos": [{"height": 3036, "html_attributions": ["<a href=\"https://maps.google.com/maps/contrib/104240030164058709019\">Rory Innes</a>"], "photo_reference": "Aap_uEA-nNhbXBrCcM36a4QG268KcB66vwcaYwsqMafFlVYONInnrRLMMMRDj6BQFQC89PbBrBMJErH8hMU-EHet7dNat-VgNDK-_ro9Usxw8Yl4ZmNRtevebyOApjmtkqQwUovSkyH9E5VwLdMOPH86j8MVpEDg_NAFxmqNw3kQ3oraaXxR", "width": 4048}], "place_id": "ChIJaTz02PY4LioRrvYra6W7oI8", "plus_code": {"compound_code": "88MX+VR Busselton, Western Australia, Australia", "global_code": "4PRQ88MX+VR"}, "rating": 3.4, "reference": "ChIJaTz02PY4LioRrvYra6W7oI8", "scope": "GOOGLE", "types": ["gym", "health", "point_of_interest", "establishment"], "user_ratings_total": 23, "vicinity": "home depot, 12/115 west Busselton, cnr Strelly St, Busselton"}}, {"bus_status": "OPERATIONAL", "name": "Busselton Fitness Club", "geo": {"location": {"lat": -33.6510732, "lng": 115.3276156}, "viewport": {"northeast": {"lat": -33.64978922010728, "lng": 115.3288496798927}, "southwest": {"lat": -33.65248887989272, "lng": 115.3261500201073}}}, "distance": 1000000, "hour": {"open_now": true}, "photo": "", "price_level": "", "rating": 5, "stars": ["checked", "checked", "checked", "checked", "checked"], "tags": ["gym", "health", "point_of_interest", "establishment"], "user_total_rating": 6, "address": "West Busselton", "map": "https://www.google.com/maps/place/?q=place_id:ChIJvY8GuEw5LioRtoEkibB7G_s", "row": {"business_status": "OPERATIONAL", "geometry": {"location": {"lat": -33.6510732, "lng": 115.3276156}, "viewport": {"northeast": {"lat": -33.64978922010728, "lng": 115.3288496798927}, "southwest": {"lat": -33.65248887989272, "lng": 115.3261500201073}}}, "icon": "https://maps.gstatic.com/mapfiles/place_api/icons/v1/png_71/generic_business-71.png", "icon_background_color": "#7B9EB0", "icon_mask_base_uri": "https://maps.gstatic.com/mapfiles/place_api/icons/v2/generic_pinlet", "name": "Busselton Fitness Club", "opening_hours": {"open_now": true}, "place_id": "ChIJvY8GuEw5LioRtoEkibB7G_s", "plus_code": {"compound_code": "88XH+H2 West Busselton, Western Australia, Australia", "global_code": "4PRQ88XH+H2"}, "rating": 5, "reference": "ChIJvY8GuEw5LioRtoEkibB7G_s", "scope": "GOOGLE", "types": ["gym", "health", "point_of_interest", "establishment"], "user_ratings_total": 6, "vicinity": "West Busselton"}}, {"bus_status": "OPERATIONAL", "name": "World Gym Busselton", "geo": {"location": {"lat": -33.6547486, "lng": 115.3420221}, "viewport": {"northeast": {"lat": -33.65338742010727, "lng": 115.3431971298928}, "southwest": {"lat": -33.65608707989272, "lng": 115.3404974701073}}}, "distance": 1000000, "hour": {}, "photo": "Aap_uEBk9X7LSIjfgWq54sl35GesVLsz8ruOW_ssaGJ-XWj58PIehwJFr1gIAfhl_mona69s7-qAdsuKYoVNtjyBw1F_ev5_EaPAlgXN3ARs3xJTYNfDKPekodqcIuu255X1QVPLyvftsHDboItE-eP-WtF9iH5TTlbOP32vQvnTx8Adw00X", "price_level": "", "rating": 0, "stars": ["", "", "", "", ""], "tags": ["gym", "health", "point_of_interest", "establishment"], "user_total_rating": 0, "address": "5/81-93 West St, Busselton", "map": "https://www.google.com/maps/place/?q=place_id:ChIJiVJygPw5LioR1Wu03Rf0uco", "row": {"business_status": "OPERATIONAL", "geometry": {"location": {"lat": -33.6547486, "lng": 115.3420221}, "viewport": {"northeast": {"lat": -33.65338742010727, "lng": 115.3431971298928}, "southwest": {"lat": -33.65608707989272, "lng": 115.3404974701073}}}, "icon": "https://maps.gstatic.com/mapfiles/place_api/icons/v1/png_71/generic_business-71.png", "icon_background_color": "#7B9EB0", "icon_mask_base_uri": "https://maps.gstatic.com/mapfiles/place_api/icons/v2/generic_pinlet", "name": "World Gym Busselton", "opening_hours": {}, "photos": [{"height": 475, "html_attributions": ["<a href=\"https://maps.google.com/maps/contrib/115185800828450707970\">A Google User</a>"], "photo_reference": "Aap_uEBk9X7LSIjfgWq54sl35GesVLsz8ruOW_ssaGJ-XWj58PIehwJFr1gIAfhl_mona69s7-qAdsuKYoVNtjyBw1F_ev5_EaPAlgXN3ARs3xJTYNfDKPekodqcIuu255X1QVPLyvftsHDboItE-eP-WtF9iH5TTlbOP32vQvnTx8Adw00X", "width": 2398}], "place_id": "ChIJiVJygPw5LioR1Wu03Rf0uco", "plus_code": {"compound_code": "88WR+4R Busselton, Western Australia, Australia", "global_code": "4PRQ88WR+4R"}, "reference": "ChIJiVJygPw5LioR1Wu03Rf0uco", "scope": "GOOGLE", "types": ["gym", "health", "point_of_interest", "establishment"], "vicinity": "5/81-93 West St, Busselton"}}, {"bus_status": "CLOSED_TEMPORARILY", "name": "Chaos Fitness", "geo": {"location": {"lat": -33.6559707, "lng": 115.3402476}, "viewport": {"northeast": {"lat": -33.65436832010727, "lng": 115.3413493298928}, "southwest": {"lat": -33.65706797989272, "lng": 115.3386496701073}}}, "distance": 1000000, "hour": "", "photo": "Aap_uEC3qbHefLaVb26qTXwte4zQ6FGUD88uROlf3YvV0ViqUB4QHJd0L3pmVbLU8O6hcqFdLgXQXfiUBoOEb82lI06AcJs-uPYnabdPstjJQ6o-b8Z9Lcu758N3oWCq5VgpPiILmGsP-k2i60ljBblIH7T6kjrFtPOsAajcDxRIO40GGPAs", "price_level": "", "rating": 0, "stars": ["", "", "", "", ""], "tags": ["gym", "health", "point_of_interest", "establishment"], "user_total_rating": 0, "address": "Prince Regent Dr, West Busselton", "map": "https://www.google.com/maps/place/?q=place_id:ChIJY2wS2R05LioR-aNuochUado", "row": {"business_status": "CLOSED_TEMPORARILY", "geometry": {"location": {"lat": -33.6559707, "lng": 115.3402476}, "viewport": {"northeast": {"lat": -33.65436832010727, "lng": 115.3413493298928}, "southwest": {"lat": -33.65706797989272, "lng": 115.3386496701073}}}, "icon": "https://maps.gstatic.com/mapfiles/place_api/icons/v1/png_71/school-71.png", "icon_background_color": "#7B9EB0", "icon_mask_base_uri": "https://maps.gstatic.com/mapfiles/place_api/icons/v2/school_pinlet", "name": "Chaos Fitness", "permanently_closed": true, "photos": [{"height": 4032, "html_attributions": ["<a href=\"https://maps.google.com/maps/contrib/106776307531549994960\">A Google User</a>"], "photo_reference": "Aap_uEC3qbHefLaVb26qTXwte4zQ6FGUD88uROlf3YvV0ViqUB4QHJd0L3pmVbLU8O6hcqFdLgXQXfiUBoOEb82lI06AcJs-uPYnabdPstjJQ6o-b8Z9Lcu758N3oWCq5VgpPiILmGsP-k2i60ljBblIH7T6kjrFtPOsAajcDxRIO40GGPAs", "width": 3024}], "place_id": "ChIJY2wS2R05LioR-aNuochUado", "plus_code": {"compound_code": "88VR+J3 West Busselton, Western Australia, Australia", "global_code": "4PRQ88VR+J3"}, "rating": 0, "reference": "ChIJY2wS2R05LioR-aNuochUado", "scope": "GOOGLE", "types": ["gym", "health", "point_of_interest", "establishment"], "user_ratings_total": 0, "vicinity": "Prince Regent Dr, West Busselton"}}]