[{"bus_status": "OPERATIONAL", "name": "Hungry Jack's Burgers Busselton", "geo": {"location": {"lat": -33.6527291, "lng": 115.343325}, "viewport": {"northeast": {"lat": -33.65134867010728, "lng": 115.3446816298928}, "southwest": {"lat": -33.65404832989272, "lng": 115.3419819701073}}}, "distance": 1000000, "hour": {"open_now": true}, "photo": "Aap_uEDB5hq-6Nno0XfMQxVBePjBcU0boO79IFlg1uuHhV8Bm7ydF9UONP5mh8FFEgls6jK7agTvoSMzIkMJVS2Q8PyQy5L5eKTf2cmFNMsU3IQeZ3aI4zcuaUSx5ZDS0_IjG50trnV2in2rCs7P84uVp1bVba1UUNIkW-lKKWnK6VJbW2y1", "price_level": 1, "rating": 3.6, "stars": ["checked", "checked", "checked", "", ""], "tags": ["meal_takeaway", "restaurant", "food", "point_of_interest"], "user_total_rating": 372, "address": "16 Albert St, Busselton", "map": "https://www.google.com/maps/place/?q=place_id:ChIJffb0WRc5LioRmBQCG-igT3E", "row": {"business_status": "OPERATIONAL", "geometry": {"location": {"lat": -33.6527291, "lng": 115.343325}, "viewport": {"northeast": {"lat": -33.65134867010728, "lng": 115.3446816298928}, "southwest": {"lat": -33.65404832989272, "lng": 115.3419819701073}}}, "icon": "https://maps.gstatic.com/mapfiles/place_api/icons/v1/png_71/restaurant-71.png", "icon_background_color": "#FF9E67", "icon_mask_base_uri": "https://maps.gstatic.com/mapfiles/place_api/icons/v2/restaurant_pinlet", "name": "Hungry Jack's Burgers Busselton", "opening_hours": {"open_now": true}, "photos": [{"height": 331, "html_attributions": ["<a href=\"https://maps.google.com/maps/contrib/107367656955365830966\">A Google User</a>"], "photo_reference": "Aap_uEDB5hq-6Nno0XfMQxVBePjBcU0boO79IFlg1uuHhV8Bm7ydF9UONP5mh8FFEgls6jK7agTvoSMzIkMJVS2Q8PyQy5L5eKTf2cmFNMsU3IQeZ3aI4zcuaUSx5ZDS0_IjG50trnV2in2rCs7P84uVp1bVba1UUNIkW-lKKWnK6VJbW2y1", "width": 497}], "place_id": "ChIJffb0WRc5LioRmBQCG-igT3E", "plus_code": {"compound_code": "88WV+W8 Busselton, Western Australia, Australia", "global_code": "4PRQ88WV+W8"}, "price_level": 1, "rating": 3.6, "reference": "ChIJffb0WRc5LioRmBQCG-igT3E", "scope": "GOOGLE", "types": ["meal_takeaway", "restaurant", "food", "point_of_interest", "establishment"], "user_ratings_total": 372, "vicinity": "16 Albert St, Busselton"}}, {"bus_status": "CLOSED_TEMPORARILY", "name": "Salt Burger & Barbeque", "geo": {"location": {"lat": -33.6446706, "lng": 115.3453105}, "viewport": {"northeast": {"lat": -33.64340247010728, "lng": 115.3469372298928}, "southwest": {"lat": -33.64610212989272, "lng": 115.3442375701073}}}, "distance": 1000000, "hour": "", "photo": "Aap_uEB7VPmbE04u8eT5ToJnarF82B2fsYeKFqoTKUyPrsTSgg9yMyZNe99y-CdYIP0KO_Ej_l7UItTEOHsL6IRUgoVO8u2pZTWKYHn9BNoYP7c3ZrklatX6EbCSAE3ERGmAOLcQ2Zj-Wh2MSO1zaKaf-lYK4GwppkfEAJ6rT17M4YdDBZ0V", "price_level": "", "rating": 3.4, "stars": ["checked", "checked", "checked", "", ""], "tags": ["meal_takeaway", "restaurant", "food", "point_of_interest"], "user_total_rating": 51, "address": "Busselton", "map": "https://www.google.com/maps/place/?q=place_id:ChIJ9QH6OUw5LioRKalw0B-uDdo", "row": {"business_status": "CLOSED_TEMPORARILY", "geometry": {"location": {"lat": -33.6446706, "lng": 115.3453105}, "viewport": {"northeast": {"lat": -33.64340247010728, "lng": 115.3469372298928}, "southwest": {"lat": -33.64610212989272, "lng": 115.3442375701073}}}, "icon": "https://maps.gstatic.com/mapfiles/place_api/icons/v1/png_71/restaurant-71.png", "icon_background_color": "#FF9E67", "icon_mask_base_uri": "https://maps.gstatic.com/mapfiles/place_api/icons/v2/restaurant_pinlet", "name": "Salt Burger & Barbeque", "permanently_closed": true, "photos": [{"height": 3024, "html_attributions": ["<a href=\"https://maps.google.com/maps/contrib/107315555763381603420\">A Google User</a>"], "photo_reference": "Aap_uEB7VPmbE04u8eT5ToJnarF82B2fsYeKFqoTKUyPrsTSgg9yMyZNe99y-CdYIP0KO_Ej_l7UItTEOHsL6IRUgoVO8u2pZTWKYHn9BNoYP7c3ZrklatX6EbCSAE3ERGmAOLcQ2Zj-Wh2MSO1zaKaf-lYK4GwppkfEAJ6rT17M4YdDBZ0V", "width": 4032}], "place_id": "ChIJ9QH6OUw5LioRKalw0B-uDdo", "plus_code": {"compound_code": "984W+44 Busselton, Western Australia, Australia", "global_code": "4PRQ984W+44"}, "rating": 3.4, "reference": "ChIJ9QH6OUw5LioRKalw0B-uDdo", "scope": "GOOGLE", "types": ["meal_takeaway", "restaurant", "food", "point_of_interest", "establishment"], "user_ratings_total": 51, "vicinity": "Busselton"}}, {"bus_status": "OPERATIONAL", "name": "Burger Bones", "geo": {"location": {"lat": -33.6496149, "lng": 115.3445363}, "viewport": {"northeast": {"lat": -33.64826602010728, "lng": 115.3458459798927}, "southwest": {"lat": -33.65096567989272, "lng": 115.3431463201073}}}, "distance": 1000000, "hour": {"open_now": false}, "photo": "Aap_uED6xwkfVqFAFvrsTlzTaP6VPF26Ri8g4Kbuz38Nl-shGp7sjl9i2LJxX8xcxMM5Y3Ffz1FEnPqao8VgXf0OtbO5UGRa-Rf8EcVKQXoZNK0lPd-gO5tzwTBzoaAYaSg_Wgs3eKgziL9AlFtGDPtbde4ejuINtr8rAv3Ujy8qk2HqRLYA", "price_level": "", "rating": 4.7, "stars": ["checked", "checked", "checked", "checked", ""], "tags": ["restaurant", "food", "point_of_interest", "establishment"], "user_total_rating": 95, "address": "55 Queen St, Busselton", "map": "https://www.google.com/maps/place/?q=place_id:ChIJi7yghLI5LioRCAVnCL1PCus", "row": {"business_status": "OPERATIONAL", "geometry": {"location": {"lat": -33.6496149, "lng": 115.3445363}, "viewport": {"northeast": {"lat": -33.64826602010728, "lng": 115.3458459798927}, "southwest": {"lat": -33.65096567989272, "lng": 115.3431463201073}}}, "icon": "https://maps.gstatic.com/mapfiles/place_api/icons/v1/png_71/restaurant-71.png", "icon_background_color": "#FF9E67", "icon_mask_base_uri": "https://maps.gstatic.com/mapfiles/place_api/icons/v2/restaurant_pinlet", "name": "Burger Bones", "opening_hours": {"open_now": false}, "photos": [{"height": 3024, "html_attributions": ["<a href=\"https://maps.google.com/maps/contrib/108862274519705063112\">Cam Edwards</a>"], "photo_reference": "Aap_uED6xwkfVqFAFvrsTlzTaP6VPF26Ri8g4Kbuz38Nl-shGp7sjl9i2LJxX8xcxMM5Y3Ffz1FEnPqao8VgXf0OtbO5UGRa-Rf8EcVKQXoZNK0lPd-gO5tzwTBzoaAYaSg_Wgs3eKgziL9AlFtGDPtbde4ejuINtr8rAv3Ujy8qk2HqRLYA", "width": 4032}], "place_id": "ChIJi7yghLI5LioRCAVnCL1PCus", "plus_code": {"compound_code": "982V+5R Busselton, Western Australia, Australia", "global_code": "4PRQ982V+5R"}, "rating": 4.7, "reference": "ChIJi7yghLI5LioRCAVnCL1PCus", "scope": "GOOGLE", "types": ["restaurant", "food", "point_of_interest", "establishment"], "user_ratings_total": 95, "vicinity": "55 Queen St, Busselton"}}, {"bus_status": "OPERATIONAL", "name": "Busselton Fish \"N\" Chips", "geo": {"location": {"lat": -33.652301, "lng": 115.342536}, "viewport": {"northeast": {"lat": -33.65110962010728, "lng": 115.3439339798928}, "southwest": {"lat": -33.65380927989272, "lng": 115.3412343201073}}}, "distance": 1000000, "hour": {"open_now": false}, "photo": "Aap_uEDTMreG1g6ctzYy2IJPfSIfkDbge4JgeRqaoJYUmF3BSh208b7nYX0PeYKnL0VY5RVF8Yr4a4O7rfez9jOFGE6qJZ-vZnNA_cABeamtUkFVyrzdnE5b77kiuy_aYKr_WI-EGCyG24DoghK_aY94etS6vn6tirGS2y8UaBFyqKi4P9kj", "price_level": 2, "rating": 3.3, "stars": ["checked", "checked", "checked", "", ""], "tags": ["restaurant", "food", "point_of_interest", "establishment"], "user_total_rating": 103, "address": "9 Albert St, Busselton", "map": "https://www.google.com/maps/place/?q=place_id:ChIJOVq53Rk5LioR7rZIEcfARLo", "row": {"business_status": "OPERATIONAL", "geometry": {"location": {"lat": -33.652301, "lng": 115.342536}, "viewport": {"northeast": {"lat": -33.65110962010728, "lng": 115.3439339798928}, "southwest": {"lat": -33.65380927989272, "lng": 115.3412343201073}}}, "icon": "https://maps.gstatic.com/mapfiles/place_api/icons/v1/png_71/restaurant-71.png", "icon_background_color": "#FF9E67", "icon_mask_base_uri": "https://maps.gstatic.com/mapfiles/place_api/icons/v2/restaurant_pinlet", "name": "Busselton Fish \"N\" Chips", "opening_hours": {"open_now": false}, "photos": [{"height": 640, "html_attributions": ["<a href=\"https://maps.google.com/maps/contrib/111955061384961109321\">Jeremy Fissioli</a>"], "photo_reference": "Aap_uEDTMreG1g6ctzYy2IJPfSIfkDbge4JgeRqaoJYUmF3BSh208b7nYX0PeYKnL0VY5RVF8Yr4a4O7rfez9jOFGE6qJZ-vZnNA_cABeamtUkFVyrzdnE5b77kiuy_aYKr_WI-EGCyG24DoghK_aY94etS6vn6tirGS2y8UaBFyqKi4P9kj", "width": 1137}], "place_id": "ChIJOVq53Rk5LioR7rZIEcfARLo", "plus_code": {"compound_code": "88XV+32 Busselton, Western Australia, Australia", "global_code": "4PRQ88XV+32"}, "price_level": 2, "rating": 3.3, "reference": "ChIJOVq53Rk5LioR7rZIEcfARLo", "scope": "GOOGLE", "types": ["restaurant", "food", "point_of_interest", "establishment"], "user_ratings_total": 103, "vicinity": "9 Albert St, Busselton"}}, {"bus_status": "OPERATIONAL", "name": "McDonald's", "geo": {"location": {"lat": -33.65277, "lng": 115.343619}, "viewport": {"northeast": {"lat": -33.65134052010728, "lng": 115.3449638798927}, "southwest": {"lat": -33.65404017989272, "lng": 115.3422642201073}}}, "distance": 1000000, "hour": {"open_now": true}, "photo": "Aap_uEC7C0f8tqIpI2xlZEtaxn2BuCU-NYyHN7zPRL21hzO4wmVCOWd40uZuxIPi-re9onpw5_ZxXp35rwcRAMgx4XMvq0BaUQ9zcfjCLYPmxxCBXuctVOkoAIpSyOUXnz2FMFAnlPsq7Dgbz1RYnTiJYPzfdDhZ2vhQ_odWJZP1XW7OGfm7", "price_level": 1, "rating": 3.3, "stars": ["checked", "checked", "checked", "", ""], "tags": ["meal_takeaway", "cafe", "restaurant", "food"], "user_total_rating": 896, "address": "18 Albert St, Busselton", "map": "https://www.google.com/maps/place/?q=place_id:ChIJ410XUhc5LioRDQ2f92xSb4E", "row": {"business_status": "OPERATIONAL", "geometry": {"location": {"lat": -33.65277, "lng": 115.343619}, "viewport": {"northeast": {"lat": -33.65134052010728, "lng": 115.3449638798927}, "southwest": {"lat": -33.65404017989272, "lng": 115.3422642201073}}}, "icon": "https://maps.gstatic.com/mapfiles/place_api/icons/v1/png_71/restaurant-71.png", "icon_background_color": "#FF9E67", "icon_mask_base_uri": "https://maps.gstatic.com/mapfiles/place_api/icons/v2/restaurant_pinlet", "name": "McDonald's", "opening_hours": {"open_now": true}, "photos": [{"height": 3024, "html_attributions": ["<a href=\"https://maps.google.com/maps/contrib/105737176832205179243\">Shane Taylor</a>"], "photo_reference": "Aap_uEC7C0f8tqIpI2xlZEtaxn2BuCU-NYyHN7zPRL21hzO4wmVCOWd40uZuxIPi-re9onpw5_ZxXp35rwcRAMgx4XMvq0BaUQ9zcfjCLYPmxxCBXuctVOkoAIpSyOUXnz2FMFAnlPsq7Dgbz1RYnTiJYPzfdDhZ2vhQ_odWJZP1XW7OGfm7", "width": 4032}], "place_id": "ChIJ410XUhc5LioRDQ2f92xSb4E", "plus_code": {"compound_code": "88WV+VC Busselton, Western Australia, Australia", "global_code": "4PRQ88WV+VC"}, "price_level": 1, "rating": 3.3, "reference": "ChIJ410XUhc5LioRDQ2f92xSb4E", "scope": "GOOGLE", "types": ["meal_takeaway", "cafe", "restaurant", "food", "point_of_interest", "store", "establishment"], "user_ratings_total": 896, "vicinity": "18 Albert St, Busselton"}}, {"bus_status": "OPERATIONAL", "name": "rise&co craft bakery + cafe", "geo": {"location": {"lat": -33.653805, "lng": 115.335746}, "viewport": {"northeast": {"lat": -33.65245517010728, "lng": 115.3370958298928}, "southwest": {"lat": -33.65515482989272, "lng": 115.3343961701073}}}, "distance": 1000000, "hour": {"open_now": false}, "photo": "Aap_uEDQWSGM4l-cMGSYKqOiL0SpVs0Y9MZyo1r3EfOXUhCLQLXgcb8ruiaJIH9qPQmKUjn18Q1okpxq5X53-zJnVNQs1FvUV3_hu2s8_aDZLVzb3zs0u5dzBl53dzffvfB5kyoBMnpwMFa-SpxmSnMrcChK2KZa4SKugu96PLcFgumxskkU", "price_level": 2, "rating": 4.3, "stars": ["checked", "checked", "checked", "checked", ""], "tags": ["cafe", "bakery", "restaurant", "food"], "user_total_rating": 144, "address": "51 Bussell Hwy, West Busselton", "map": "https://www.google.com/maps/place/?q=place_id:ChIJJ5RlwB45LioR7UZIYfIeYkc", "row": {"business_status": "OPERATIONAL", "geometry": {"location": {"lat": -33.653805, "lng": 115.335746}, "viewport": {"northeast": {"lat": -33.65245517010728, "lng": 115.3370958298928}, "southwest": {"lat": -33.65515482989272, "lng": 115.3343961701073}}}, "icon": "https://maps.gstatic.com/mapfiles/place_api/icons/v1/png_71/cafe-71.png", "icon_background_color": "#FF9E67", "icon_mask_base_uri": "https://maps.gstatic.com/mapfiles/place_api/icons/v2/cafe_pinlet", "name": "rise&co craft bakery + cafe", "opening_hours": {"open_now": false}, "photos": [{"height": 4032, "html_attributions": ["<a href=\"https://maps.google.com/maps/contrib/118385111228193267668\">M T</a>"], "photo_reference": "Aap_uEDQWSGM4l-cMGSYKqOiL0SpVs0Y9MZyo1r3EfOXUhCLQLXgcb8ruiaJIH9qPQmKUjn18Q1okpxq5X53-zJnVNQs1FvUV3_hu2s8_aDZLVzb3zs0u5dzBl53dzffvfB5kyoBMnpwMFa-SpxmSnMrcChK2KZa4SKugu96PLcFgumxskkU", "width": 1908}], "place_id": "ChIJJ5RlwB45LioR7UZIYfIeYkc", "plus_code": {"compound_code": "88WP+F7 West Busselton, Western Australia, Australia", "global_code": "4PRQ88WP+F7"}, "price_level": 2, "rating": 4.3, "reference": "ChIJJ5RlwB45LioR7UZIYfIeYkc", "scope": "GOOGLE", "types": ["cafe", "bakery", "restaurant", "food", "point_of_interest", "store", "establishment"], "user_ratings_total": 144, "vicinity": "51 Bussell Hwy, West Busselton"}}, {"bus_status": "OPERATIONAL", "name": "Red Rooster", "geo": {"location": {"lat": -33.653039, "lng": 115.339182}, "viewport": {"northeast": {"lat": -33.65173277010727, "lng": 115.3404092798927}, "southwest": {"lat": -33.65443242989272, "lng": 115.3377096201072}}}, "distance": 1000000, "hour": {"open_now": true}, "photo": "Aap_uEDb5juWuheVXP9dehmJzIaRFbORXt8wYWJustH76yc5mW46oKCqq-ilkZfBDwgHri5DftpL_oNjgyGjYAa25T-Q3PckN2Y6O3-BdRH9Rh9S501EN39O428aFAghmqaV0B7oO5HTvMFGZ994awhOPJDGWkk0cjTWX7sZsFium1IrCYcw", "price_level": 1, "rating": 3.8, "stars": ["checked", "checked", "checked", "", ""], "tags": ["restaurant", "food", "point_of_interest", "establishment"], "user_total_rating": 216, "address": "Bussell Hwy & Gale Street, Busselton", "map": "https://www.google.com/maps/place/?q=place_id:ChIJw6FwbBk5LioRwAxJpTBfCq0", "row": {"business_status": "OPERATIONAL", "geometry": {"location": {"lat": -33.653039, "lng": 115.339182}, "viewport": {"northeast": {"lat": -33.65173277010727, "lng": 115.3404092798927}, "southwest": {"lat": -33.65443242989272, "lng": 115.3377096201072}}}, "icon": "https://maps.gstatic.com/mapfiles/place_api/icons/v1/png_71/restaurant-71.png", "icon_background_color": "#FF9E67", "icon_mask_base_uri": "https://maps.gstatic.com/mapfiles/place_api/icons/v2/restaurant_pinlet", "name": "Red Rooster", "opening_hours": {"open_now": true}, "photos": [{"height": 3024, "html_attributions": ["<a href=\"https://maps.google.com/maps/contrib/101440434574153431162\">SURENDER BRAR</a>"], "photo_reference": "Aap_uEDb5juWuheVXP9dehmJzIaRFbORXt8wYWJustH76yc5mW46oKCqq-ilkZfBDwgHri5DftpL_oNjgyGjYAa25T-Q3PckN2Y6O3-BdRH9Rh9S501EN39O428aFAghmqaV0B7oO5HTvMFGZ994awhOPJDGWkk0cjTWX7sZsFium1IrCYcw", "width": 4032}], "place_id": "ChIJw6FwbBk5LioRwAxJpTBfCq0", "plus_code": {"compound_code": "88WQ+QM Busselton, Western Australia, Australia", "global_code": "4PRQ88WQ+QM"}, "price_level": 1, "rating": 3.8, "reference": "ChIJw6FwbBk5LioRwAxJpTBfCq0", "scope": "GOOGLE", "types": ["restaurant", "food", "point_of_interest", "establishment"], "user_ratings_total": 216, "vicinity": "Bussell Hwy & Gale Street, Busselton"}}, {"bus_status": "OPERATIONAL", "name": "Equinox Restaurant & Bar", "geo": {"location": {"lat": -33.6451896, "lng": 115.3434651}, "viewport": {"northeast": {"lat": -33.64383977010728, "lng": 115.3448149298927}, "southwest": {"lat": -33.64653942989273, "lng": 115.3421152701073}}}, "distance": 1000000, "hour": {"open_now": true}, "photo": "Aap_uECVkS2WrfFkbfU4PfBprrHfQ-F0-caugLO4-Wdvdtb4g55Q7hrhfEOQfkdLPGkMU7uJImxJgA93PlE9QCAHL-UudpJx74SFg3RRoqftzwOydf5x8HZe03gGAv3_5SENPUyCj_-wic9Lx7J5MUljTGQq4aiGOhebnj0jwgvneylHr4Wv", "price_level": 2, "rating": 3.7, "stars": ["checked", "checked", "checked", "", ""], "tags": ["restaurant", "cafe", "bar", "food"], "user_total_rating": 871, "address": "1 Foreshore Parade, Busselton", "map": "https://www.google.com/maps/place/?q=place_id:ChIJQWSwNz05LioRgG4IR3cUN4U", "row": {"business_status": "OPERATIONAL", "geometry": {"location": {"lat": -33.6451896, "lng": 115.3434651}, "viewport": {"northeast": {"lat": -33.64383977010728, "lng": 115.3448149298927}, "southwest": {"lat": -33.64653942989273, "lng": 115.3421152701073}}}, "icon": "https://maps.gstatic.com/mapfiles/place_api/icons/v1/png_71/restaurant-71.png", "icon_background_color": "#FF9E67", "icon_mask_base_uri": "https://maps.gstatic.com/mapfiles/place_api/icons/v2/restaurant_pinlet", "name": "Equinox Restaurant & Bar", "opening_hours": {"open_now": true}, "photos": [{"height": 4032, "html_attributions": ["<a href=\"https://maps.google.com/maps/contrib/115088668612510598396\">A Google User</a>"], "photo_reference": "Aap_uECVkS2WrfFkbfU4PfBprrHfQ-F0-caugLO4-Wdvdtb4g55Q7hrhfEOQfkdLPGkMU7uJImxJgA93PlE9QCAHL-UudpJx74SFg3RRoqftzwOydf5x8HZe03gGAv3_5SENPUyCj_-wic9Lx7J5MUljTGQq4aiGOhebnj0jwgvneylHr4Wv", "width": 3024}], "place_id": "ChIJQWSwNz05LioRgG4IR3cUN4U", "plus_code": {"compound_code": "983V+W9 Busselton, Western Australia, Australia", "global_code": "4PRQ983V+W9"}, "price_level": 2, "rating": 3.7, "reference": "ChIJQWSwNz05LioRgG4IR3cUN4U", "scope": "GOOGLE", "types": ["restaurant", "cafe", "bar", "food", "point_of_interest", "store", "establishment"], "user_ratings_total": 871, "vicinity": "1 Foreshore Parade, Busselton"}}, {"bus_status": "OPERATIONAL", "name": "The Goose", "geo": {"location": {"lat": -33.6446343, "lng": 115.3454181}, "viewport": {"northeast": {"lat": -33.64333722010727, "lng": 115.3469915798927}, "southwest": {"lat": -33.64603687989272, "lng": 115.3442919201073}}}, "distance": 1000000, "hour": {"open_now": false}, "photo": "Aap_uECe35hL_7d5qYF1rID68U275hKHdYXFKyT-lsm4KDCxJcb3DD8WmM80UqvDQ195Ricaet_b27OrAa5ErwNch8a0m2p5FI5tsOdE3GEIHjS5LgSpuSa3djdMP5eEs_DrI-d15ouvY5lRn8NocnFYsPE2-1YMzkD6WshdfKupbsm9vm7g", "price_level": 2, "rating": 4.2, "stars": ["checked", "checked", "checked", "checked", ""], "tags": ["cafe", "bar", "restaurant", "food"], "user_total_rating": 1100, "address": "Geographe Bay Rd, Busselton", "map": "https://www.google.com/maps/place/?q=place_id:ChIJ4dF88jw5LioR_4cqiyZpFLE", "row": {"business_status": "OPERATIONAL", "geometry": {"location": {"lat": -33.6446343, "lng": 115.3454181}, "viewport": {"northeast": {"lat": -33.64333722010727, "lng": 115.3469915798927}, "southwest": {"lat": -33.64603687989272, "lng": 115.3442919201073}}}, "icon": "https://maps.gstatic.com/mapfiles/place_api/icons/v1/png_71/restaurant-71.png", "icon_background_color": "#FF9E67", "icon_mask_base_uri": "https://maps.gstatic.com/mapfiles/place_api/icons/v2/restaurant_pinlet", "name": "The Goose", "opening_hours": {"open_now": false}, "photos": [{"height": 3456, "html_attributions": ["<a href=\"https://maps.google.com/maps/contrib/100154509050613338836\">Shane de Mello</a>"], "photo_reference": "Aap_uECe35hL_7d5qYF1rID68U275hKHdYXFKyT-lsm4KDCxJcb3DD8WmM80UqvDQ195Ricaet_b27OrAa5ErwNch8a0m2p5FI5tsOdE3GEIHjS5LgSpuSa3djdMP5eEs_DrI-d15ouvY5lRn8NocnFYsPE2-1YMzkD6WshdfKupbsm9vm7g", "width": 4608}], "place_id": "ChIJ4dF88jw5LioR_4cqiyZpFLE", "plus_code": {"compound_code": "984W+45 Busselton, Western Australia, Australia", "global_code": "4PRQ984W+45"}, "price_level": 2, "rating": 4.2, "reference": "ChIJ4dF88jw5LioR_4cqiyZpFLE", "scope": "GOOGLE", "types": ["cafe", "bar", "restaurant", "food", "point_of_interest", "store", "establishment"], "user_ratings_total": 1100, "vicinity": "Geographe Bay Rd, Busselton"}}, {"bus_status": "OPERATIONAL", "name": "The Ship Inn", "geo": {"location": {"lat": -33.6529346, "lng": 115.3417293}, "viewport": {"northeast": {"lat": -33.65149327010728, "lng": 115.3432251798928}, "southwest": {"lat": -33.65419292989273, "lng": 115.3405255201073}}}, "distance": 1000000, "hour": {"open_now": true}, "photo": "Aap_uEBnU_Vd7sv3mQtMmPCQb1zODOOrgZKUfnpxjQNZN6hNNvPrK1uhdApgFLpfN9wI2gRwqzCWzqb_klRymflrpYCyHgIaNNmFZDWirSNvhPTVLY136U7dJBgkB4vXaxoNR3QBo73jQjDBpWflfFIhYZtXAwHxbq-TlpV0XFWuI4sQqzQs", "price_level": 2, "rating": 4.1, "stars": ["checked", "checked", "checked", "checked", ""], "tags": ["bar", "restaurant", "food", "point_of_interest"], "user_total_rating": 1040, "address": "8 Albert St, Busselton", "map": "https://www.google.com/maps/place/?q=place_id:ChIJlTKe9xk5LioRkofTYi0wrHg", "row": {"business_status": "OPERATIONAL", "geometry": {"location": {"lat": -33.6529346, "lng": 115.3417293}, "viewport": {"northeast": {"lat": -33.65149327010728, "lng": 115.3432251798928}, "southwest": {"lat": -33.65419292989273, "lng": 115.3405255201073}}}, "icon": "https://maps.gstatic.com/mapfiles/place_api/icons/v1/png_71/bar-71.png", "icon_background_color": "#FF9E67", "icon_mask_base_uri": "https://maps.gstatic.com/mapfiles/place_api/icons/v2/bar_pinlet", "name": "The Ship Inn", "opening_hours": {"open_now": true}, "photos": [{"height": 3024, "html_attributions": ["<a href=\"https://maps.google.com/maps/contrib/113301390456212063437\">Paul O&#39;Neill</a>"], "photo_reference": "Aap_uEBnU_Vd7sv3mQtMmPCQb1zODOOrgZKUfnpxjQNZN6hNNvPrK1uhdApgFLpfN9wI2gRwqzCWzqb_klRymflrpYCyHgIaNNmFZDWirSNvhPTVLY136U7dJBgkB4vXaxoNR3QBo73jQjDBpWflfFIhYZtXAwHxbq-TlpV0XFWuI4sQqzQs", "width": 4032}], "place_id": "ChIJlTKe9xk5LioRkofTYi0wrHg", "plus_code": {"compound_code": "88WR+RM Busselton, Western Australia, Australia", "global_code": "4PRQ88WR+RM"}, "price_level": 2, "rating": 4.1, "reference": "ChIJlTKe9xk5LioRkofTYi0wrHg", "scope": "GOOGLE", "types": ["bar", "restaurant", "food", "point_of_interest", "establishment"], "user_ratings_total": 1040, "vicinity": "8 Albert St, Busselton"}}]