[{"bus_status": "OPERATIONAL", "name": "Burger Bones", "geo": {"location": {"lat": -33.6496149, "lng": 115.3445363}, "viewport": {"northeast": {"lat": -33.64826602010728, "lng": 115.3458459798927}, "southwest": {"lat": -33.65096567989272, "lng": 115.3431463201073}}}, "distance": 1000000, "hour": {"open_now": false}, "photo": "Aap_uEBoUrfXIFWsM6J_BjoXaZYJlgv17auPYe7h5CqfD9OZHixvX_EiOoSmIztJFrBW74hVpzvk83NmUERrd4qaXd3bAndNTLvtkUDQ-6ge3GGKzQwC7Mli6IQD9-KPifbd4eTz84U2emQVWvDKXQ6kt5ucjnIalKxcxTYkHSTnaOGIzbvT", "price_level": "", "rating": 4.7, "stars": ["checked", "checked", "checked", "checked", ""], "tags": ["restaurant", "food", "point_of_interest", "establishment"], "user_total_rating": 97, "address": "55 Queen St, Busselton", "map": "https://www.google.com/maps/place/?q=place_id:ChIJi7yghLI5LioRCAVnCL1PCus", "row": {"business_status": "OPERATIONAL", "geometry": {"location": {"lat": -33.6496149, "lng": 115.3445363}, "viewport": {"northeast": {"lat": -33.64826602010728, "lng": 115.3458459798927}, "southwest": {"lat": -33.65096567989272, "lng": 115.3431463201073}}}, "icon": "https://maps.gstatic.com/mapfiles/place_api/icons/v1/png_71/restaurant-71.png", "icon_background_color": "#FF9E67", "icon_mask_base_uri": "https://maps.gstatic.com/mapfiles/place_api/icons/v2/restaurant_pinlet", "name": "Burger Bones", "opening_hours": {"open_now": false}, "photos": [{"height": 3024, "html_attributions": ["<a href=\"https://maps.google.com/maps/contrib/108862274519705063112\">Cam Edwards</a>"], "photo_reference": "Aap_uEBoUrfXIFWsM6J_BjoXaZYJlgv17auPYe7h5CqfD9OZHixvX_EiOoSmIztJFrBW74hVpzvk83NmUERrd4qaXd3bAndNTLvtkUDQ-6ge3GGKzQwC7Mli6IQD9-KPifbd4eTz84U2emQVWvDKXQ6kt5ucjnIalKxcxTYkHSTnaOGIzbvT", "width": 4032}], "place_id": "ChIJi7yghLI5LioRCAVnCL1PCus", "plus_code": {"compound_code": "982V+5R Busselton, Western Australia, Australia", "global_code": "4PRQ982V+5R"}, "rating": 4.7, "reference": "ChIJi7yghLI5LioRCAVnCL1PCus", "scope": "GOOGLE", "types": ["restaurant", "food", "point_of_interest", "establishment"], "user_ratings_total": 97, "vicinity": "55 Queen St, Busselton"}}, {"bus_status": "OPERATIONAL", "name": "Hungry Jack's Burgers Busselton", "geo": {"location": {"lat": -33.6527291, "lng": 115.343325}, "viewport": {"northeast": {"lat": -33.65134867010728, "lng": 115.3446816298928}, "southwest": {"lat": -33.65404832989272, "lng": 115.3419819701073}}}, "distance": 1000000, "hour": {"open_now": true}, "photo": "Aap_uEAvaathWvOabSGKaMwBP5m3q2vO4MXDzz-ly6T09Tqpx4Gf4HXq6UuAwWN_0fkK-S0eMmfrjyaGjzwZtGW_paJVLhdie86a2uLWSheHMLPmTAuJUB1PWJ2qnaMpQvUJIgEJdn_2R4CwfRZiVg2c41gt9llRso3AYgqCUMtxmw8VKdHB", "price_level": 1, "rating": 3.6, "stars": ["checked", "checked", "checked", "", ""], "tags": ["meal_takeaway", "restaurant", "food", "point_of_interest"], "user_total_rating": 372, "address": "16 Albert St, Busselton", "map": "https://www.google.com/maps/place/?q=place_id:ChIJffb0WRc5LioRmBQCG-igT3E", "row": {"business_status": "OPERATIONAL", "geometry": {"location": {"lat": -33.6527291, "lng": 115.343325}, "viewport": {"northeast": {"lat": -33.65134867010728, "lng": 115.3446816298928}, "southwest": {"lat": -33.65404832989272, "lng": 115.3419819701073}}}, "icon": "https://maps.gstatic.com/mapfiles/place_api/icons/v1/png_71/restaurant-71.png", "icon_background_color": "#FF9E67", "icon_mask_base_uri": "https://maps.gstatic.com/mapfiles/place_api/icons/v2/restaurant_pinlet", "name": "Hungry Jack's Burgers Busselton", "opening_hours": {"open_now": true}, "photos": [{"height": 331, "html_attributions": ["<a href=\"https://maps.google.com/maps/contrib/107367656955365830966\">A Google User</a>"], "photo_reference": "Aap_uEAvaathWvOabSGKaMwBP5m3q2vO4MXDzz-ly6T09Tqpx4Gf4HXq6UuAwWN_0fkK-S0eMmfrjyaGjzwZtGW_paJVLhdie86a2uLWSheHMLPmTAuJUB1PWJ2qnaMpQvUJIgEJdn_2R4CwfRZiVg2c41gt9llRso3AYgqCUMtxmw8VKdHB", "width": 497}], "place_id": "ChIJffb0WRc5LioRmBQCG-igT3E", "plus_code": {"compound_code": "88WV+W8 Busselton, Western Australia, Australia", "global_code": "4PRQ88WV+W8"}, "price_level": 1, "rating": 3.6, "reference": "ChIJffb0WRc5LioRmBQCG-igT3E", "scope": "GOOGLE", "types": ["meal_takeaway", "restaurant", "food", "point_of_interest", "establishment"], "user_ratings_total": 372, "vicinity": "16 Albert St, Busselton"}}, {"bus_status": "OPERATIONAL", "name": "Busselton Fish \"N\" Chips", "geo": {"location": {"lat": -33.652301, "lng": 115.342536}, "viewport": {"northeast": {"lat": -33.65110962010728, "lng": 115.3439339798928}, "southwest": {"lat": -33.65380927989272, "lng": 115.3412343201073}}}, "distance": 1000000, "hour": {"open_now": false}, "photo": "Aap_uEBrhp-HWgvxJTnvW3qNorIfKSiQd3xh7OQSkFbt3PmQq0Rz-5b96UtRkM8NGPqY_uC4Mw2AJYPWeV_CSB5TNJ-K3XXoU7B_22TE6sKgjSRdCilrsjJNaV2kg0472gWJ9zDZd7P-RkGXCa7-N7jQksXGSmUQDo2ECyCaIBs_NyJ7--9Y", "price_level": 2, "rating": 3.3, "stars": ["checked", "checked", "checked", "", ""], "tags": ["restaurant", "food", "point_of_interest", "establishment"], "user_total_rating": 103, "address": "9 Albert St, Busselton", "map": "https://www.google.com/maps/place/?q=place_id:ChIJOVq53Rk5LioR7rZIEcfARLo", "row": {"business_status": "OPERATIONAL", "geometry": {"location": {"lat": -33.652301, "lng": 115.342536}, "viewport": {"northeast": {"lat": -33.65110962010728, "lng": 115.3439339798928}, "southwest": {"lat": -33.65380927989272, "lng": 115.3412343201073}}}, "icon": "https://maps.gstatic.com/mapfiles/place_api/icons/v1/png_71/restaurant-71.png", "icon_background_color": "#FF9E67", "icon_mask_base_uri": "https://maps.gstatic.com/mapfiles/place_api/icons/v2/restaurant_pinlet", "name": "Busselton Fish \"N\" Chips", "opening_hours": {"open_now": false}, "photos": [{"height": 2560, "html_attributions": ["<a href=\"https://maps.google.com/maps/contrib/115699243346394522032\">Roger Kite</a>"], "photo_reference": "Aap_uEBrhp-HWgvxJTnvW3qNorIfKSiQd3xh7OQSkFbt3PmQq0Rz-5b96UtRkM8NGPqY_uC4Mw2AJYPWeV_CSB5TNJ-K3XXoU7B_22TE6sKgjSRdCilrsjJNaV2kg0472gWJ9zDZd7P-RkGXCa7-N7jQksXGSmUQDo2ECyCaIBs_NyJ7--9Y", "width": 1920}], "place_id": "ChIJOVq53Rk5LioR7rZIEcfARLo", "plus_code": {"compound_code": "88XV+32 Busselton, Western Australia, Australia", "global_code": "4PRQ88XV+32"}, "price_level": 2, "rating": 3.3, "reference": "ChIJOVq53Rk5LioR7rZIEcfARLo", "scope": "GOOGLE", "types": ["restaurant", "food", "point_of_interest", "establishment"], "user_ratings_total": 103, "vicinity": "9 Albert St, Busselton"}}, {"bus_status": "OPERATIONAL", "name": "Busselton Beach Shack Takeaway", "geo": {"location": {"lat": -33.6450993, "lng": 115.343673}, "viewport": {"northeast": {"lat": -33.64397282010727, "lng": 115.3450814798927}, "southwest": {"lat": -33.64667247989271, "lng": 115.3423818201073}}}, "distance": 1000000, "hour": {"open_now": false}, "photo": "Aap_uEAMsF8JO4xDmO0AAa1ro_NCVQiR_g_dbtDueq17dcqBQU8Z74byEo-MAUZjL3IDX0jj3KY-Vmhh3ZxSVbtGR86NFSEbaa6sAHOlm2crwS8P1r218T_OVdx8IpX-_VIWsyySbNeBRVX_Mfpu-KaZfw4VR-FSfBaLeoGIKa-pCnZye4Si", "price_level": "", "rating": 3.1, "stars": ["checked", "checked", "checked", "", ""], "tags": ["meal_takeaway", "cafe", "restaurant", "food"], "user_total_rating": 88, "address": "1 Foreshore Parade, Busselton", "map": "https://www.google.com/maps/place/?q=place_id:ChIJA11x5hc5LioRmxSoqL50p2U", "row": {"business_status": "OPERATIONAL", "geometry": {"location": {"lat": -33.6450993, "lng": 115.343673}, "viewport": {"northeast": {"lat": -33.64397282010727, "lng": 115.3450814798927}, "southwest": {"lat": -33.64667247989271, "lng": 115.3423818201073}}}, "icon": "https://maps.gstatic.com/mapfiles/place_api/icons/v1/png_71/restaurant-71.png", "icon_background_color": "#FF9E67", "icon_mask_base_uri": "https://maps.gstatic.com/mapfiles/place_api/icons/v2/restaurant_pinlet", "name": "Busselton Beach Shack Takeaway", "opening_hours": {"open_now": false}, "photos": [{"height": 2080, "html_attributions": ["<a href=\"https://maps.google.com/maps/contrib/107745844004274843580\">Bryn Woodward</a>"], "photo_reference": "Aap_uEAMsF8JO4xDmO0AAa1ro_NCVQiR_g_dbtDueq17dcqBQU8Z74byEo-MAUZjL3IDX0jj3KY-Vmhh3ZxSVbtGR86NFSEbaa6sAHOlm2crwS8P1r218T_OVdx8IpX-_VIWsyySbNeBRVX_Mfpu-KaZfw4VR-FSfBaLeoGIKa-pCnZye4Si", "width": 4160}], "place_id": "ChIJA11x5hc5LioRmxSoqL50p2U", "plus_code": {"compound_code": "983V+XF Busselton, Western Australia, Australia", "global_code": "4PRQ983V+XF"}, "rating": 3.1, "reference": "ChIJA11x5hc5LioRmxSoqL50p2U", "scope": "GOOGLE", "types": ["meal_takeaway", "cafe", "restaurant", "food", "point_of_interest", "store", "establishment"], "user_ratings_total": 88, "vicinity": "1 Foreshore Parade, Busselton"}}, {"bus_status": "CLOSED_TEMPORARILY", "name": "Salt Burger & Barbeque", "geo": {"location": {"lat": -33.6446706, "lng": 115.3453105}, "viewport": {"northeast": {"lat": -33.64340247010728, "lng": 115.3469372298928}, "southwest": {"lat": -33.64610212989272, "lng": 115.3442375701073}}}, "distance": 1000000, "hour": "", "photo": "Aap_uECUxodfVOvMX_lBc3oNRp12taLQ_j3t9syL-bqJptk-t9DkmXIl5NdX3qjO-RQQNfxN3FImnZ9sJGrQb58JtGQIJJ3ghyYWnpwTbO2BSAapl08A4n6oO8EsO4peUxHFawrtD_uZHCvAhIMvE_ZzdAjV3PcNPlD-cocxC2GNgZTVsglH", "price_level": "", "rating": 3.4, "stars": ["checked", "checked", "checked", "", ""], "tags": ["meal_takeaway", "restaurant", "food", "point_of_interest"], "user_total_rating": 51, "address": "Busselton", "map": "https://www.google.com/maps/place/?q=place_id:ChIJ9QH6OUw5LioRKalw0B-uDdo", "row": {"business_status": "CLOSED_TEMPORARILY", "geometry": {"location": {"lat": -33.6446706, "lng": 115.3453105}, "viewport": {"northeast": {"lat": -33.64340247010728, "lng": 115.3469372298928}, "southwest": {"lat": -33.64610212989272, "lng": 115.3442375701073}}}, "icon": "https://maps.gstatic.com/mapfiles/place_api/icons/v1/png_71/restaurant-71.png", "icon_background_color": "#FF9E67", "icon_mask_base_uri": "https://maps.gstatic.com/mapfiles/place_api/icons/v2/restaurant_pinlet", "name": "Salt Burger & Barbeque", "permanently_closed": true, "photos": [{"height": 3024, "html_attributions": ["<a href=\"https://maps.google.com/maps/contrib/115331870448887337616\">CK TEY</a>"], "photo_reference": "Aap_uECUxodfVOvMX_lBc3oNRp12taLQ_j3t9syL-bqJptk-t9DkmXIl5NdX3qjO-RQQNfxN3FImnZ9sJGrQb58JtGQIJJ3ghyYWnpwTbO2BSAapl08A4n6oO8EsO4peUxHFawrtD_uZHCvAhIMvE_ZzdAjV3PcNPlD-cocxC2GNgZTVsglH", "width": 4032}], "place_id": "ChIJ9QH6OUw5LioRKalw0B-uDdo", "plus_code": {"compound_code": "984W+44 Busselton, Western Australia, Australia", "global_code": "4PRQ984W+44"}, "rating": 3.4, "reference": "ChIJ9QH6OUw5LioRKalw0B-uDdo", "scope": "GOOGLE", "types": ["meal_takeaway", "restaurant", "food", "point_of_interest", "establishment"], "user_ratings_total": 51, "vicinity": "Busselton"}}, {"bus_status": "OPERATIONAL", "name": "McDonald's", "geo": {"location": {"lat": -33.65277, "lng": 115.343619}, "viewport": {"northeast": {"lat": -33.65134052010728, "lng": 115.3449638798927}, "southwest": {"lat": -33.65404017989272, "lng": 115.3422642201073}}}, "distance": 1000000, "hour": {"open_now": true}, "photo": "Aap_uEBE4Ca23XoSLJEyGt307JKzsWMakO8Ql3xUZ5AUUX6awERmLFT6EKH2iZOYxgMEYxZLjhOWRiY1xnHiaCpOW4lYvhlUQGRARGp_OM__RVyKVOKKXKr-BYgNeg1p51ffW5B2rMMuDIGDA3VrvuLqtsFB4h4jOF3euCA58hMIRkhFpK29", "price_level": 1, "rating": 3.3, "stars": ["checked", "checked", "checked", "", ""], "tags": ["meal_takeaway", "cafe", "restaurant", "food"], "user_total_rating": 900, "address": "18 Albert St, Busselton", "map": "https://www.google.com/maps/place/?q=place_id:ChIJ410XUhc5LioRDQ2f92xSb4E", "row": {"business_status": "OPERATIONAL", "geometry": {"location": {"lat": -33.65277, "lng": 115.343619}, "viewport": {"northeast": {"lat": -33.65134052010728, "lng": 115.3449638798927}, "southwest": {"lat": -33.65404017989272, "lng": 115.3422642201073}}}, "icon": "https://maps.gstatic.com/mapfiles/place_api/icons/v1/png_71/restaurant-71.png", "icon_background_color": "#FF9E67", "icon_mask_base_uri": "https://maps.gstatic.com/mapfiles/place_api/icons/v2/restaurant_pinlet", "name": "McDonald's", "opening_hours": {"open_now": true}, "photos": [{"height": 3024, "html_attributions": ["<a href=\"https://maps.google.com/maps/contrib/105737176832205179243\">Shane Taylor</a>"], "photo_reference": "Aap_uEBE4Ca23XoSLJEyGt307JKzsWMakO8Ql3xUZ5AUUX6awERmLFT6EKH2iZOYxgMEYxZLjhOWRiY1xnHiaCpOW4lYvhlUQGRARGp_OM__RVyKVOKKXKr-BYgNeg1p51ffW5B2rMMuDIGDA3VrvuLqtsFB4h4jOF3euCA58hMIRkhFpK29", "width": 4032}], "place_id": "ChIJ410XUhc5LioRDQ2f92xSb4E", "plus_code": {"compound_code": "88WV+VC Busselton, Western Australia, Australia", "global_code": "4PRQ88WV+VC"}, "price_level": 1, "rating": 3.3, "reference": "ChIJ410XUhc5LioRDQ2f92xSb4E", "scope": "GOOGLE", "types": ["meal_takeaway", "cafe", "restaurant", "food", "point_of_interest", "store", "establishment"], "user_ratings_total": 900, "vicinity": "18 Albert St, Busselton"}}, {"bus_status": "OPERATIONAL", "name": "McDonald's", "geo": {"location": {"lat": -33.6746464, "lng": 115.2515101}, "viewport": {"northeast": {"lat": -33.67329657010728, "lng": 115.2528599298928}, "southwest": {"lat": -33.67599622989272, "lng": 115.2501602701073}}}, "distance": 1000000, "hour": {"open_now": true}, "photo": "Aap_uEC8UmnN9MPDeTeba5HJ40Kn3CAavWsKBIitbvM2xZGrapRBAP1jJQPs3Hn4uZgyqN4GY2CiJGsnQYEFBuUr38HB1z1awtNKZirJXyhW_tq9cJB4JulM5bQN6h7f6q2PMngSQVV50D9wav6-EHftGcLqiWs0dcxusN15dxKURBuAg2fM", "price_level": 1, "rating": 3.6, "stars": ["checked", "checked", "checked", "", ""], "tags": ["meal_takeaway", "cafe", "restaurant", "food"], "user_total_rating": 599, "address": "6 Birak La, Vasse", "map": "https://www.google.com/maps/place/?q=place_id:ChIJg8nqIRFHLioRT0H2PptzTY8", "row": {"business_status": "OPERATIONAL", "geometry": {"location": {"lat": -33.6746464, "lng": 115.2515101}, "viewport": {"northeast": {"lat": -33.67329657010728, "lng": 115.2528599298928}, "southwest": {"lat": -33.67599622989272, "lng": 115.2501602701073}}}, "icon": "https://maps.gstatic.com/mapfiles/place_api/icons/v1/png_71/restaurant-71.png", "icon_background_color": "#FF9E67", "icon_mask_base_uri": "https://maps.gstatic.com/mapfiles/place_api/icons/v2/restaurant_pinlet", "name": "McDonald's", "opening_hours": {"open_now": true}, "photos": [{"height": 3024, "html_attributions": ["<a href=\"https://maps.google.com/maps/contrib/118256843867555015760\">Deng Qingren</a>"], "photo_reference": "Aap_uEC8UmnN9MPDeTeba5HJ40Kn3CAavWsKBIitbvM2xZGrapRBAP1jJQPs3Hn4uZgyqN4GY2CiJGsnQYEFBuUr38HB1z1awtNKZirJXyhW_tq9cJB4JulM5bQN6h7f6q2PMngSQVV50D9wav6-EHftGcLqiWs0dcxusN15dxKURBuAg2fM", "width": 4032}], "place_id": "ChIJg8nqIRFHLioRT0H2PptzTY8", "plus_code": {"compound_code": "87G2+4J Vasse, Western Australia, Australia", "global_code": "4PRQ87G2+4J"}, "price_level": 1, "rating": 3.6, "reference": "ChIJg8nqIRFHLioRT0H2PptzTY8", "scope": "GOOGLE", "types": ["meal_takeaway", "cafe", "restaurant", "food", "point_of_interest", "store", "establishment"], "user_ratings_total": 599, "vicinity": "6 Birak La, Vasse"}}, {"bus_status": "OPERATIONAL", "name": "rise&co craft bakery + cafe", "geo": {"location": {"lat": -33.653805, "lng": 115.335746}, "viewport": {"northeast": {"lat": -33.65245517010728, "lng": 115.3370958298928}, "southwest": {"lat": -33.65515482989272, "lng": 115.3343961701073}}}, "distance": 1000000, "hour": {"open_now": false}, "photo": "Aap_uEABC3P8Utl5w3O-6yX8h_bIKDvPeMv3vTngoZB60x74bfBD_ixwccjO8r44aV8l8tyUKllbpIbnmUmrD-c8Oy391n7Mz37k5Gvl9XNEnyPYFv0pF6juB0rkIttWrh_dwQpJnxnkBpp7XQs_Ok0l__eZEoXnliJBXlkppz73x7SeNpBq", "price_level": 2, "rating": 4.2, "stars": ["checked", "checked", "checked", "checked", ""], "tags": ["cafe", "bakery", "restaurant", "food"], "user_total_rating": 146, "address": "51 Bussell Hwy, West Busselton", "map": "https://www.google.com/maps/place/?q=place_id:ChIJJ5RlwB45LioR7UZIYfIeYkc", "row": {"business_status": "OPERATIONAL", "geometry": {"location": {"lat": -33.653805, "lng": 115.335746}, "viewport": {"northeast": {"lat": -33.65245517010728, "lng": 115.3370958298928}, "southwest": {"lat": -33.65515482989272, "lng": 115.3343961701073}}}, "icon": "https://maps.gstatic.com/mapfiles/place_api/icons/v1/png_71/cafe-71.png", "icon_background_color": "#FF9E67", "icon_mask_base_uri": "https://maps.gstatic.com/mapfiles/place_api/icons/v2/cafe_pinlet", "name": "rise&co craft bakery + cafe", "opening_hours": {"open_now": false}, "photos": [{"height": 4140, "html_attributions": ["<a href=\"https://maps.google.com/maps/contrib/115040926976454088678\">Melvin Lee</a>"], "photo_reference": "Aap_uEABC3P8Utl5w3O-6yX8h_bIKDvPeMv3vTngoZB60x74bfBD_ixwccjO8r44aV8l8tyUKllbpIbnmUmrD-c8Oy391n7Mz37k5Gvl9XNEnyPYFv0pF6juB0rkIttWrh_dwQpJnxnkBpp7XQs_Ok0l__eZEoXnliJBXlkppz73x7SeNpBq", "width": 5520}], "place_id": "ChIJJ5RlwB45LioR7UZIYfIeYkc", "plus_code": {"compound_code": "88WP+F7 West Busselton, Western Australia, Australia", "global_code": "4PRQ88WP+F7"}, "price_level": 2, "rating": 4.2, "reference": "ChIJJ5RlwB45LioR7UZIYfIeYkc", "scope": "GOOGLE", "types": ["cafe", "bakery", "restaurant", "food", "point_of_interest", "store", "establishment"], "user_ratings_total": 146, "vicinity": "51 Bussell Hwy, West Busselton"}}, {"bus_status": "OPERATIONAL", "name": "The Goose", "geo": {"location": {"lat": -33.6446343, "lng": 115.3454181}, "viewport": {"northeast": {"lat": -33.64333722010727, "lng": 115.3469915798927}, "southwest": {"lat": -33.64603687989272, "lng": 115.3442919201073}}}, "distance": 1000000, "hour": {"open_now": false}, "photo": "Aap_uEDE0irjMXN-5h5xK9JreNIBQME09EjtHHFyoOzu4WZKfxcD5YiFyoF1sfRXKdCVnSGrLyWu-ot_rRIHEBEH24KnyccUa-TVg-j9Z2MC04np3Wm4plXUaTGrB5BaezikmQBD0wwQftuVIlFfjFXjEuuZvN5XThS_naDHzETie6TYzSf8", "price_level": 2, "rating": 4.2, "stars": ["checked", "checked", "checked", "checked", ""], "tags": ["cafe", "bar", "restaurant", "food"], "user_total_rating": 1100, "address": "Geographe Bay Rd, Busselton", "map": "https://www.google.com/maps/place/?q=place_id:ChIJ4dF88jw5LioR_4cqiyZpFLE", "row": {"business_status": "OPERATIONAL", "geometry": {"location": {"lat": -33.6446343, "lng": 115.3454181}, "viewport": {"northeast": {"lat": -33.64333722010727, "lng": 115.3469915798927}, "southwest": {"lat": -33.64603687989272, "lng": 115.3442919201073}}}, "icon": "https://maps.gstatic.com/mapfiles/place_api/icons/v1/png_71/restaurant-71.png", "icon_background_color": "#FF9E67", "icon_mask_base_uri": "https://maps.gstatic.com/mapfiles/place_api/icons/v2/restaurant_pinlet", "name": "The Goose", "opening_hours": {"open_now": false}, "photos": [{"height": 3456, "html_attributions": ["<a href=\"https://maps.google.com/maps/contrib/100154509050613338836\">Shane de Mello</a>"], "photo_reference": "Aap_uEDE0irjMXN-5h5xK9JreNIBQME09EjtHHFyoOzu4WZKfxcD5YiFyoF1sfRXKdCVnSGrLyWu-ot_rRIHEBEH24KnyccUa-TVg-j9Z2MC04np3Wm4plXUaTGrB5BaezikmQBD0wwQftuVIlFfjFXjEuuZvN5XThS_naDHzETie6TYzSf8", "width": 4608}], "place_id": "ChIJ4dF88jw5LioR_4cqiyZpFLE", "plus_code": {"compound_code": "984W+45 Busselton, Western Australia, Australia", "global_code": "4PRQ984W+45"}, "price_level": 2, "rating": 4.2, "reference": "ChIJ4dF88jw5LioR_4cqiyZpFLE", "scope": "GOOGLE", "types": ["cafe", "bar", "restaurant", "food", "point_of_interest", "store", "establishment"], "user_ratings_total": 1100, "vicinity": "Geographe Bay Rd, Busselton"}}, {"bus_status": "OPERATIONAL", "name": "Equinox Restaurant & Bar", "geo": {"location": {"lat": -33.6451896, "lng": 115.3434651}, "viewport": {"northeast": {"lat": -33.64383977010728, "lng": 115.3448149298927}, "southwest": {"lat": -33.64653942989273, "lng": 115.3421152701073}}}, "distance": 1000000, "hour": {"open_now": true}, "photo": "Aap_uEDs6EqY7TPBYJ7s3C-9pMrHE_ioynpOSIrnxf7NrUumZqNguyTrGOQ1dkUrDFRWlolEwB2p32_h6kvGL1SotsrKa3sh0lsmnU5ZUcHJ8MpM-zaMv_oFnIFSCkwBfS7IkwOMSLU4I9rub4NldtD3KBwDgM7GMFOCFtHBWH8JRANDi6sz", "price_level": 2, "rating": 3.7, "stars": ["checked", "checked", "checked", "", ""], "tags": ["restaurant", "cafe", "bar", "food"], "user_total_rating": 876, "address": "1 Foreshore Parade, Busselton", "map": "https://www.google.com/maps/place/?q=place_id:ChIJQWSwNz05LioRgG4IR3cUN4U", "row": {"business_status": "OPERATIONAL", "geometry": {"location": {"lat": -33.6451896, "lng": 115.3434651}, "viewport": {"northeast": {"lat": -33.64383977010728, "lng": 115.3448149298927}, "southwest": {"lat": -33.64653942989273, "lng": 115.3421152701073}}}, "icon": "https://maps.gstatic.com/mapfiles/place_api/icons/v1/png_71/restaurant-71.png", "icon_background_color": "#FF9E67", "icon_mask_base_uri": "https://maps.gstatic.com/mapfiles/place_api/icons/v2/restaurant_pinlet", "name": "Equinox Restaurant & Bar", "opening_hours": {"open_now": true}, "photos": [{"height": 4032, "html_attributions": ["<a href=\"https://maps.google.com/maps/contrib/115088668612510598396\">A Google User</a>"], "photo_reference": "Aap_uEDs6EqY7TPBYJ7s3C-9pMrHE_ioynpOSIrnxf7NrUumZqNguyTrGOQ1dkUrDFRWlolEwB2p32_h6kvGL1SotsrKa3sh0lsmnU5ZUcHJ8MpM-zaMv_oFnIFSCkwBfS7IkwOMSLU4I9rub4NldtD3KBwDgM7GMFOCFtHBWH8JRANDi6sz", "width": 3024}], "place_id": "ChIJQWSwNz05LioRgG4IR3cUN4U", "plus_code": {"compound_code": "983V+W9 Busselton, Western Australia, Australia", "global_code": "4PRQ983V+W9"}, "price_level": 2, "rating": 3.7, "reference": "ChIJQWSwNz05LioRgG4IR3cUN4U", "scope": "GOOGLE", "types": ["restaurant", "cafe", "bar", "food", "point_of_interest", "store", "establishment"], "user_ratings_total": 876, "vicinity": "1 Foreshore Parade, Busselton"}}, {"bus_status": "OPERATIONAL", "name": "Barlee Food Spot", "geo": {"location": {"lat": -33.6604785, "lng": 115.345118}, "viewport": {"northeast": {"lat": -33.65923362010728, "lng": 115.3464210298928}, "southwest": {"lat": -33.66193327989272, "lng": 115.3437213701073}}}, "distance": 1000000, "hour": {"open_now": false}, "photo": "Aap_uEDP96TNrkFvNWxprkPmfIAmKISQiky_rmHy9Gm7w1YoBabDY2HFDJJmsHebFO7WiRLSz2S0ujtr4ITGImHR56hTqtCW6Amk5gjJ-k9tjyBw0ukPZtM5__CxUTuK1TP-ZDMGyHHwMWf_YSmDeNNQ8_Xw1uVlgGhnP_-eb_IfkYarpvIC", "price_level": "", "rating": 4.6, "stars": ["checked", "checked", "checked", "checked", ""], "tags": ["restaurant", "food", "point_of_interest", "establishment"], "user_total_rating": 26, "address": "29 Barlee St, Busselton", "map": "https://www.google.com/maps/place/?q=place_id:ChIJy0XwsQ85LioRw4o_gehxGyQ", "row": {"business_status": "OPERATIONAL", "geometry": {"location": {"lat": -33.6604785, "lng": 115.345118}, "viewport": {"northeast": {"lat": -33.65923362010728, "lng": 115.3464210298928}, "southwest": {"lat": -33.66193327989272, "lng": 115.3437213701073}}}, "icon": "https://maps.gstatic.com/mapfiles/place_api/icons/v1/png_71/restaurant-71.png", "icon_background_color": "#FF9E67", "icon_mask_base_uri": "https://maps.gstatic.com/mapfiles/place_api/icons/v2/restaurant_pinlet", "name": "Barlee Food Spot", "opening_hours": {"open_now": false}, "photos": [{"height": 900, "html_attributions": ["<a href=\"https://maps.google.com/maps/contrib/100580547839710032266\">A Google User</a>"], "photo_reference": "Aap_uEDP96TNrkFvNWxprkPmfIAmKISQiky_rmHy9Gm7w1YoBabDY2HFDJJmsHebFO7WiRLSz2S0ujtr4ITGImHR56hTqtCW6Amk5gjJ-k9tjyBw0ukPZtM5__CxUTuK1TP-ZDMGyHHwMWf_YSmDeNNQ8_Xw1uVlgGhnP_-eb_IfkYarpvIC", "width": 1600}], "place_id": "ChIJy0XwsQ85LioRw4o_gehxGyQ", "plus_code": {"compound_code": "88QW+R2 Busselton, Western Australia, Australia", "global_code": "4PRQ88QW+R2"}, "rating": 4.6, "reference": "ChIJy0XwsQ85LioRw4o_gehxGyQ", "scope": "GOOGLE", "types": ["restaurant", "food", "point_of_interest", "establishment"], "user_ratings_total": 26, "vicinity": "29 Barlee St, Busselton"}}, {"bus_status": "OPERATIONAL", "name": "Pan & Grill", "geo": {"location": {"lat": -33.6496335, "lng": 115.3442514}, "viewport": {"northeast": {"lat": -33.64823737010728, "lng": 115.3456514798927}, "southwest": {"lat": -33.65093702989272, "lng": 115.3429518201073}}}, "distance": 1000000, "hour": {"open_now": true}, "photo": "Aap_uEBLMoJr59oGkY14KRtocxuMeYamaT7tYiK3_CGFFMEfSyhzHfteL_ghieDSZlPNifEov01j0AS0dZrrJcekhHmDLHNhEBfZe_iQF-h9YdqLRdP8Co027lV3gsfeFmWPEIAH3ElCqsn6pTsNa2xEK0x3mmRr5mBYqz5EN3u_qy6XbhLn", "price_level": 2, "rating": 4.5, "stars": ["checked", "checked", "checked", "checked", ""], "tags": ["restaurant", "food", "point_of_interest", "establishment"], "user_total_rating": 230, "address": "50 Queen St, Busselton", "map": "https://www.google.com/maps/place/?q=place_id:ChIJgxUTJdg5LioR4U-eHLxYNKE", "row": {"business_status": "OPERATIONAL", "geometry": {"location": {"lat": -33.6496335, "lng": 115.3442514}, "viewport": {"northeast": {"lat": -33.64823737010728, "lng": 115.3456514798927}, "southwest": {"lat": -33.65093702989272, "lng": 115.3429518201073}}}, "icon": "https://maps.gstatic.com/mapfiles/place_api/icons/v1/png_71/restaurant-71.png", "icon_background_color": "#FF9E67", "icon_mask_base_uri": "https://maps.gstatic.com/mapfiles/place_api/icons/v2/restaurant_pinlet", "name": "Pan & Grill", "opening_hours": {"open_now": true}, "photos": [{"height": 3024, "html_attributions": ["<a href=\"https://maps.google.com/maps/contrib/100167059036623218390\">Sebasti\u00e1n Ponce</a>"], "photo_reference": "Aap_uEBLMoJr59oGkY14KRtocxuMeYamaT7tYiK3_CGFFMEfSyhzHfteL_ghieDSZlPNifEov01j0AS0dZrrJcekhHmDLHNhEBfZe_iQF-h9YdqLRdP8Co027lV3gsfeFmWPEIAH3ElCqsn6pTsNa2xEK0x3mmRr5mBYqz5EN3u_qy6XbhLn", "width": 4032}], "place_id": "ChIJgxUTJdg5LioR4U-eHLxYNKE", "plus_code": {"compound_code": "982V+4P Busselton, Western Australia, Australia", "global_code": "4PRQ982V+4P"}, "price_level": 2, "rating": 4.5, "reference": "ChIJgxUTJdg5LioR4U-eHLxYNKE", "scope": "GOOGLE", "types": ["restaurant", "food", "point_of_interest", "establishment"], "user_ratings_total": 230, "vicinity": "50 Queen St, Busselton"}}, {"bus_status": "OPERATIONAL", "name": "Red Rooster", "geo": {"location": {"lat": -33.653039, "lng": 115.339182}, "viewport": {"northeast": {"lat": -33.65173277010727, "lng": 115.3404092798927}, "southwest": {"lat": -33.65443242989272, "lng": 115.3377096201072}}}, "distance": 1000000, "hour": {"open_now": true}, "photo": "Aap_uEDs6xT6DwKFciSuF77idG4Jc8pwIt63fudxQuuePAPN6aOl5tkXrtLGO5nh-tzdMDf1hZoE9QgIoysRmnJJun3Ai-XDEfjuOgEEUj_WNmyE07k5TNUCuAvRQXDhaBrCEPEbC-g6cBDOglnKClJdUuvDALdjws9QLo5O1fe2V2UiRS1p", "price_level": 1, "rating": 3.8, "stars": ["checked", "checked", "checked", "", ""], "tags": ["restaurant", "food", "point_of_interest", "establishment"], "user_total_rating": 216, "address": "Bussell Hwy & Gale Street, Busselton", "map": "https://www.google.com/maps/place/?q=place_id:ChIJw6FwbBk5LioRwAxJpTBfCq0", "row": {"business_status": "OPERATIONAL", "geometry": {"location": {"lat": -33.653039, "lng": 115.339182}, "viewport": {"northeast": {"lat": -33.65173277010727, "lng": 115.3404092798927}, "southwest": {"lat": -33.65443242989272, "lng": 115.3377096201072}}}, "icon": "https://maps.gstatic.com/mapfiles/place_api/icons/v1/png_71/restaurant-71.png", "icon_background_color": "#FF9E67", "icon_mask_base_uri": "https://maps.gstatic.com/mapfiles/place_api/icons/v2/restaurant_pinlet", "name": "Red Rooster", "opening_hours": {"open_now": true}, "photos": [{"height": 3024, "html_attributions": ["<a href=\"https://maps.google.com/maps/contrib/101440434574153431162\">SURENDER BRAR</a>"], "photo_reference": "Aap_uEDs6xT6DwKFciSuF77idG4Jc8pwIt63fudxQuuePAPN6aOl5tkXrtLGO5nh-tzdMDf1hZoE9QgIoysRmnJJun3Ai-XDEfjuOgEEUj_WNmyE07k5TNUCuAvRQXDhaBrCEPEbC-g6cBDOglnKClJdUuvDALdjws9QLo5O1fe2V2UiRS1p", "width": 4032}], "place_id": "ChIJw6FwbBk5LioRwAxJpTBfCq0", "plus_code": {"compound_code": "88WQ+QM Busselton, Western Australia, Australia", "global_code": "4PRQ88WQ+QM"}, "price_level": 1, "rating": 3.8, "reference": "ChIJw6FwbBk5LioRwAxJpTBfCq0", "scope": "GOOGLE", "types": ["restaurant", "food", "point_of_interest", "establishment"], "user_ratings_total": 216, "vicinity": "Bussell Hwy & Gale Street, Busselton"}}, {"bus_status": "OPERATIONAL", "name": "Capelberry Cafe", "geo": {"location": {"lat": -33.5541864, "lng": 115.5635288}, "viewport": {"northeast": {"lat": -33.55280632010728, "lng": 115.5647389798928}, "southwest": {"lat": -33.55550597989272, "lng": 115.5620393201073}}}, "distance": 1000000, "hour": {"open_now": false}, "photo": "Aap_uEAWGoIBWuFSHTSmbXaoDyzqqQrpNqijxTcCBOK9KRaYxGaO6ADa03uK9Jh9UIg4dFkpvaa_C_2pderbnFB8BRtHEakIJNxkKEFCpDgon8ZTcSt1LIeF5f51U66e3FONwTzqbCRNyIXMY3wAM3SwC2ckCeVQlrR2nIFPAqTPYvXozjG9", "price_level": 2, "rating": 4.5, "stars": ["checked", "checked", "checked", "checked", ""], "tags": ["cafe", "restaurant", "food", "point_of_interest"], "user_total_rating": 265, "address": "20 Forrest Rd, Capel", "map": "https://www.google.com/maps/place/?q=place_id:ChIJ42_Dv94jLioRzMsZNVvgUuk", "row": {"business_status": "OPERATIONAL", "geometry": {"location": {"lat": -33.5541864, "lng": 115.5635288}, "viewport": {"northeast": {"lat": -33.55280632010728, "lng": 115.5647389798928}, "southwest": {"lat": -33.55550597989272, "lng": 115.5620393201073}}}, "icon": "https://maps.gstatic.com/mapfiles/place_api/icons/v1/png_71/cafe-71.png", "icon_background_color": "#FF9E67", "icon_mask_base_uri": "https://maps.gstatic.com/mapfiles/place_api/icons/v2/cafe_pinlet", "name": "Capelberry Cafe", "opening_hours": {"open_now": false}, "photos": [{"height": 4032, "html_attributions": ["<a href=\"https://maps.google.com/maps/contrib/106282898743869662292\">A Google User</a>"], "photo_reference": "Aap_uEAWGoIBWuFSHTSmbXaoDyzqqQrpNqijxTcCBOK9KRaYxGaO6ADa03uK9Jh9UIg4dFkpvaa_C_2pderbnFB8BRtHEakIJNxkKEFCpDgon8ZTcSt1LIeF5f51U66e3FONwTzqbCRNyIXMY3wAM3SwC2ckCeVQlrR2nIFPAqTPYvXozjG9", "width": 3024}], "place_id": "ChIJ42_Dv94jLioRzMsZNVvgUuk", "plus_code": {"compound_code": "CHW7+8C Capel, Western Australia, Australia", "global_code": "4PRQCHW7+8C"}, "price_level": 2, "rating": 4.5, "reference": "ChIJ42_Dv94jLioRzMsZNVvgUuk", "scope": "GOOGLE", "types": ["cafe", "restaurant", "food", "point_of_interest", "store", "establishment"], "user_ratings_total": 265, "vicinity": "20 Forrest Rd, Capel"}}, {"bus_status": "OPERATIONAL", "name": "The Ship Inn", "geo": {"location": {"lat": -33.6529346, "lng": 115.3417293}, "viewport": {"northeast": {"lat": -33.65148587010728, "lng": 115.3432695798927}, "southwest": {"lat": -33.65418552989273, "lng": 115.3405699201073}}}, "distance": 1000000, "hour": {"open_now": true}, "photo": "Aap_uEBKKMjW23um2z2ijFRQA3DodHZLCuQoJsk0xM0ixvPXwoAMT2c5F_k7sI5jt2J7tbqJLGroOSYjMuuQ8_-Ro4-6z4d4bL2K9mwzOQpetSm4eoT4pCA-wEGpBjcEhe1NJjt0_KYfv601deCoOwFOTNyHfuhDLJ6t2oxCxWRVDJ1dXBZr", "price_level": 2, "rating": 4.1, "stars": ["checked", "checked", "checked", "checked", ""], "tags": ["bar", "restaurant", "food", "point_of_interest"], "user_total_rating": 1046, "address": "8 Albert St, Busselton", "map": "https://www.google.com/maps/place/?q=place_id:ChIJlTKe9xk5LioRkofTYi0wrHg", "row": {"business_status": "OPERATIONAL", "geometry": {"location": {"lat": -33.6529346, "lng": 115.3417293}, "viewport": {"northeast": {"lat": -33.65148587010728, "lng": 115.3432695798927}, "southwest": {"lat": -33.65418552989273, "lng": 115.3405699201073}}}, "icon": "https://maps.gstatic.com/mapfiles/place_api/icons/v1/png_71/bar-71.png", "icon_background_color": "#FF9E67", "icon_mask_base_uri": "https://maps.gstatic.com/mapfiles/place_api/icons/v2/bar_pinlet", "name": "The Ship Inn", "opening_hours": {"open_now": true}, "photos": [{"height": 3024, "html_attributions": ["<a href=\"https://maps.google.com/maps/contrib/113301390456212063437\">Paul O&#39;Neill</a>"], "photo_reference": "Aap_uEBKKMjW23um2z2ijFRQA3DodHZLCuQoJsk0xM0ixvPXwoAMT2c5F_k7sI5jt2J7tbqJLGroOSYjMuuQ8_-Ro4-6z4d4bL2K9mwzOQpetSm4eoT4pCA-wEGpBjcEhe1NJjt0_KYfv601deCoOwFOTNyHfuhDLJ6t2oxCxWRVDJ1dXBZr", "width": 4032}], "place_id": "ChIJlTKe9xk5LioRkofTYi0wrHg", "plus_code": {"compound_code": "88WR+RM Busselton, Western Australia, Australia", "global_code": "4PRQ88WR+RM"}, "price_level": 2, "rating": 4.1, "reference": "ChIJlTKe9xk5LioRkofTYi0wrHg", "scope": "GOOGLE", "types": ["bar", "restaurant", "food", "point_of_interest", "establishment"], "user_ratings_total": 1046, "vicinity": "8 Albert St, Busselton"}}, {"bus_status": "OPERATIONAL", "name": "Bayside Takeaway", "geo": {"location": {"lat": -33.6382337, "lng": 115.3762283}, "viewport": {"northeast": {"lat": -33.63690897010728, "lng": 115.3775643298927}, "southwest": {"lat": -33.63960862989273, "lng": 115.3748646701073}}}, "distance": 1000000, "hour": {"open_now": false}, "photo": "Aap_uEA0lif1dWDsvIDoGgaHZ8T8HBoTdGTbPHuyJnDLKU08L5FOHAMfqdX0ay98W2pZqm6UcLWxGpIjKl0HJbmJ6yMwtnvq-mhtr8c0Dz6mAuLNNRDgmRZ9BtP6PTD53YwlQ6KnCQlHGXQI3X1B6vgFG4xUgMey3pTtc78PApsy9k0h8pEB", "price_level": "", "rating": 3.7, "stars": ["checked", "checked", "checked", "", ""], "tags": ["meal_takeaway", "restaurant", "food", "point_of_interest"], "user_total_rating": 26, "address": "328 Marine Terrace, Geographe", "map": "https://www.google.com/maps/place/?q=place_id:ChIJPchuBl85LioRFzgblTf6QhQ", "row": {"business_status": "OPERATIONAL", "geometry": {"location": {"lat": -33.6382337, "lng": 115.3762283}, "viewport": {"northeast": {"lat": -33.63690897010728, "lng": 115.3775643298927}, "southwest": {"lat": -33.63960862989273, "lng": 115.3748646701073}}}, "icon": "https://maps.gstatic.com/mapfiles/place_api/icons/v1/png_71/restaurant-71.png", "icon_background_color": "#FF9E67", "icon_mask_base_uri": "https://maps.gstatic.com/mapfiles/place_api/icons/v2/restaurant_pinlet", "name": "Bayside Takeaway", "opening_hours": {"open_now": false}, "photos": [{"height": 2448, "html_attributions": ["<a href=\"https://maps.google.com/maps/contrib/103136589251339215936\">Christina Sutton</a>"], "photo_reference": "Aap_uEA0lif1dWDsvIDoGgaHZ8T8HBoTdGTbPHuyJnDLKU08L5FOHAMfqdX0ay98W2pZqm6UcLWxGpIjKl0HJbmJ6yMwtnvq-mhtr8c0Dz6mAuLNNRDgmRZ9BtP6PTD53YwlQ6KnCQlHGXQI3X1B6vgFG4xUgMey3pTtc78PApsy9k0h8pEB", "width": 3264}], "place_id": "ChIJPchuBl85LioRFzgblTf6QhQ", "plus_code": {"compound_code": "996G+PF Geographe, Western Australia, Australia", "global_code": "4PRQ996G+PF"}, "rating": 3.7, "reference": "ChIJPchuBl85LioRFzgblTf6QhQ", "scope": "GOOGLE", "types": ["meal_takeaway", "restaurant", "food", "point_of_interest", "establishment"], "user_ratings_total": 26, "vicinity": "328 Marine Terrace, Geographe"}}, {"bus_status": "OPERATIONAL", "name": "Pit Stop Kitchen", "geo": {"location": {"lat": -33.6654484, "lng": 115.3444925}, "viewport": {"northeast": {"lat": -33.66409937010727, "lng": 115.3455052298927}, "southwest": {"lat": -33.66679902989272, "lng": 115.3428055701072}}}, "distance": 1000000, "hour": {"open_now": true}, "photo": "Aap_uEATmyPompA8mw9GSs_wB4eEoTQp0aSCo97vZggrCqnu0I8piFqZ2i9cNzPPgtxd2v7q5cQzVsMcxHY0JFqE-DJjsIcE-6FlWUZ9Px_1d4VhTfxuHN0NCr4biYkAj6nzbKWcYylxhiRHYpfeIAUfRCzMcSHJuaWon8MwIKORD65DJutc", "price_level": "", "rating": 4.7, "stars": ["checked", "checked", "checked", "checked", ""], "tags": ["restaurant", "food", "point_of_interest", "establishment"], "user_total_rating": 7, "address": "15 Cook St, Busselton", "map": "https://www.google.com/maps/place/?q=place_id:ChIJh1yx7Ag5LioRDgbPXiwhXQc", "row": {"business_status": "OPERATIONAL", "geometry": {"location": {"lat": -33.6654484, "lng": 115.3444925}, "viewport": {"northeast": {"lat": -33.66409937010727, "lng": 115.3455052298927}, "southwest": {"lat": -33.66679902989272, "lng": 115.3428055701072}}}, "icon": "https://maps.gstatic.com/mapfiles/place_api/icons/v1/png_71/restaurant-71.png", "icon_background_color": "#FF9E67", "icon_mask_base_uri": "https://maps.gstatic.com/mapfiles/place_api/icons/v2/restaurant_pinlet", "name": "Pit Stop Kitchen", "opening_hours": {"open_now": true}, "photos": [{"height": 462, "html_attributions": ["<a href=\"https://maps.google.com/maps/contrib/113100874168633924143\">A Google User</a>"], "photo_reference": "Aap_uEATmyPompA8mw9GSs_wB4eEoTQp0aSCo97vZggrCqnu0I8piFqZ2i9cNzPPgtxd2v7q5cQzVsMcxHY0JFqE-DJjsIcE-6FlWUZ9Px_1d4VhTfxuHN0NCr4biYkAj6nzbKWcYylxhiRHYpfeIAUfRCzMcSHJuaWon8MwIKORD65DJutc", "width": 820}], "place_id": "ChIJh1yx7Ag5LioRDgbPXiwhXQc", "plus_code": {"compound_code": "88MV+RQ Busselton, Western Australia, Australia", "global_code": "4PRQ88MV+RQ"}, "rating": 4.7, "reference": "ChIJh1yx7Ag5LioRDgbPXiwhXQc", "scope": "GOOGLE", "types": ["restaurant", "food", "point_of_interest", "establishment"], "user_ratings_total": 7, "vicinity": "15 Cook St, Busselton"}}, {"bus_status": "OPERATIONAL", "name": "Leeuwin Way Takeaway", "geo": {"location": {"lat": -33.6605797, "lng": 115.2589874}, "viewport": {"northeast": {"lat": -33.65915597010728, "lng": 115.2603368298927}, "southwest": {"lat": -33.66185562989272, "lng": 115.2576371701073}}}, "distance": 1000000, "hour": {"open_now": false}, "photo": "Aap_uEBmqDWzf0qYBZ_NS2eMLcjiXLUxH3W6yQ8UHGX8rwqpWDs8OG2dlBlfam5IzNXX5GBP2RDho_YJ-_F1afj_jZjZXyTwUUL2xKv0b58ZlhUH91789URhXGkrMiasPJOy16R4g54259havkRaqZDaiTstkrerV3Wu7DjqWstn9bOyjtKK", "price_level": "", "rating": 4.3, "stars": ["checked", "checked", "checked", "checked", ""], "tags": ["meal_takeaway", "restaurant", "food", "point_of_interest"], "user_total_rating": 176, "address": "7 Caves Rd, Abbey", "map": "https://www.google.com/maps/place/?q=place_id:ChIJqYWyuThHLioRV6SB-EAw9eM", "row": {"business_status": "OPERATIONAL", "geometry": {"location": {"lat": -33.6605797, "lng": 115.2589874}, "viewport": {"northeast": {"lat": -33.65915597010728, "lng": 115.2603368298927}, "southwest": {"lat": -33.66185562989272, "lng": 115.2576371701073}}}, "icon": "https://maps.gstatic.com/mapfiles/place_api/icons/v1/png_71/restaurant-71.png", "icon_background_color": "#FF9E67", "icon_mask_base_uri": "https://maps.gstatic.com/mapfiles/place_api/icons/v2/restaurant_pinlet", "name": "Leeuwin Way Takeaway", "opening_hours": {"open_now": false}, "photos": [{"height": 3088, "html_attributions": ["<a href=\"https://maps.google.com/maps/contrib/117602978338395424398\">Nick Evans</a>"], "photo_reference": "Aap_uEBmqDWzf0qYBZ_NS2eMLcjiXLUxH3W6yQ8UHGX8rwqpWDs8OG2dlBlfam5IzNXX5GBP2RDho_YJ-_F1afj_jZjZXyTwUUL2xKv0b58ZlhUH91789URhXGkrMiasPJOy16R4g54259havkRaqZDaiTstkrerV3Wu7DjqWstn9bOyjtKK", "width": 4160}], "place_id": "ChIJqYWyuThHLioRV6SB-EAw9eM", "plus_code": {"compound_code": "87Q5+QH Abbey, Western Australia, Australia", "global_code": "4PRQ87Q5+QH"}, "rating": 4.3, "reference": "ChIJqYWyuThHLioRV6SB-EAw9eM", "scope": "GOOGLE", "types": ["meal_takeaway", "restaurant", "food", "point_of_interest", "establishment"], "user_ratings_total": 176, "vicinity": "7 Caves Rd, Abbey"}}, {"bus_status": "OPERATIONAL", "name": "Mattia Italian Vibes", "geo": {"location": {"lat": -33.6615126, "lng": 115.2581133}, "viewport": {"northeast": {"lat": -33.66015412010729, "lng": 115.2595442298927}, "southwest": {"lat": -33.66285377989273, "lng": 115.2568445701073}}}, "distance": 1000000, "hour": {"open_now": false}, "photo": "Aap_uEDQQrVKQQQu9YXGXoVNABZBcaHlbQkosI5F2j8zPN3krYd2o0XBJNLohpfJjrJEks3ZWGeUejqVJYJqKlNW3EEU6G1-46i84iU_CqqvYe95oN5PRf8E83vF9Q6_bPukge__7dhUpcG4SIm66NrF3O-Ca6CbHBSZvAsJtQtoEZV5f-Xu", "price_level": "", "rating": 5, "stars": ["checked", "checked", "checked", "checked", "checked"], "tags": ["restaurant", "cafe", "food", "point_of_interest"], "user_total_rating": 24, "address": "4 Skiff Wy, Abbey", "map": "https://www.google.com/maps/place/?q=place_id:ChIJbfq-67VHLioRnNZHbmdRitY", "row": {"business_status": "OPERATIONAL", "geometry": {"location": {"lat": -33.6615126, "lng": 115.2581133}, "viewport": {"northeast": {"lat": -33.66015412010729, "lng": 115.2595442298927}, "southwest": {"lat": -33.66285377989273, "lng": 115.2568445701073}}}, "icon": "https://maps.gstatic.com/mapfiles/place_api/icons/v1/png_71/restaurant-71.png", "icon_background_color": "#FF9E67", "icon_mask_base_uri": "https://maps.gstatic.com/mapfiles/place_api/icons/v2/restaurant_pinlet", "name": "Mattia Italian Vibes", "opening_hours": {"open_now": false}, "photos": [{"height": 3024, "html_attributions": ["<a href=\"https://maps.google.com/maps/contrib/113721297368940548592\">Praful Shah</a>"], "photo_reference": "Aap_uEDQQrVKQQQu9YXGXoVNABZBcaHlbQkosI5F2j8zPN3krYd2o0XBJNLohpfJjrJEks3ZWGeUejqVJYJqKlNW3EEU6G1-46i84iU_CqqvYe95oN5PRf8E83vF9Q6_bPukge__7dhUpcG4SIm66NrF3O-Ca6CbHBSZvAsJtQtoEZV5f-Xu", "width": 4032}], "place_id": "ChIJbfq-67VHLioRnNZHbmdRitY", "plus_code": {"compound_code": "87Q5+96 Abbey, Western Australia, Australia", "global_code": "4PRQ87Q5+96"}, "rating": 5, "reference": "ChIJbfq-67VHLioRnNZHbmdRitY", "scope": "GOOGLE", "types": ["restaurant", "cafe", "food", "point_of_interest", "establishment"], "user_ratings_total": 24, "vicinity": "4 Skiff Wy, Abbey"}}, {"bus_status": "OPERATIONAL", "name": "West End", "geo": {"location": {"lat": -33.6570046, "lng": 115.3145483}, "viewport": {"northeast": {"lat": -33.65583187010728, "lng": 115.3158595798927}, "southwest": {"lat": -33.65853152989272, "lng": 115.3131599201073}}}, "distance": 1000000, "hour": {"open_now": true}, "photo": "Aap_uEBTsFuRDKdyJisT18DyXLVvgdfRxFjbXFkBVOJzaXBF6hw0kpZBV6-6qF1614NHUi2Ll8TKbq3KA2JQioio9Tvo_MATZ8-XEsDhJ_GtcfeWW7UoYztJjS0Fo8dBv9YAA8bvvcE1Dtu1KmbQoOaMspG3TOGJUeEsedNCFFtBVe5vyhOL", "price_level": "", "rating": 3.7, "stars": ["checked", "checked", "checked", "", ""], "tags": ["meal_takeaway", "restaurant", "food", "point_of_interest"], "user_total_rating": 69, "address": "235 Bussell Hwy, West Busselton", "map": "https://www.google.com/maps/place/?q=place_id:ChIJSwVjnOk4LioR8PHks6_40Aw", "row": {"business_status": "OPERATIONAL", "geometry": {"location": {"lat": -33.6570046, "lng": 115.3145483}, "viewport": {"northeast": {"lat": -33.65583187010728, "lng": 115.3158595798927}, "southwest": {"lat": -33.65853152989272, "lng": 115.3131599201073}}}, "icon": "https://maps.gstatic.com/mapfiles/place_api/icons/v1/png_71/restaurant-71.png", "icon_background_color": "#FF9E67", "icon_mask_base_uri": "https://maps.gstatic.com/mapfiles/place_api/icons/v2/restaurant_pinlet", "name": "West End", "opening_hours": {"open_now": true}, "photos": [{"height": 4032, "html_attributions": ["<a href=\"https://maps.google.com/maps/contrib/110178968269121583528\">A Google User</a>"], "photo_reference": "Aap_uEBTsFuRDKdyJisT18DyXLVvgdfRxFjbXFkBVOJzaXBF6hw0kpZBV6-6qF1614NHUi2Ll8TKbq3KA2JQioio9Tvo_MATZ8-XEsDhJ_GtcfeWW7UoYztJjS0Fo8dBv9YAA8bvvcE1Dtu1KmbQoOaMspG3TOGJUeEsedNCFFtBVe5vyhOL", "width": 3024}], "place_id": "ChIJSwVjnOk4LioR8PHks6_40Aw", "plus_code": {"compound_code": "88V7+5R West Busselton, Western Australia, Australia", "global_code": "4PRQ88V7+5R"}, "rating": 3.7, "reference": "ChIJSwVjnOk4LioR8PHks6_40Aw", "scope": "GOOGLE", "types": ["meal_takeaway", "restaurant", "food", "point_of_interest", "establishment"], "user_ratings_total": 69, "vicinity": "235 Bussell Hwy, West Busselton"}}, {"bus_status": "OPERATIONAL", "name": "Shelter Brewing Co.", "geo": {"location": {"lat": -33.6452483, "lng": 115.3452196}, "viewport": {"northeast": {"lat": -33.64401852010727, "lng": 115.3466172298927}, "southwest": {"lat": -33.64671817989272, "lng": 115.3439175701073}}}, "distance": 1000000, "hour": {"open_now": true}, "photo": "Aap_uED-dspJ99fwrKN0Hm5OLk-iGHNeN_XcVJjf-4SgjoYisGS6cKUEe6-KAyO_0XiKpv5_hAHyvzuPssq6vKM_MwOLufRYRfoKFh-bjDbEDCemQYbPTQO3VxqnEMRasmmQh6w7YcCDnxqKSew5BcNgrklofaL4dpfh-7k7gudJnn3f_1UJ", "price_level": "", "rating": 4.2, "stars": ["checked", "checked", "checked", "checked", ""], "tags": ["restaurant", "food", "point_of_interest", "establishment"], "user_total_rating": 571, "address": "11 Foreshore Parade, Busselton", "map": "https://www.google.com/maps/place/?q=place_id:ChIJl5jNP4s5LioR_Jdm40SLBKk", "row": {"business_status": "OPERATIONAL", "geometry": {"location": {"lat": -33.6452483, "lng": 115.3452196}, "viewport": {"northeast": {"lat": -33.64401852010727, "lng": 115.3466172298927}, "southwest": {"lat": -33.64671817989272, "lng": 115.3439175701073}}}, "icon": "https://maps.gstatic.com/mapfiles/place_api/icons/v1/png_71/generic_business-71.png", "icon_background_color": "#7B9EB0", "icon_mask_base_uri": "https://maps.gstatic.com/mapfiles/place_api/icons/v2/generic_pinlet", "name": "Shelter Brewing Co.", "opening_hours": {"open_now": true}, "photos": [{"height": 2956, "html_attributions": ["<a href=\"https://maps.google.com/maps/contrib/110333262724860078873\">A Google User</a>"], "photo_reference": "Aap_uED-dspJ99fwrKN0Hm5OLk-iGHNeN_XcVJjf-4SgjoYisGS6cKUEe6-KAyO_0XiKpv5_hAHyvzuPssq6vKM_MwOLufRYRfoKFh-bjDbEDCemQYbPTQO3VxqnEMRasmmQh6w7YcCDnxqKSew5BcNgrklofaL4dpfh-7k7gudJnn3f_1UJ", "width": 3944}], "place_id": "ChIJl5jNP4s5LioR_Jdm40SLBKk", "plus_code": {"compound_code": "983W+W3 Busselton, Western Australia, Australia", "global_code": "4PRQ983W+W3"}, "rating": 4.2, "reference": "ChIJl5jNP4s5LioR_Jdm40SLBKk", "scope": "GOOGLE", "types": ["restaurant", "food", "point_of_interest", "establishment"], "user_ratings_total": 571, "vicinity": "11 Foreshore Parade, Busselton"}}, {"bus_status": "OPERATIONAL", "name": "More Cafe", "geo": {"location": {"lat": -33.6500488, "lng": 115.3448499}, "viewport": {"northeast": {"lat": -33.64860382010728, "lng": 115.3462521298927}, "southwest": {"lat": -33.65130347989273, "lng": 115.3435524701073}}}, "distance": 1000000, "hour": {"open_now": false}, "photo": "Aap_uEBt978O8UGiUw7kjaMYnyZi4ziqTjDGGMTPmeuq4VnEM6ObpgLu7u12bQyKfjmZnhBUydzbbYsXRSB64_LqohdYQCkj88zqWLQeiLSiORlKqdUoGYPubz7siUdbb0PRh55k5GEVSCoWOxI7R6XBkRwcVwAZmjVi7Xo8HZJnptUAGJwE", "price_level": 2, "rating": 4.3, "stars": ["checked", "checked", "checked", "checked", ""], "tags": ["cafe", "food", "point_of_interest", "establishment"], "user_total_rating": 171, "address": "Shop 5&6/65 Queen St, Busselton", "map": "https://www.google.com/maps/place/?q=place_id:ChIJk-J2-xg5LioRizPTbFiLAbs", "row": {"business_status": "OPERATIONAL", "geometry": {"location": {"lat": -33.6500488, "lng": 115.3448499}, "viewport": {"northeast": {"lat": -33.64860382010728, "lng": 115.3462521298927}, "southwest": {"lat": -33.65130347989273, "lng": 115.3435524701073}}}, "icon": "https://maps.gstatic.com/mapfiles/place_api/icons/v1/png_71/cafe-71.png", "icon_background_color": "#FF9E67", "icon_mask_base_uri": "https://maps.gstatic.com/mapfiles/place_api/icons/v2/cafe_pinlet", "name": "More Cafe", "opening_hours": {"open_now": false}, "photos": [{"height": 2268, "html_attributions": ["<a href=\"https://maps.google.com/maps/contrib/103962890495997609481\">Howard</a>"], "photo_reference": "Aap_uEBt978O8UGiUw7kjaMYnyZi4ziqTjDGGMTPmeuq4VnEM6ObpgLu7u12bQyKfjmZnhBUydzbbYsXRSB64_LqohdYQCkj88zqWLQeiLSiORlKqdUoGYPubz7siUdbb0PRh55k5GEVSCoWOxI7R6XBkRwcVwAZmjVi7Xo8HZJnptUAGJwE", "width": 4032}], "place_id": "ChIJk-J2-xg5LioRizPTbFiLAbs", "plus_code": {"compound_code": "88XV+XW Busselton, Western Australia, Australia", "global_code": "4PRQ88XV+XW"}, "price_level": 2, "rating": 4.3, "reference": "ChIJk-J2-xg5LioRizPTbFiLAbs", "scope": "GOOGLE", "types": ["cafe", "food", "point_of_interest", "establishment"], "user_ratings_total": 171, "vicinity": "Shop 5&6/65 Queen St, Busselton"}}, {"bus_status": "CLOSED_TEMPORARILY", "name": "Twisting Bean", "geo": {"location": {"lat": -33.6593927, "lng": 115.2799269}, "viewport": {"northeast": {"lat": -33.65834007010727, "lng": 115.2814575798927}, "southwest": {"lat": -33.66103972989272, "lng": 115.2787579201073}}}, "distance": 1000000, "hour": "", "photo": "Aap_uEDPtbbOb1fTgYwkhPr22HBPzO_jSiHz5tTzztbDWmaEQU6QSvNwOjMiNVfm-49z5lCv3xW8QWsTMvWpOvQmngY2zMJ9qCgAJPFVsQc5zXajqo6i62n2bQ2u8uYZhHO1oFABgCzkgOoHCD_9Y1ph4uKgmamg4AM9br7FP0RY28Gcf5w2", "price_level": "", "rating": 4.4, "stars": ["checked", "checked", "checked", "checked", ""], "tags": ["cafe", "food", "point_of_interest", "store"], "user_total_rating": 18, "address": "4/539 Bussell Hwy, Broadwater", "map": "https://www.google.com/maps/place/?q=place_id:ChIJAycybLhHLioRy_GCc5UvVB8", "row": {"business_status": "CLOSED_TEMPORARILY", "geometry": {"location": {"lat": -33.6593927, "lng": 115.2799269}, "viewport": {"northeast": {"lat": -33.65834007010727, "lng": 115.2814575798927}, "southwest": {"lat": -33.66103972989272, "lng": 115.2787579201073}}}, "icon": "https://maps.gstatic.com/mapfiles/place_api/icons/v1/png_71/cafe-71.png", "icon_background_color": "#FF9E67", "icon_mask_base_uri": "https://maps.gstatic.com/mapfiles/place_api/icons/v2/cafe_pinlet", "name": "Twisting Bean", "permanently_closed": true, "photos": [{"height": 1440, "html_attributions": ["<a href=\"https://maps.google.com/maps/contrib/106516128776848954632\">A Google User</a>"], "photo_reference": "Aap_uEDPtbbOb1fTgYwkhPr22HBPzO_jSiHz5tTzztbDWmaEQU6QSvNwOjMiNVfm-49z5lCv3xW8QWsTMvWpOvQmngY2zMJ9qCgAJPFVsQc5zXajqo6i62n2bQ2u8uYZhHO1oFABgCzkgOoHCD_9Y1ph4uKgmamg4AM9br7FP0RY28Gcf5w2", "width": 1072}], "place_id": "ChIJAycybLhHLioRy_GCc5UvVB8", "plus_code": {"compound_code": "87RH+6X Broadwater, Western Australia, Australia", "global_code": "4PRQ87RH+6X"}, "rating": 4.4, "reference": "ChIJAycybLhHLioRy_GCc5UvVB8", "scope": "GOOGLE", "types": ["cafe", "food", "point_of_interest", "store", "establishment"], "user_ratings_total": 18, "vicinity": "4/539 Bussell Hwy, Broadwater"}}]