[{"bus_status": "OPERATIONAL", "name": "Prouds the Jewellers Busselton", "geo": {"location": {"lat": -33.6508695, "lng": 115.3428352}, "viewport": {"northeast": {"lat": -33.64946082010728, "lng": 115.3438540298927}, "southwest": {"lat": -33.65216047989272, "lng": 115.3411543701073}}}, "distance": 1000000, "hour": {"open_now": false}, "photo": "Aap_uECk2rY6jGEXGN4Q2cFj87Sug6RkwLNTPxkeHjeFfXEWfecUQhk2HHTSxCy2ARFvXZbuonDAUpsviga1EPVsx4rj15j1GHcMYuDO3rW3U2qWJQoDx4wZ7sufU6BAatLCRKLkgENSmz8s9fUDvaXf8wQhDIBYrfW27vDRQxCsvyzmR4Gd", "price_level": "", "rating": 4.6, "stars": ["checked", "checked", "checked", "checked", ""], "tags": ["jewelry_store", "point_of_interest", "store", "establishment"], "user_total_rating": 11, "address": "SH 17, Busselton Central S/Centre, 30 Kent St, Busselton", "map": "https://www.google.com/maps/place/?q=place_id:ChIJb46b0xk5LioRCAvpkIsiefg", "row": {"business_status": "OPERATIONAL", "geometry": {"location": {"lat": -33.6508695, "lng": 115.3428352}, "viewport": {"northeast": {"lat": -33.64946082010728, "lng": 115.3438540298927}, "southwest": {"lat": -33.65216047989272, "lng": 115.3411543701073}}}, "icon": "https://maps.gstatic.com/mapfiles/place_api/icons/v1/png_71/shopping-71.png", "icon_background_color": "#4B96F3", "icon_mask_base_uri": "https://maps.gstatic.com/mapfiles/place_api/icons/v2/shopping_pinlet", "name": "Prouds the Jewellers Busselton", "opening_hours": {"open_now": false}, "photos": [{"height": 720, "html_attributions": ["<a href=\"https://maps.google.com/maps/contrib/108822215708154694378\">A Google User</a>"], "photo_reference": "Aap_uECk2rY6jGEXGN4Q2cFj87Sug6RkwLNTPxkeHjeFfXEWfecUQhk2HHTSxCy2ARFvXZbuonDAUpsviga1EPVsx4rj15j1GHcMYuDO3rW3U2qWJQoDx4wZ7sufU6BAatLCRKLkgENSmz8s9fUDvaXf8wQhDIBYrfW27vDRQxCsvyzmR4Gd", "width": 720}], "place_id": "ChIJb46b0xk5LioRCAvpkIsiefg", "plus_code": {"compound_code": "88XV+M4 Busselton, Western Australia, Australia", "global_code": "4PRQ88XV+M4"}, "rating": 4.6, "reference": "ChIJb46b0xk5LioRCAvpkIsiefg", "scope": "GOOGLE", "types": ["jewelry_store", "point_of_interest", "store", "establishment"], "user_ratings_total": 11, "vicinity": "SH 17, Busselton Central S/Centre, 30 Kent St, Busselton"}}, {"bus_status": "OPERATIONAL", "name": "Fusion Jewellers", "geo": {"location": {"lat": -33.6506046, "lng": 115.3454508}, "viewport": {"northeast": {"lat": -33.64938627010728, "lng": 115.3468396298927}, "southwest": {"lat": -33.65208592989272, "lng": 115.3441399701073}}}, "distance": 1000000, "hour": {"open_now": false}, "photo": "Aap_uEDZtDu_kbiHZMudj041zMt6vSjKQRNnWiLy15Ll9ppAX-rN0hKuxrOjxjiGVT84Q23LsAlyTxPeWzGw5uT0HpSxyGsdNQlQBWVcGSPYqZYY8AF6shUNbDFBNibsX_2khmxsQZI9_VbxvrpQ8ACj_GF4s5EHYiDIW8DNAIKnZj4xeJZ9", "price_level": "", "rating": 4.5, "stars": ["checked", "checked", "checked", "checked", ""], "tags": ["jewelry_store", "point_of_interest", "store", "establishment"], "user_total_rating": 14, "address": "47 Prince St, Busselton", "map": "https://www.google.com/maps/place/?q=place_id:ChIJjdb7qhc5LioRpe5EM7LRRIc", "row": {"business_status": "OPERATIONAL", "geometry": {"location": {"lat": -33.6506046, "lng": 115.3454508}, "viewport": {"northeast": {"lat": -33.64938627010728, "lng": 115.3468396298927}, "southwest": {"lat": -33.65208592989272, "lng": 115.3441399701073}}}, "icon": "https://maps.gstatic.com/mapfiles/place_api/icons/v1/png_71/shopping-71.png", "icon_background_color": "#4B96F3", "icon_mask_base_uri": "https://maps.gstatic.com/mapfiles/place_api/icons/v2/shopping_pinlet", "name": "Fusion Jewellers", "opening_hours": {"open_now": false}, "photos": [{"height": 2530, "html_attributions": ["<a href=\"https://maps.google.com/maps/contrib/117848303758896724557\">A Google User</a>"], "photo_reference": "Aap_uEDZtDu_kbiHZMudj041zMt6vSjKQRNnWiLy15Ll9ppAX-rN0hKuxrOjxjiGVT84Q23LsAlyTxPeWzGw5uT0HpSxyGsdNQlQBWVcGSPYqZYY8AF6shUNbDFBNibsX_2khmxsQZI9_VbxvrpQ8ACj_GF4s5EHYiDIW8DNAIKnZj4xeJZ9", "width": 2530}], "place_id": "ChIJjdb7qhc5LioRpe5EM7LRRIc", "plus_code": {"compound_code": "88XW+Q5 Busselton, Western Australia, Australia", "global_code": "4PRQ88XW+Q5"}, "rating": 4.5, "reference": "ChIJjdb7qhc5LioRpe5EM7LRRIc", "scope": "GOOGLE", "types": ["jewelry_store", "point_of_interest", "store", "establishment"], "user_ratings_total": 14, "vicinity": "47 Prince St, Busselton"}}, {"bus_status": "OPERATIONAL", "name": "Elysium Jewellers", "geo": {"location": {"lat": -33.6502837, "lng": 115.3458905}, "viewport": {"northeast": {"lat": -33.64917702010728, "lng": 115.3472968298927}, "southwest": {"lat": -33.65187667989272, "lng": 115.3445971701073}}}, "distance": 1000000, "hour": {"open_now": false}, "photo": "Aap_uEDm4EKCxfqUxuc5RlfNHXfaO-yVLE3xFkKObh1BEebQxcABD2eH35b0rLzxKHMKNd-AwbqJqAc12AnkvkDr3TLavYsYLzgTfX-mnEMsrj7X3Rz4nnYaFCq3YlzqB_SNxhUHiqViuitgxMJchPWiNesH8Vf0w6hImki4mIoWVv8dlrYY", "price_level": "", "rating": 4.7, "stars": ["checked", "checked", "checked", "checked", ""], "tags": ["jewelry_store", "point_of_interest", "store", "establishment"], "user_total_rating": 14, "address": "20/55 Prince St, Busselton", "map": "https://www.google.com/maps/place/?q=place_id:ChIJjdb7qhc5LioRCyCaTBAnFvc", "row": {"business_status": "OPERATIONAL", "geometry": {"location": {"lat": -33.6502837, "lng": 115.3458905}, "viewport": {"northeast": {"lat": -33.64917702010728, "lng": 115.3472968298927}, "southwest": {"lat": -33.65187667989272, "lng": 115.3445971701073}}}, "icon": "https://maps.gstatic.com/mapfiles/place_api/icons/v1/png_71/shopping-71.png", "icon_background_color": "#4B96F3", "icon_mask_base_uri": "https://maps.gstatic.com/mapfiles/place_api/icons/v2/shopping_pinlet", "name": "Elysium Jewellers", "opening_hours": {"open_now": false}, "photos": [{"height": 4032, "html_attributions": ["<a href=\"https://maps.google.com/maps/contrib/104773266897188323800\">A Google User</a>"], "photo_reference": "Aap_uEDm4EKCxfqUxuc5RlfNHXfaO-yVLE3xFkKObh1BEebQxcABD2eH35b0rLzxKHMKNd-AwbqJqAc12AnkvkDr3TLavYsYLzgTfX-mnEMsrj7X3Rz4nnYaFCq3YlzqB_SNxhUHiqViuitgxMJchPWiNesH8Vf0w6hImki4mIoWVv8dlrYY", "width": 3024}], "place_id": "ChIJjdb7qhc5LioRCyCaTBAnFvc", "plus_code": {"compound_code": "88XW+V9 Busselton, Western Australia, Australia", "global_code": "4PRQ88XW+V9"}, "rating": 4.7, "reference": "ChIJjdb7qhc5LioRCyCaTBAnFvc", "scope": "GOOGLE", "types": ["jewelry_store", "point_of_interest", "store", "establishment"], "user_ratings_total": 14, "vicinity": "20/55 Prince St, Busselton"}}, {"bus_status": "OPERATIONAL", "name": "Inkas Jewellers", "geo": {"location": {"lat": -33.650261, "lng": 115.346705}, "viewport": {"northeast": {"lat": -33.64911082010727, "lng": 115.3479581298927}, "southwest": {"lat": -33.65181047989272, "lng": 115.3452584701073}}}, "distance": 1000000, "hour": {"open_now": false}, "photo": "Aap_uEARkMBCRDcTmWIq1FN8XgNbAo-b-DQMG7Oyh9jkZfE5nWfTM-6pMKBQg2jk7nWXvcqT5NbNd6vzaj6tsRuURz5BzbQzoptLASuz4XUUhHQdPrYvrQSYFVYBVRgRP3LX9jhcnzH0BDRo12qwzL6zyOrVwHNQUr3GuPYmdqWIkdZIfK7Z", "price_level": "", "rating": 5, "stars": ["checked", "checked", "checked", "checked", "checked"], "tags": ["jewelry_store", "point_of_interest", "store", "establishment"], "user_total_rating": 4, "address": "Boulevard Shopping Centre, 69 Prince St, Busselton", "map": "https://www.google.com/maps/place/?q=place_id:ChIJb46b0xk5LioRibRAnwETwEU", "row": {"business_status": "OPERATIONAL", "geometry": {"location": {"lat": -33.650261, "lng": 115.346705}, "viewport": {"northeast": {"lat": -33.64911082010727, "lng": 115.3479581298927}, "southwest": {"lat": -33.65181047989272, "lng": 115.3452584701073}}}, "icon": "https://maps.gstatic.com/mapfiles/place_api/icons/v1/png_71/shopping-71.png", "icon_background_color": "#4B96F3", "icon_mask_base_uri": "https://maps.gstatic.com/mapfiles/place_api/icons/v2/shopping_pinlet", "name": "Inkas Jewellers", "opening_hours": {"open_now": false}, "photos": [{"height": 633, "html_attributions": ["<a href=\"https://maps.google.com/maps/contrib/105903525169744775221\">Inkas Jewellers</a>"], "photo_reference": "Aap_uEARkMBCRDcTmWIq1FN8XgNbAo-b-DQMG7Oyh9jkZfE5nWfTM-6pMKBQg2jk7nWXvcqT5NbNd6vzaj6tsRuURz5BzbQzoptLASuz4XUUhHQdPrYvrQSYFVYBVRgRP3LX9jhcnzH0BDRo12qwzL6zyOrVwHNQUr3GuPYmdqWIkdZIfK7Z", "width": 633}], "place_id": "ChIJb46b0xk5LioRibRAnwETwEU", "plus_code": {"compound_code": "88XW+VM Busselton, Western Australia, Australia", "global_code": "4PRQ88XW+VM"}, "rating": 5, "reference": "ChIJb46b0xk5LioRibRAnwETwEU", "scope": "GOOGLE", "types": ["jewelry_store", "point_of_interest", "store", "establishment"], "user_ratings_total": 4, "vicinity": "Boulevard Shopping Centre, 69 Prince St, Busselton"}}, {"bus_status": "OPERATIONAL", "name": "Vasse Jewellers", "geo": {"location": {"lat": -33.6744815, "lng": 115.2497735}, "viewport": {"northeast": {"lat": -33.67316117010728, "lng": 115.2511002798927}, "southwest": {"lat": -33.67586082989272, "lng": 115.2484006201073}}}, "distance": 1000000, "hour": {"open_now": false}, "photo": "", "price_level": "", "rating": 5, "stars": ["checked", "checked", "checked", "checked", "checked"], "tags": ["shopping_mall", "point_of_interest", "establishment"], "user_total_rating": 1, "address": "6/19 Napoleon Promenade, Vasse", "map": "https://www.google.com/maps/place/?q=place_id:ChIJoUCVN1JHLioRaFZMwVXEMhw", "row": {"business_status": "OPERATIONAL", "geometry": {"location": {"lat": -33.6744815, "lng": 115.2497735}, "viewport": {"northeast": {"lat": -33.67316117010728, "lng": 115.2511002798927}, "southwest": {"lat": -33.67586082989272, "lng": 115.2484006201073}}}, "icon": "https://maps.gstatic.com/mapfiles/place_api/icons/v1/png_71/shopping-71.png", "icon_background_color": "#4B96F3", "icon_mask_base_uri": "https://maps.gstatic.com/mapfiles/place_api/icons/v2/shopping_pinlet", "name": "Vasse Jewellers", "opening_hours": {"open_now": false}, "place_id": "ChIJoUCVN1JHLioRaFZMwVXEMhw", "plus_code": {"compound_code": "86GX+6W Vasse, Western Australia, Australia", "global_code": "4PRQ86GX+6W"}, "rating": 5, "reference": "ChIJoUCVN1JHLioRaFZMwVXEMhw", "scope": "GOOGLE", "types": ["shopping_mall", "point_of_interest", "establishment"], "user_ratings_total": 1, "vicinity": "6/19 Napoleon Promenade, Vasse"}}, {"bus_status": "OPERATIONAL", "name": "Tails of Adornment Horse Hair Jewellery", "geo": {"location": {"lat": -33.674513, "lng": 115.3147013}, "viewport": {"northeast": {"lat": -33.67316267010728, "lng": 115.3160511298928}, "southwest": {"lat": -33.67586232989272, "lng": 115.3133514701073}}}, "distance": 1000000, "hour": {"open_now": false}, "photo": "Aap_uEDMIRalHDpHsgp-C1UcPmfnVI3jE9xwL0cvlOy6YXSm7tbAclns8vyXO77iE6Ht4bghVwBqNhFkUv0MUygDZKzDmxsyFQYxpMS1Kvt5wIJt-ismXmyE0hF1UIDmBO8dqxigCttdvrlKyiUisczksl74kpj8Tt62OPfL9KXaHCsHcAgT", "price_level": "", "rating": 0, "stars": ["", "", "", "", ""], "tags": ["jewelry_store", "point_of_interest", "store", "establishment"], "user_total_rating": 0, "address": "Kookaburra Way, Vasse", "map": "https://www.google.com/maps/place/?q=place_id:ChIJy2-1ivY4LioR8_kBP_hfCU8", "row": {"business_status": "OPERATIONAL", "geometry": {"location": {"lat": -33.674513, "lng": 115.3147013}, "viewport": {"northeast": {"lat": -33.67316267010728, "lng": 115.3160511298928}, "southwest": {"lat": -33.67586232989272, "lng": 115.3133514701073}}}, "icon": "https://maps.gstatic.com/mapfiles/place_api/icons/v1/png_71/shopping-71.png", "icon_background_color": "#4B96F3", "icon_mask_base_uri": "https://maps.gstatic.com/mapfiles/place_api/icons/v2/shopping_pinlet", "name": "Tails of Adornment Horse Hair Jewellery", "opening_hours": {"open_now": false}, "photos": [{"height": 1564, "html_attributions": ["<a href=\"https://maps.google.com/maps/contrib/105069950054487036279\">A Google User</a>"], "photo_reference": "Aap_uEDMIRalHDpHsgp-C1UcPmfnVI3jE9xwL0cvlOy6YXSm7tbAclns8vyXO77iE6Ht4bghVwBqNhFkUv0MUygDZKzDmxsyFQYxpMS1Kvt5wIJt-ismXmyE0hF1UIDmBO8dqxigCttdvrlKyiUisczksl74kpj8Tt62OPfL9KXaHCsHcAgT", "width": 1564}], "place_id": "ChIJy2-1ivY4LioR8_kBP_hfCU8", "plus_code": {"compound_code": "88G7+5V Vasse, Western Australia, Australia", "global_code": "4PRQ88G7+5V"}, "rating": 0, "reference": "ChIJy2-1ivY4LioR8_kBP_hfCU8", "scope": "GOOGLE", "types": ["jewelry_store", "point_of_interest", "store", "establishment"], "user_ratings_total": 0, "vicinity": "Kookaburra Way, Vasse"}}, {"bus_status": "OPERATIONAL", "name": "Hype", "geo": {"location": {"lat": -33.6511051, "lng": 115.3451713}, "viewport": {"northeast": {"lat": -33.64967822010728, "lng": 115.3464886298928}, "southwest": {"lat": -33.65237787989272, "lng": 115.3437889701073}}}, "distance": 1000000, "hour": {"open_now": false}, "photo": "Aap_uED2WjmrppQ6sz6r6Yb6AE4numU-5hMBppQoAaSyLTrsL2aM0SkiQzuCCxh9AixSlB3BC_n658IueQ8n55IAd2OK49D8AiHdKNTDbe6hcbRRQxyc_kTRrzEOhdsLcalb2_JZrUTu8pNhXbaURkNkomK_mN4HpM3Ol0gucjDPpeYG1tcG", "price_level": "", "rating": 4, "stars": ["checked", "checked", "checked", "checked", ""], "tags": ["point_of_interest", "clothing_store", "store", "establishment"], "user_total_rating": 7, "address": "34 Prince St, Busselton", "map": "https://www.google.com/maps/place/?q=place_id:ChIJfWHsDxc5LioRSVXG_5IHzBM", "row": {"business_status": "OPERATIONAL", "geometry": {"location": {"lat": -33.6511051, "lng": 115.3451713}, "viewport": {"northeast": {"lat": -33.64967822010728, "lng": 115.3464886298928}, "southwest": {"lat": -33.65237787989272, "lng": 115.3437889701073}}}, "icon": "https://maps.gstatic.com/mapfiles/place_api/icons/v1/png_71/shopping-71.png", "icon_background_color": "#4B96F3", "icon_mask_base_uri": "https://maps.gstatic.com/mapfiles/place_api/icons/v2/shopping_pinlet", "name": "Hype", "opening_hours": {"open_now": false}, "photos": [{"height": 2988, "html_attributions": ["<a href=\"https://maps.google.com/maps/contrib/100276830865326850926\">Raelene Wood</a>"], "photo_reference": "Aap_uED2WjmrppQ6sz6r6Yb6AE4numU-5hMBppQoAaSyLTrsL2aM0SkiQzuCCxh9AixSlB3BC_n658IueQ8n55IAd2OK49D8AiHdKNTDbe6hcbRRQxyc_kTRrzEOhdsLcalb2_JZrUTu8pNhXbaURkNkomK_mN4HpM3Ol0gucjDPpeYG1tcG", "width": 5312}], "place_id": "ChIJfWHsDxc5LioRSVXG_5IHzBM", "plus_code": {"compound_code": "88XW+H3 Busselton, Western Australia, Australia", "global_code": "4PRQ88XW+H3"}, "rating": 4, "reference": "ChIJfWHsDxc5LioRSVXG_5IHzBM", "scope": "GOOGLE", "types": ["point_of_interest", "clothing_store", "store", "establishment"], "user_ratings_total": 7, "vicinity": "34 Prince St, Busselton"}}]