[{"bus_status": "OPERATIONAL", "name": "Jetts", "geo": {"location": {"lat": -32.9032735, "lng": 151.6679194}, "viewport": {"northeast": {"lat": -32.90201442010728, "lng": 151.6690738798927}, "southwest": {"lat": -32.90471407989272, "lng": 151.6663742201073}}}, "distance": 1000000, "hour": {"open_now": true}, "photo": "Aap_uEDSBqWR3V3pRTUMnAm1MISiSJyWsjYWSkUAJFCEa9dKbvPPMM03BxmM8krad8IAIMzh5y1lR1JbRaaHA0UBTIiuCwcaqAQdXPUiogeDAHPRJUPiS4KqxF4vR1Sq_jHHclzB8qMz-abiDe3IvQaQHEr4xsO-19Z4f5Qs8Rw8fC21p-X6", "price_level": "", "rating": 4.5, "stars": ["checked", "checked", "checked", "checked", ""], "tags": ["gym", "health", "point_of_interest", "establishment"], "user_total_rating": 26, "address": "Shop 11C/24 Kokera St, Wallsend", "map": "https://www.google.com/maps/place/?q=place_id:ChIJ8ywoaU8-c2sRiCFMzgoA4NU", "row": {"business_status": "OPERATIONAL", "geometry": {"location": {"lat": -32.9032735, "lng": 151.6679194}, "viewport": {"northeast": {"lat": -32.90201442010728, "lng": 151.6690738798927}, "southwest": {"lat": -32.90471407989272, "lng": 151.6663742201073}}}, "icon": "https://maps.gstatic.com/mapfiles/place_api/icons/v1/png_71/generic_business-71.png", "icon_background_color": "#7B9EB0", "icon_mask_base_uri": "https://maps.gstatic.com/mapfiles/place_api/icons/v2/generic_pinlet", "name": "Jetts", "opening_hours": {"open_now": true}, "photos": [{"height": 6625, "html_attributions": ["<a href=\"https://maps.google.com/maps/contrib/116469672458346113114\">osama bahamdain</a>"], "photo_reference": "Aap_uEDSBqWR3V3pRTUMnAm1MISiSJyWsjYWSkUAJFCEa9dKbvPPMM03BxmM8krad8IAIMzh5y1lR1JbRaaHA0UBTIiuCwcaqAQdXPUiogeDAHPRJUPiS4KqxF4vR1Sq_jHHclzB8qMz-abiDe3IvQaQHEr4xsO-19Z4f5Qs8Rw8fC21p-X6", "width": 3366}], "place_id": "ChIJ8ywoaU8-c2sRiCFMzgoA4NU", "plus_code": {"compound_code": "3MW9+M5 Wallsend, New South Wales, Australia", "global_code": "4RVH3MW9+M5"}, "rating": 4.5, "reference": "ChIJ8ywoaU8-c2sRiCFMzgoA4NU", "scope": "GOOGLE", "types": ["gym", "health", "point_of_interest", "establishment"], "user_ratings_total": 26, "vicinity": "Shop 11C/24 Kokera St, Wallsend"}}, {"bus_status": "OPERATIONAL", "name": "Anytime Fitness", "geo": {"location": {"lat": -32.901387, "lng": 151.66824}, "viewport": {"northeast": {"lat": -32.89989732010728, "lng": 151.6696085298927}, "southwest": {"lat": -32.90259697989272, "lng": 151.6669088701072}}}, "distance": 1000000, "hour": {"open_now": true}, "photo": "Aap_uEAxhuphK8hOhrKdP5RY-2XliDwpe20tUbn7CxQtgbjyIrjcACPs7eHeKKbOSmpKwGNwcZSn6b6T5v-fxxbck7gKg1DAhLfM2iTe2zCzsaT4LQLDPTJMKLyoXUhOw5PMDxGRETUySjdmk3yl9ckNxmtPFxwmTMYotQH0BVKaHXofpzev", "price_level": "", "rating": 4.4, "stars": ["checked", "checked", "checked", "checked", ""], "tags": ["gym", "health", "point_of_interest", "establishment"], "user_total_rating": 78, "address": "29 Tyrrell St, Wallsend", "map": "https://www.google.com/maps/place/?q=place_id:ChIJiyqzn08-c2sRN3sRk9nODUY", "row": {"business_status": "OPERATIONAL", "geometry": {"location": {"lat": -32.901387, "lng": 151.66824}, "viewport": {"northeast": {"lat": -32.89989732010728, "lng": 151.6696085298927}, "southwest": {"lat": -32.90259697989272, "lng": 151.6669088701072}}}, "icon": "https://maps.gstatic.com/mapfiles/place_api/icons/v1/png_71/generic_business-71.png", "icon_background_color": "#7B9EB0", "icon_mask_base_uri": "https://maps.gstatic.com/mapfiles/place_api/icons/v2/generic_pinlet", "name": "Anytime Fitness", "opening_hours": {"open_now": true}, "photos": [{"height": 3024, "html_attributions": ["<a href=\"https://maps.google.com/maps/contrib/105943273602558222939\">A Google User</a>"], "photo_reference": "Aap_uEAxhuphK8hOhrKdP5RY-2XliDwpe20tUbn7CxQtgbjyIrjcACPs7eHeKKbOSmpKwGNwcZSn6b6T5v-fxxbck7gKg1DAhLfM2iTe2zCzsaT4LQLDPTJMKLyoXUhOw5PMDxGRETUySjdmk3yl9ckNxmtPFxwmTMYotQH0BVKaHXofpzev", "width": 4032}], "place_id": "ChIJiyqzn08-c2sRN3sRk9nODUY", "plus_code": {"compound_code": "3MX9+C7 Wallsend, New South Wales, Australia", "global_code": "4RVH3MX9+C7"}, "rating": 4.4, "reference": "ChIJiyqzn08-c2sRN3sRk9nODUY", "scope": "GOOGLE", "types": ["gym", "health", "point_of_interest", "establishment"], "user_ratings_total": 78, "vicinity": "29 Tyrrell St, Wallsend"}}, {"bus_status": "OPERATIONAL", "name": "Genesis Health and Fitness", "geo": {"location": {"lat": -32.8988211, "lng": 151.7337884}, "viewport": {"northeast": {"lat": -32.89754762010728, "lng": 151.7354685798927}, "southwest": {"lat": -32.90024727989272, "lng": 151.7327689201072}}}, "distance": 1000000, "hour": {"open_now": false}, "photo": "Aap_uEDsOYGcHT36Wz-9ZceYq1Ojb0xQ5h1450O14FS0jP73yEectnin5XWxpo_EbBrpGmqErsrOgfeF9IodDvrOPf90okaUcSKwr-J9qqX_bhBO7ewExwq_8j5llE-pna7holv_ZzR6OoYCMUkUmYlIlbXT43bHw9XucpG-PFWMQAdPYCJ1", "price_level": "", "rating": 4.5, "stars": ["checked", "checked", "checked", "checked", ""], "tags": ["gym", "health", "point_of_interest", "establishment"], "user_total_rating": 114, "address": "58 Hanbury St, Mayfield", "map": "https://www.google.com/maps/place/?q=place_id:ChIJ58MD6w8Vc2sRadECwDA5iXU", "row": {"business_status": "OPERATIONAL", "geometry": {"location": {"lat": -32.8988211, "lng": 151.7337884}, "viewport": {"northeast": {"lat": -32.89754762010728, "lng": 151.7354685798927}, "southwest": {"lat": -32.90024727989272, "lng": 151.7327689201072}}}, "icon": "https://maps.gstatic.com/mapfiles/place_api/icons/v1/png_71/generic_business-71.png", "icon_background_color": "#7B9EB0", "icon_mask_base_uri": "https://maps.gstatic.com/mapfiles/place_api/icons/v2/generic_pinlet", "name": "Genesis Health and Fitness", "opening_hours": {"open_now": false}, "photos": [{"height": 2448, "html_attributions": ["<a href=\"https://maps.google.com/maps/contrib/105660916491082094706\">Dylan Cahill</a>"], "photo_reference": "Aap_uEDsOYGcHT36Wz-9ZceYq1Ojb0xQ5h1450O14FS0jP73yEectnin5XWxpo_EbBrpGmqErsrOgfeF9IodDvrOPf90okaUcSKwr-J9qqX_bhBO7ewExwq_8j5llE-pna7holv_ZzR6OoYCMUkUmYlIlbXT43bHw9XucpG-PFWMQAdPYCJ1", "width": 3264}], "place_id": "ChIJ58MD6w8Vc2sRadECwDA5iXU", "plus_code": {"compound_code": "4P2M+FG Mayfield, New South Wales, Australia", "global_code": "4RVH4P2M+FG"}, "rating": 4.5, "reference": "ChIJ58MD6w8Vc2sRadECwDA5iXU", "scope": "GOOGLE", "types": ["gym", "health", "point_of_interest", "establishment"], "user_ratings_total": 114, "vicinity": "58 Hanbury St, Mayfield"}}, {"bus_status": "OPERATIONAL", "name": "Anytime Fitness", "geo": {"location": {"lat": -32.7556901, "lng": 151.7630105}, "viewport": {"northeast": {"lat": -32.75434682010727, "lng": 151.7644569298927}, "southwest": {"lat": -32.75704647989271, "lng": 151.7617572701073}}}, "distance": 1000000, "hour": {"open_now": false}, "photo": "Aap_uEAk4WhYMtWRLexrZpVM1qe6qfKwGtbDuvhTlp-Ep86yZlRXntB-fd3sXriovetjgg9V9rovEcBEL_p0MFi2HpW8jxo1xSWX1pE5Qb2K2PUEPrAl66plzvhksJvbVD516CAP-Br2dBYBcbpoJXJvW8gJ82dKZwgs-0PqtYBYBW9SHAkF", "price_level": "", "rating": 4.7, "stars": ["checked", "checked", "checked", "checked", ""], "tags": ["gym", "health", "point_of_interest", "establishment"], "user_total_rating": 57, "address": "Unit 3/40 Richardson Rd, Raymond Terrace", "map": "https://www.google.com/maps/place/?q=place_id:ChIJFawLvRtpc2sRnBIovzvZK2k", "row": {"business_status": "OPERATIONAL", "geometry": {"location": {"lat": -32.7556901, "lng": 151.7630105}, "viewport": {"northeast": {"lat": -32.75434682010727, "lng": 151.7644569298927}, "southwest": {"lat": -32.75704647989271, "lng": 151.7617572701073}}}, "icon": "https://maps.gstatic.com/mapfiles/place_api/icons/v1/png_71/generic_business-71.png", "icon_background_color": "#7B9EB0", "icon_mask_base_uri": "https://maps.gstatic.com/mapfiles/place_api/icons/v2/generic_pinlet", "name": "Anytime Fitness", "opening_hours": {"open_now": false}, "photos": [{"height": 909, "html_attributions": ["<a href=\"https://maps.google.com/maps/contrib/109260769085347389557\">Anytime Fitness</a>"], "photo_reference": "Aap_uEAk4WhYMtWRLexrZpVM1qe6qfKwGtbDuvhTlp-Ep86yZlRXntB-fd3sXriovetjgg9V9rovEcBEL_p0MFi2HpW8jxo1xSWX1pE5Qb2K2PUEPrAl66plzvhksJvbVD516CAP-Br2dBYBcbpoJXJvW8gJ82dKZwgs-0PqtYBYBW9SHAkF", "width": 1242}], "place_id": "ChIJFawLvRtpc2sRnBIovzvZK2k", "plus_code": {"compound_code": "6QV7+P6 Raymond Terrace, New South Wales, Australia", "global_code": "4RVH6QV7+P6"}, "rating": 4.7, "reference": "ChIJFawLvRtpc2sRnBIovzvZK2k", "scope": "GOOGLE", "types": ["gym", "health", "point_of_interest", "establishment"], "user_ratings_total": 57, "vicinity": "Unit 3/40 Richardson Rd, Raymond Terrace"}}, {"bus_status": "OPERATIONAL", "name": "Anytime Fitness", "geo": {"location": {"lat": -32.7930154, "lng": 151.6348545}, "viewport": {"northeast": {"lat": -32.79163452010728, "lng": 151.6360912298927}, "southwest": {"lat": -32.79433417989272, "lng": 151.6333915701072}}}, "distance": 1000000, "hour": {"open_now": true}, "photo": "Aap_uEBgaJzrfKq7q9ZxqATqiFtmXctLaAEd_CyR-UvfLhUf3BEi5XFHY7uXETaOmsAJyCsecfp_KqW7Q7n-FnlWioB1SAdSGY8hSmZoT0gsM4Jrql_74iFg0Ay-38lmqrst-7LnEj0yzVyGmHYZNgeCRp8dOHdJWYw56dcrydGXHDe5aEiC", "price_level": "", "rating": 4.4, "stars": ["checked", "checked", "checked", "checked", ""], "tags": ["gym", "health", "point_of_interest", "establishment"], "user_total_rating": 64, "address": "Thornton Supa Centre, 2 Thornton Rd, Thornton", "map": "https://www.google.com/maps/place/?q=place_id:ChIJeYwkYUBBc2sRLE_XD37bJys", "row": {"business_status": "OPERATIONAL", "geometry": {"location": {"lat": -32.7930154, "lng": 151.6348545}, "viewport": {"northeast": {"lat": -32.79163452010728, "lng": 151.6360912298927}, "southwest": {"lat": -32.79433417989272, "lng": 151.6333915701072}}}, "icon": "https://maps.gstatic.com/mapfiles/place_api/icons/v1/png_71/generic_business-71.png", "icon_background_color": "#7B9EB0", "icon_mask_base_uri": "https://maps.gstatic.com/mapfiles/place_api/icons/v2/generic_pinlet", "name": "Anytime Fitness", "opening_hours": {"open_now": true}, "photos": [{"height": 4016, "html_attributions": ["<a href=\"https://maps.google.com/maps/contrib/109373629869411250623\">Thornton, NSW</a>"], "photo_reference": "Aap_uEBgaJzrfKq7q9ZxqATqiFtmXctLaAEd_CyR-UvfLhUf3BEi5XFHY7uXETaOmsAJyCsecfp_KqW7Q7n-FnlWioB1SAdSGY8hSmZoT0gsM4Jrql_74iFg0Ay-38lmqrst-7LnEj0yzVyGmHYZNgeCRp8dOHdJWYw56dcrydGXHDe5aEiC", "width": 6016}], "place_id": "ChIJeYwkYUBBc2sRLE_XD37bJys", "plus_code": {"compound_code": "6J4M+QW Thornton, New South Wales, Australia", "global_code": "4RVH6J4M+QW"}, "rating": 4.4, "reference": "ChIJeYwkYUBBc2sRLE_XD37bJys", "scope": "GOOGLE", "types": ["gym", "health", "point_of_interest", "establishment"], "user_ratings_total": 64, "vicinity": "Thornton Supa Centre, 2 Thornton Rd, Thornton"}}, {"bus_status": "OPERATIONAL", "name": "Genesis Health and Fitness", "geo": {"location": {"lat": -32.7278415, "lng": 151.5503072}, "viewport": {"northeast": {"lat": -32.72667377010728, "lng": 151.5515215798927}, "southwest": {"lat": -32.72937342989272, "lng": 151.5488219201073}}}, "distance": 1000000, "hour": {"open_now": false}, "photo": "Aap_uECD5-ssSKR7Rcmxoj5f2aaZAOgOIetfnGKye0ES4gI8ekv-SK-c3nWEDiXGDIXH7nCWaUF8sMv0jtwK3ZAFWQD3WcrVhXpIfIfVNsa4b-8oOjABHxDshHPVmyBFXq3LFIDhcCLMddX6AqwUiFjzSJSmWy2-cRtNLVnqO3X6lcJZ5tvs", "price_level": "", "rating": 4.6, "stars": ["checked", "checked", "checked", "checked", ""], "tags": ["gym", "health", "point_of_interest", "establishment"], "user_total_rating": 117, "address": "7a/555 High St, Maitland", "map": "https://www.google.com/maps/place/?q=place_id:ChIJsYZ6z89Fc2sRYirpQ1skQFE", "row": {"business_status": "OPERATIONAL", "geometry": {"location": {"lat": -32.7278415, "lng": 151.5503072}, "viewport": {"northeast": {"lat": -32.72667377010728, "lng": 151.5515215798927}, "southwest": {"lat": -32.72937342989272, "lng": 151.5488219201073}}}, "icon": "https://maps.gstatic.com/mapfiles/place_api/icons/v1/png_71/generic_business-71.png", "icon_background_color": "#7B9EB0", "icon_mask_base_uri": "https://maps.gstatic.com/mapfiles/place_api/icons/v2/generic_pinlet", "name": "Genesis Health and Fitness", "opening_hours": {"open_now": false}, "photos": [{"height": 4608, "html_attributions": ["<a href=\"https://maps.google.com/maps/contrib/100093056961335335682\">Genesis Maitland</a>"], "photo_reference": "Aap_uECD5-ssSKR7Rcmxoj5f2aaZAOgOIetfnGKye0ES4gI8ekv-SK-c3nWEDiXGDIXH7nCWaUF8sMv0jtwK3ZAFWQD3WcrVhXpIfIfVNsa4b-8oOjABHxDshHPVmyBFXq3LFIDhcCLMddX6AqwUiFjzSJSmWy2-cRtNLVnqO3X6lcJZ5tvs", "width": 3456}], "place_id": "ChIJsYZ6z89Fc2sRYirpQ1skQFE", "plus_code": {"compound_code": "7HC2+V4 Maitland, New South Wales, Australia", "global_code": "4RVH7HC2+V4"}, "rating": 4.6, "reference": "ChIJsYZ6z89Fc2sRYirpQ1skQFE", "scope": "GOOGLE", "types": ["gym", "health", "point_of_interest", "establishment"], "user_ratings_total": 117, "vicinity": "7a/555 High St, Maitland"}}, {"bus_status": "OPERATIONAL", "name": "Anytime Fitness", "geo": {"location": {"lat": -32.7628087, "lng": 151.5939172}, "viewport": {"northeast": {"lat": -32.76142477010728, "lng": 151.5953313798927}, "southwest": {"lat": -32.76412442989272, "lng": 151.5926317201072}}}, "distance": 1000000, "hour": {"open_now": true}, "photo": "Aap_uEBoYQLro6h0de8GagstEQjgIqJBZRwZ3lXxAQJKW2u5e8N373ApyrFHcroap4IFAUgdC0h6hgIZ3BPq6ZRdzh60McaQA1YMIpzQsFW_BS9OpYJVJQ6MwrnVI6NoXU3-3kG1jGFXUJFoVoG1AG3iBEXarfT4jfZjgRfVT-MQgLYFpTg5", "price_level": "", "rating": 4.4, "stars": ["checked", "checked", "checked", "checked", ""], "tags": ["gym", "health", "point_of_interest", "establishment"], "user_total_rating": 73, "address": "Unit 3 C/11 Molly Morgan Dr, East Maitland", "map": "https://www.google.com/maps/place/?q=place_id:ChIJn0lkXLpGc2sRFlDcKink_ng", "row": {"business_status": "OPERATIONAL", "geometry": {"location": {"lat": -32.7628087, "lng": 151.5939172}, "viewport": {"northeast": {"lat": -32.76142477010728, "lng": 151.5953313798927}, "southwest": {"lat": -32.76412442989272, "lng": 151.5926317201072}}}, "icon": "https://maps.gstatic.com/mapfiles/place_api/icons/v1/png_71/generic_business-71.png", "icon_background_color": "#7B9EB0", "icon_mask_base_uri": "https://maps.gstatic.com/mapfiles/place_api/icons/v2/generic_pinlet", "name": "Anytime Fitness", "opening_hours": {"open_now": true}, "photos": [{"height": 405, "html_attributions": ["<a href=\"https://maps.google.com/maps/contrib/104778923696204326101\">Anytime Fitness Green Hills</a>"], "photo_reference": "Aap_uEBoYQLro6h0de8GagstEQjgIqJBZRwZ3lXxAQJKW2u5e8N373ApyrFHcroap4IFAUgdC0h6hgIZ3BPq6ZRdzh60McaQA1YMIpzQsFW_BS9OpYJVJQ6MwrnVI6NoXU3-3kG1jGFXUJFoVoG1AG3iBEXarfT4jfZjgRfVT-MQgLYFpTg5", "width": 540}], "place_id": "ChIJn0lkXLpGc2sRFlDcKink_ng", "plus_code": {"compound_code": "6HPV+VH East Maitland, New South Wales, Australia", "global_code": "4RVH6HPV+VH"}, "rating": 4.4, "reference": "ChIJn0lkXLpGc2sRFlDcKink_ng", "scope": "GOOGLE", "types": ["gym", "health", "point_of_interest", "establishment"], "user_ratings_total": 73, "vicinity": "Unit 3 C/11 Molly Morgan Dr, East Maitland"}}, {"bus_status": "OPERATIONAL", "name": "Snap Fitness 24/7", "geo": {"location": {"lat": -32.7614707, "lng": 151.5883026}, "viewport": {"northeast": {"lat": -32.76017367010728, "lng": 151.5895322798927}, "southwest": {"lat": -32.76287332989272, "lng": 151.5868326201073}}}, "distance": 1000000, "hour": {"open_now": false}, "photo": "Aap_uEBc4C-V9PmAtPyrbkgLlYk49Sbv80SFUBz3qIQrVNfmDefmloReelFqHgTp8JMbWyohvkSZR2fEfs5VnASON7NxDrfBEhEnqvQ6UYfp1ONO5DUllm2T17xhuKsS9PfxxrraO8w7Dc-EEYzx2S4W_9k18qGcc9xZYc1wmf4e3_Nsxqq8", "price_level": "", "rating": 4.8, "stars": ["checked", "checked", "checked", "checked", ""], "tags": ["gym", "health", "point_of_interest", "establishment"], "user_total_rating": 206, "address": "25 Mitchell Dr, East Maitland", "map": "https://www.google.com/maps/place/?q=place_id:ChIJKZuTZbxGc2sRYPXKb-DiN40", "row": {"business_status": "OPERATIONAL", "geometry": {"location": {"lat": -32.7614707, "lng": 151.5883026}, "viewport": {"northeast": {"lat": -32.76017367010728, "lng": 151.5895322798927}, "southwest": {"lat": -32.76287332989272, "lng": 151.5868326201073}}}, "icon": "https://maps.gstatic.com/mapfiles/place_api/icons/v1/png_71/generic_business-71.png", "icon_background_color": "#7B9EB0", "icon_mask_base_uri": "https://maps.gstatic.com/mapfiles/place_api/icons/v2/generic_pinlet", "name": "Snap Fitness 24/7", "opening_hours": {"open_now": false}, "photos": [{"height": 719, "html_attributions": ["<a href=\"https://maps.google.com/maps/contrib/103782117576334241006\">A Google User</a>"], "photo_reference": "Aap_uEBc4C-V9PmAtPyrbkgLlYk49Sbv80SFUBz3qIQrVNfmDefmloReelFqHgTp8JMbWyohvkSZR2fEfs5VnASON7NxDrfBEhEnqvQ6UYfp1ONO5DUllm2T17xhuKsS9PfxxrraO8w7Dc-EEYzx2S4W_9k18qGcc9xZYc1wmf4e3_Nsxqq8", "width": 960}], "place_id": "ChIJKZuTZbxGc2sRYPXKb-DiN40", "plus_code": {"compound_code": "6HQQ+C8 East Maitland, New South Wales, Australia", "global_code": "4RVH6HQQ+C8"}, "rating": 4.8, "reference": "ChIJKZuTZbxGc2sRYPXKb-DiN40", "scope": "GOOGLE", "types": ["gym", "health", "point_of_interest", "establishment"], "user_ratings_total": 206, "vicinity": "25 Mitchell Dr, East Maitland"}}, {"bus_status": "OPERATIONAL", "name": "World Gym Maitland", "geo": {"location": {"lat": -32.7241816, "lng": 151.5417943}, "viewport": {"northeast": {"lat": -32.72272397010728, "lng": 151.5433791798928}, "southwest": {"lat": -32.72542362989272, "lng": 151.5406795201073}}}, "distance": 1000000, "hour": {"open_now": true}, "photo": "Aap_uEBxPWbkJ6eCJpzVmIz5ONSV47ep38S0H2UyUMA6ZcojYywhwb_I51Zc1_DwTgHr45taZXI8upCHJN7WgkjhKLZXAYA6MYh96MHhwHMEwxzL9ABbZfujRl9VzyjedBsoNMQb6qRNlLKxRERWx58Ls1q6qQ3zy4bqmVTbZUglCzS1IMvb", "price_level": "", "rating": 4.5, "stars": ["checked", "checked", "checked", "checked", ""], "tags": ["gym", "health", "point_of_interest", "establishment"], "user_total_rating": 113, "address": "7/6 Johnson St, Telarah", "map": "https://www.google.com/maps/place/?q=place_id:ChIJNW6XcsNFc2sRO4EcXLbJZLM", "row": {"business_status": "OPERATIONAL", "geometry": {"location": {"lat": -32.7241816, "lng": 151.5417943}, "viewport": {"northeast": {"lat": -32.72272397010728, "lng": 151.5433791798928}, "southwest": {"lat": -32.72542362989272, "lng": 151.5406795201073}}}, "icon": "https://maps.gstatic.com/mapfiles/place_api/icons/v1/png_71/generic_business-71.png", "icon_background_color": "#7B9EB0", "icon_mask_base_uri": "https://maps.gstatic.com/mapfiles/place_api/icons/v2/generic_pinlet", "name": "World Gym Maitland", "opening_hours": {"open_now": true}, "photos": [{"height": 960, "html_attributions": ["<a href=\"https://maps.google.com/maps/contrib/117954164886183720897\">World Gym Maitland</a>"], "photo_reference": "Aap_uEBxPWbkJ6eCJpzVmIz5ONSV47ep38S0H2UyUMA6ZcojYywhwb_I51Zc1_DwTgHr45taZXI8upCHJN7WgkjhKLZXAYA6MYh96MHhwHMEwxzL9ABbZfujRl9VzyjedBsoNMQb6qRNlLKxRERWx58Ls1q6qQ3zy4bqmVTbZUglCzS1IMvb", "width": 720}], "place_id": "ChIJNW6XcsNFc2sRO4EcXLbJZLM", "plus_code": {"compound_code": "7GGR+8P Telarah, New South Wales, Australia", "global_code": "4RVH7GGR+8P"}, "rating": 4.5, "reference": "ChIJNW6XcsNFc2sRO4EcXLbJZLM", "scope": "GOOGLE", "types": ["gym", "health", "point_of_interest", "establishment"], "user_ratings_total": 113, "vicinity": "7/6 Johnson St, Telarah"}}, {"bus_status": "OPERATIONAL", "name": "Anytime Fitness", "geo": {"location": {"lat": -32.8764715, "lng": 151.7202198}, "viewport": {"northeast": {"lat": -32.87509732010728, "lng": 151.7215908798927}, "southwest": {"lat": -32.87779697989272, "lng": 151.7188912201073}}}, "distance": 1000000, "hour": {"open_now": true}, "photo": "Aap_uEAer7MkGwpkdz5HK8gb2S9BIU5Ex14JhdL0UV5tIvG9v_PfWho5QewtRTxrJZgkfU7YmGOHe1XF1bEcGb5Zb9eVWACmTevh8EzaAP8b5oa1TM1Bq_rCujVSQeteM-O5LNoGo0cuhNwshA068gyLtdGJNz7UraOUwquxC1hq2DxGU2pH", "price_level": "", "rating": 4.1, "stars": ["checked", "checked", "checked", "checked", ""], "tags": ["gym", "health", "point_of_interest", "establishment"], "user_total_rating": 61, "address": "19 Riverside Dr, Mayfield West", "map": "https://www.google.com/maps/place/?q=place_id:ChIJI1lwHRsVc2sRjYtU1HzguLE", "row": {"business_status": "OPERATIONAL", "geometry": {"location": {"lat": -32.8764715, "lng": 151.7202198}, "viewport": {"northeast": {"lat": -32.87509732010728, "lng": 151.7215908798927}, "southwest": {"lat": -32.87779697989272, "lng": 151.7188912201073}}}, "icon": "https://maps.gstatic.com/mapfiles/place_api/icons/v1/png_71/generic_business-71.png", "icon_background_color": "#7B9EB0", "icon_mask_base_uri": "https://maps.gstatic.com/mapfiles/place_api/icons/v2/generic_pinlet", "name": "Anytime Fitness", "opening_hours": {"open_now": true}, "photos": [{"height": 1440, "html_attributions": ["<a href=\"https://maps.google.com/maps/contrib/110487109741563403412\">Mayfield, NSW</a>"], "photo_reference": "Aap_uEAer7MkGwpkdz5HK8gb2S9BIU5Ex14JhdL0UV5tIvG9v_PfWho5QewtRTxrJZgkfU7YmGOHe1XF1bEcGb5Zb9eVWACmTevh8EzaAP8b5oa1TM1Bq_rCujVSQeteM-O5LNoGo0cuhNwshA068gyLtdGJNz7UraOUwquxC1hq2DxGU2pH", "width": 1440}], "place_id": "ChIJI1lwHRsVc2sRjYtU1HzguLE", "plus_code": {"compound_code": "4PFC+C3 Mayfield West, New South Wales, Australia", "global_code": "4RVH4PFC+C3"}, "rating": 4.1, "reference": "ChIJI1lwHRsVc2sRjYtU1HzguLE", "scope": "GOOGLE", "types": ["gym", "health", "point_of_interest", "establishment"], "user_ratings_total": 61, "vicinity": "19 Riverside Dr, Mayfield West"}}, {"bus_status": "OPERATIONAL", "name": "Genesis Health and Fitness", "geo": {"location": {"lat": -32.8433677, "lng": 151.353533}, "viewport": {"northeast": {"lat": -32.84209212010727, "lng": 151.3554426298927}, "southwest": {"lat": -32.84479177989272, "lng": 151.3527429701073}}}, "distance": 1000000, "hour": "", "photo": "Aap_uEBoZGwlqzZm2sCqxz1wlOWQ0fXVjDpK-7m1cJwE_6pIHVgerx_x7gzhMN3vFb6ZUmwOyqqcW4ADPQthl4VLihtx1drSj3W06uLZPtg83aa6md8CsAZ50KENeHcLfpi2p6OgyV-A-xW5pQPiV0p8b-_Ntne56gV18JQKmb5N7ztMlYQV", "price_level": "", "rating": 4.9, "stars": ["checked", "checked", "checked", "checked", ""], "tags": ["gym", "health", "point_of_interest", "establishment"], "user_total_rating": 70, "address": "265 Vincent St, Cessnock", "map": "https://www.google.com/maps/place/?q=place_id:ChIJb8FaIJc0c2sRM99d8IN71MM", "row": {"business_status": "OPERATIONAL", "geometry": {"location": {"lat": -32.8433677, "lng": 151.353533}, "viewport": {"northeast": {"lat": -32.84209212010727, "lng": 151.3554426298927}, "southwest": {"lat": -32.84479177989272, "lng": 151.3527429701073}}}, "icon": "https://maps.gstatic.com/mapfiles/place_api/icons/v1/png_71/generic_business-71.png", "icon_background_color": "#7B9EB0", "icon_mask_base_uri": "https://maps.gstatic.com/mapfiles/place_api/icons/v2/generic_pinlet", "name": "Genesis Health and Fitness", "photos": [{"height": 3024, "html_attributions": ["<a href=\"https://maps.google.com/maps/contrib/101809939878282827190\">Genesis Fitness- Cessnock</a>"], "photo_reference": "Aap_uEBoZGwlqzZm2sCqxz1wlOWQ0fXVjDpK-7m1cJwE_6pIHVgerx_x7gzhMN3vFb6ZUmwOyqqcW4ADPQthl4VLihtx1drSj3W06uLZPtg83aa6md8CsAZ50KENeHcLfpi2p6OgyV-A-xW5pQPiV0p8b-_Ntne56gV18JQKmb5N7ztMlYQV", "width": 4032}], "place_id": "ChIJb8FaIJc0c2sRM99d8IN71MM", "plus_code": {"compound_code": "5943+MC Cessnock, New South Wales, Australia", "global_code": "4RVH5943+MC"}, "rating": 4.9, "reference": "ChIJb8FaIJc0c2sRM99d8IN71MM", "scope": "GOOGLE", "types": ["gym", "health", "point_of_interest", "establishment"], "user_ratings_total": 70, "vicinity": "265 Vincent St, Cessnock"}}, {"bus_status": "OPERATIONAL", "name": "Genesis Health and Fitness Rutherford", "geo": {"location": {"lat": -32.710501, "lng": 151.5124846}, "viewport": {"northeast": {"lat": -32.70914717010728, "lng": 151.5138223798927}, "southwest": {"lat": -32.71184682989272, "lng": 151.5111227201073}}}, "distance": 1000000, "hour": {"open_now": true}, "photo": "Aap_uECY3RmSwCBiYxaLruR4uSCMpuZqQh_L-Ldp1xy33p6c06DGI95s18gK_Ww4We6EsOmsdH8FkR9dF0_YjTFtQfReaOLfKHJkGBU2gA_zgq3nW_1GPtLWPozlxrTqwjI1N-l94iIIv7mYmH_pJYSz3-xWaJ2J6u6O5qRF-lcgafP7hVt8", "price_level": "", "rating": 4.5, "stars": ["checked", "checked", "checked", "checked", ""], "tags": ["gym", "health", "point_of_interest", "establishment"], "user_total_rating": 71, "address": "18/343 New England Hwy, Rutherford", "map": "https://www.google.com/maps/place/?q=place_id:ChIJA3oul19Pc2sRGqApFaugpj0", "row": {"business_status": "OPERATIONAL", "geometry": {"location": {"lat": -32.710501, "lng": 151.5124846}, "viewport": {"northeast": {"lat": -32.70914717010728, "lng": 151.5138223798927}, "southwest": {"lat": -32.71184682989272, "lng": 151.5111227201073}}}, "icon": "https://maps.gstatic.com/mapfiles/place_api/icons/v1/png_71/generic_business-71.png", "icon_background_color": "#7B9EB0", "icon_mask_base_uri": "https://maps.gstatic.com/mapfiles/place_api/icons/v2/generic_pinlet", "name": "Genesis Health and Fitness Rutherford", "opening_hours": {"open_now": true}, "photos": [{"height": 4624, "html_attributions": ["<a href=\"https://maps.google.com/maps/contrib/115706867686831298282\">dennis hyde</a>"], "photo_reference": "Aap_uECY3RmSwCBiYxaLruR4uSCMpuZqQh_L-Ldp1xy33p6c06DGI95s18gK_Ww4We6EsOmsdH8FkR9dF0_YjTFtQfReaOLfKHJkGBU2gA_zgq3nW_1GPtLWPozlxrTqwjI1N-l94iIIv7mYmH_pJYSz3-xWaJ2J6u6O5qRF-lcgafP7hVt8", "width": 3468}], "place_id": "ChIJA3oul19Pc2sRGqApFaugpj0", "plus_code": {"compound_code": "7GQ6+QX Rutherford, New South Wales, Australia", "global_code": "4RVH7GQ6+QX"}, "rating": 4.5, "reference": "ChIJA3oul19Pc2sRGqApFaugpj0", "scope": "GOOGLE", "types": ["gym", "health", "point_of_interest", "establishment"], "user_ratings_total": 71, "vicinity": "18/343 New England Hwy, Rutherford"}}, {"bus_status": "OPERATIONAL", "name": "Snap Fitness Cessnock 24/7", "geo": {"location": {"lat": -32.8352768, "lng": 151.3541939}, "viewport": {"northeast": {"lat": -32.83393787010728, "lng": 151.3555845298928}, "southwest": {"lat": -32.83663752989272, "lng": 151.3528848701073}}}, "distance": 1000000, "hour": {"open_now": true}, "photo": "Aap_uEAJYFCBd8pgvHcDKY-_qplAeTmjv0536NbFhMVV46YW1oeagaGTCnP268nNtqiSkY0CWDvHMsKXL8GWiyQvTOKHhrQAzl9ntqBJhUnZRgiUiaDmtdbm3DC1h3MYBCUxXQvMwNPVetqnHRKWtEFlOyrcNn6F3LFoKZd2c3uwmWBH3iDC", "price_level": "", "rating": 4.8, "stars": ["checked", "checked", "checked", "checked", ""], "tags": ["gym", "health", "point_of_interest", "store"], "user_total_rating": 124, "address": "2 North Ave, Cessnock", "map": "https://www.google.com/maps/place/?q=place_id:ChIJQVmbNOs0c2sRUC2HokguvaA", "row": {"business_status": "OPERATIONAL", "geometry": {"location": {"lat": -32.8352768, "lng": 151.3541939}, "viewport": {"northeast": {"lat": -32.83393787010728, "lng": 151.3555845298928}, "southwest": {"lat": -32.83663752989272, "lng": 151.3528848701073}}}, "icon": "https://maps.gstatic.com/mapfiles/place_api/icons/v1/png_71/generic_business-71.png", "icon_background_color": "#7B9EB0", "icon_mask_base_uri": "https://maps.gstatic.com/mapfiles/place_api/icons/v2/generic_pinlet", "name": "Snap Fitness Cessnock 24/7", "opening_hours": {"open_now": true}, "photos": [{"height": 3024, "html_attributions": ["<a href=\"https://maps.google.com/maps/contrib/102554209651888539037\">A Google User</a>"], "photo_reference": "Aap_uEAJYFCBd8pgvHcDKY-_qplAeTmjv0536NbFhMVV46YW1oeagaGTCnP268nNtqiSkY0CWDvHMsKXL8GWiyQvTOKHhrQAzl9ntqBJhUnZRgiUiaDmtdbm3DC1h3MYBCUxXQvMwNPVetqnHRKWtEFlOyrcNn6F3LFoKZd2c3uwmWBH3iDC", "width": 4032}], "place_id": "ChIJQVmbNOs0c2sRUC2HokguvaA", "plus_code": {"compound_code": "5973+VM Cessnock, New South Wales, Australia", "global_code": "4RVH5973+VM"}, "rating": 4.8, "reference": "ChIJQVmbNOs0c2sRUC2HokguvaA", "scope": "GOOGLE", "types": ["gym", "health", "point_of_interest", "store", "establishment"], "user_ratings_total": 124, "vicinity": "2 North Ave, Cessnock"}}, {"bus_status": "OPERATIONAL", "name": "Anytime Fitness", "geo": {"location": {"lat": -32.7152824, "lng": 151.5276357}, "viewport": {"northeast": {"lat": -32.71386217010728, "lng": 151.5289844798928}, "southwest": {"lat": -32.71656182989272, "lng": 151.5262848201073}}}, "distance": 1000000, "hour": {"open_now": false}, "photo": "Aap_uEDjO1KYOGNEe2tYzVlLDbWv0d-B1nacI86bm4ny_TyyTmDERIxUZLQH2sQpQNYeXJa8GHve9ptlIgP28StiH11M2cZRE-Pt4RV95CSkl4vw80OOBoAyyCKER30dFzABXdQzBbBwVX_HJ6rmz9HS3HB2vYt0xjJsDvOFnr4eLk8wMCKv", "price_level": "", "rating": 4.1, "stars": ["checked", "checked", "checked", "checked", ""], "tags": ["gym", "health", "point_of_interest", "establishment"], "user_total_rating": 43, "address": "Shop 11/12 15 N Mall, Rutherford", "map": "https://www.google.com/maps/place/?q=place_id:ChIJn3f6ru1Fc2sRIVNRQ3ho2iI", "row": {"business_status": "OPERATIONAL", "geometry": {"location": {"lat": -32.7152824, "lng": 151.5276357}, "viewport": {"northeast": {"lat": -32.71386217010728, "lng": 151.5289844798928}, "southwest": {"lat": -32.71656182989272, "lng": 151.5262848201073}}}, "icon": "https://maps.gstatic.com/mapfiles/place_api/icons/v1/png_71/generic_business-71.png", "icon_background_color": "#7B9EB0", "icon_mask_base_uri": "https://maps.gstatic.com/mapfiles/place_api/icons/v2/generic_pinlet", "name": "Anytime Fitness", "opening_hours": {"open_now": false}, "photos": [{"height": 3280, "html_attributions": ["<a href=\"https://maps.google.com/maps/contrib/114058135691299669561\">Rutherford, NSW</a>"], "photo_reference": "Aap_uEDjO1KYOGNEe2tYzVlLDbWv0d-B1nacI86bm4ny_TyyTmDERIxUZLQH2sQpQNYeXJa8GHve9ptlIgP28StiH11M2cZRE-Pt4RV95CSkl4vw80OOBoAyyCKER30dFzABXdQzBbBwVX_HJ6rmz9HS3HB2vYt0xjJsDvOFnr4eLk8wMCKv", "width": 4928}], "place_id": "ChIJn3f6ru1Fc2sRIVNRQ3ho2iI", "plus_code": {"compound_code": "7GMH+V3 Rutherford, New South Wales, Australia", "global_code": "4RVH7GMH+V3"}, "rating": 4.1, "reference": "ChIJn3f6ru1Fc2sRIVNRQ3ho2iI", "scope": "GOOGLE", "types": ["gym", "health", "point_of_interest", "establishment"], "user_ratings_total": 43, "vicinity": "Shop 11/12 15 N Mall, Rutherford"}}, {"bus_status": "OPERATIONAL", "name": "F45 Training Greenhills", "geo": {"location": {"lat": -32.7603915, "lng": 151.5898108}, "viewport": {"northeast": {"lat": -32.75909387010728, "lng": 151.5910556298927}, "southwest": {"lat": -32.76179352989272, "lng": 151.5883559701073}}}, "distance": 1000000, "hour": {"open_now": true}, "photo": "", "price_level": "", "rating": 4.8, "stars": ["checked", "checked", "checked", "checked", ""], "tags": ["gym", "health", "point_of_interest", "establishment"], "user_total_rating": 12, "address": "Unit 3/4A Garnett Rd, East Maitland", "map": "https://www.google.com/maps/place/?q=place_id:ChIJ4WNXYbtGc2sR8-3UWyPcSrc", "row": {"business_status": "OPERATIONAL", "geometry": {"location": {"lat": -32.7603915, "lng": 151.5898108}, "viewport": {"northeast": {"lat": -32.75909387010728, "lng": 151.5910556298927}, "southwest": {"lat": -32.76179352989272, "lng": 151.5883559701073}}}, "icon": "https://maps.gstatic.com/mapfiles/place_api/icons/v1/png_71/generic_business-71.png", "icon_background_color": "#7B9EB0", "icon_mask_base_uri": "https://maps.gstatic.com/mapfiles/place_api/icons/v2/generic_pinlet", "name": "F45 Training Greenhills", "opening_hours": {"open_now": true}, "place_id": "ChIJ4WNXYbtGc2sR8-3UWyPcSrc", "plus_code": {"compound_code": "6HQQ+RW East Maitland, New South Wales, Australia", "global_code": "4RVH6HQQ+RW"}, "rating": 4.8, "reference": "ChIJ4WNXYbtGc2sR8-3UWyPcSrc", "scope": "GOOGLE", "types": ["gym", "health", "point_of_interest", "establishment"], "user_ratings_total": 12, "vicinity": "Unit 3/4A Garnett Rd, East Maitland"}}, {"bus_status": "OPERATIONAL", "name": "Anytime Fitness", "geo": {"location": {"lat": -32.8172683, "lng": 151.484848}, "viewport": {"northeast": {"lat": -32.81585967010728, "lng": 151.4863927298927}, "southwest": {"lat": -32.81855932989273, "lng": 151.4836930701073}}}, "distance": 1000000, "hour": {"open_now": false}, "photo": "Aap_uEB7_14LIorbCFYJ6LvT2eccwdSMcDosIBLlkyDQ-1R0jozocZlPMDObcX5x6ZtIrRI1x_EPuQO0er1_VK_JBJ3zIoCVa82nBXiN9n2tjPqPVHodK1HtPYzPx2Yrmp1-OP_t2h3BuVI7s5EaXPLiVTtSZCFaLbL6OPVPhCPJiIOpS5GF", "price_level": "", "rating": 4.5, "stars": ["checked", "checked", "checked", "checked", ""], "tags": ["gym", "health", "point_of_interest", "establishment"], "user_total_rating": 22, "address": "110 Lang St, Kurri Kurri", "map": "https://www.google.com/maps/place/?q=place_id:ChIJ203gYcM3c2sRvbHltf9XVk8", "row": {"business_status": "OPERATIONAL", "geometry": {"location": {"lat": -32.8172683, "lng": 151.484848}, "viewport": {"northeast": {"lat": -32.81585967010728, "lng": 151.4863927298927}, "southwest": {"lat": -32.81855932989273, "lng": 151.4836930701073}}}, "icon": "https://maps.gstatic.com/mapfiles/place_api/icons/v1/png_71/generic_business-71.png", "icon_background_color": "#7B9EB0", "icon_mask_base_uri": "https://maps.gstatic.com/mapfiles/place_api/icons/v2/generic_pinlet", "name": "Anytime Fitness", "opening_hours": {"open_now": false}, "photos": [{"height": 826, "html_attributions": ["<a href=\"https://maps.google.com/maps/contrib/115847545463969133622\">Anytime Fitness Kurri Kurri</a>"], "photo_reference": "Aap_uEB7_14LIorbCFYJ6LvT2eccwdSMcDosIBLlkyDQ-1R0jozocZlPMDObcX5x6ZtIrRI1x_EPuQO0er1_VK_JBJ3zIoCVa82nBXiN9n2tjPqPVHodK1HtPYzPx2Yrmp1-OP_t2h3BuVI7s5EaXPLiVTtSZCFaLbL6OPVPhCPJiIOpS5GF", "width": 1027}], "place_id": "ChIJ203gYcM3c2sRvbHltf9XVk8", "plus_code": {"compound_code": "5FMM+3W Kurri Kurri, New South Wales, Australia", "global_code": "4RVH5FMM+3W"}, "rating": 4.5, "reference": "ChIJ203gYcM3c2sRvbHltf9XVk8", "scope": "GOOGLE", "types": ["gym", "health", "point_of_interest", "establishment"], "user_ratings_total": 22, "vicinity": "110 Lang St, Kurri Kurri"}}, {"bus_status": "OPERATIONAL", "name": "CrossFit Maitland", "geo": {"location": {"lat": -32.739409, "lng": 151.562366}, "viewport": {"northeast": {"lat": -32.73801437010729, "lng": 151.5637806298927}, "southwest": {"lat": -32.74071402989273, "lng": 151.5610809701073}}}, "distance": 1000000, "hour": {"open_now": true}, "photo": "Aap_uEBok9uX52T-Pwh9ERgG3RKkYxi-G9rtsPrGL7L4HeyxFkocd2cw2uN_hN1YK3GWWC2I8278vIJ9yQlnLf5eEGCxKO9q7FB0Lw2Xx2niWy2o71WwHuHQrUQIMuNtHiGLBjc2hBj0coBTgIwfjIFOIY34f5Q3bXF52EB3VOztp9lDawUP", "price_level": "", "rating": 5, "stars": ["checked", "checked", "checked", "checked", "checked"], "tags": ["gym", "health", "point_of_interest", "establishment"], "user_total_rating": 7, "address": "219 High St, Maitland", "map": "https://www.google.com/maps/place/?q=place_id:ChIJb5kW4ypEc2sRts8eqymm8ok", "row": {"business_status": "OPERATIONAL", "geometry": {"location": {"lat": -32.739409, "lng": 151.562366}, "viewport": {"northeast": {"lat": -32.73801437010729, "lng": 151.5637806298927}, "southwest": {"lat": -32.74071402989273, "lng": 151.5610809701073}}}, "icon": "https://maps.gstatic.com/mapfiles/place_api/icons/v1/png_71/generic_business-71.png", "icon_background_color": "#7B9EB0", "icon_mask_base_uri": "https://maps.gstatic.com/mapfiles/place_api/icons/v2/generic_pinlet", "name": "CrossFit Maitland", "opening_hours": {"open_now": true}, "photos": [{"height": 640, "html_attributions": ["<a href=\"https://maps.google.com/maps/contrib/104790297275049386702\">CrossFit Maitland</a>"], "photo_reference": "Aap_uEBok9uX52T-Pwh9ERgG3RKkYxi-G9rtsPrGL7L4HeyxFkocd2cw2uN_hN1YK3GWWC2I8278vIJ9yQlnLf5eEGCxKO9q7FB0Lw2Xx2niWy2o71WwHuHQrUQIMuNtHiGLBjc2hBj0coBTgIwfjIFOIY34f5Q3bXF52EB3VOztp9lDawUP", "width": 960}], "place_id": "ChIJb5kW4ypEc2sRts8eqymm8ok", "plus_code": {"compound_code": "7H66+6W Maitland, New South Wales, Australia", "global_code": "4RVH7H66+6W"}, "rating": 5, "reference": "ChIJb5kW4ypEc2sRts8eqymm8ok", "scope": "GOOGLE", "types": ["gym", "health", "point_of_interest", "establishment"], "user_ratings_total": 7, "vicinity": "219 High St, Maitland"}}, {"bus_status": "OPERATIONAL", "name": "Balance Collective", "geo": {"location": {"lat": -32.8923721, "lng": 151.7425384}, "viewport": {"northeast": {"lat": -32.89093327010728, "lng": 151.7444135298927}, "southwest": {"lat": -32.89363292989272, "lng": 151.7417138701073}}}, "distance": 1000000, "hour": {"open_now": false}, "photo": "Aap_uEAPnd_b0e5rnD2vKMStMegWVdtwPhLGqNdZLMeo3vHB7LGO-5Y0D8pvTshfnKSkjs8RzqcyOz7cQL_LsaoHSCS5qKErBnf6rDM9U0ayT3QGoUkHrCutmuxBUp42kcjVG3yBl_oAnTOkbDuSGCS-RIIAJTheBVi5MwGNIIoiFX9NBJZU", "price_level": "", "rating": 4.5, "stars": ["checked", "checked", "checked", "checked", ""], "tags": ["gym", "health", "point_of_interest", "establishment"], "user_total_rating": 204, "address": "corner Industrial Dr &, William St, Mayfield", "map": "https://www.google.com/maps/place/?q=place_id:ChIJC_sBHh8Vc2sRkJP4Qc9Z-u4", "row": {"business_status": "OPERATIONAL", "geometry": {"location": {"lat": -32.8923721, "lng": 151.7425384}, "viewport": {"northeast": {"lat": -32.89093327010728, "lng": 151.7444135298927}, "southwest": {"lat": -32.89363292989272, "lng": 151.7417138701073}}}, "icon": "https://maps.gstatic.com/mapfiles/place_api/icons/v1/png_71/generic_business-71.png", "icon_background_color": "#7B9EB0", "icon_mask_base_uri": "https://maps.gstatic.com/mapfiles/place_api/icons/v2/generic_pinlet", "name": "Balance Collective", "opening_hours": {"open_now": false}, "photos": [{"height": 1836, "html_attributions": ["<a href=\"https://maps.google.com/maps/contrib/113719639442868633401\">Ashley Hughes</a>"], "photo_reference": "Aap_uEAPnd_b0e5rnD2vKMStMegWVdtwPhLGqNdZLMeo3vHB7LGO-5Y0D8pvTshfnKSkjs8RzqcyOz7cQL_LsaoHSCS5qKErBnf6rDM9U0ayT3QGoUkHrCutmuxBUp42kcjVG3yBl_oAnTOkbDuSGCS-RIIAJTheBVi5MwGNIIoiFX9NBJZU", "width": 3264}], "place_id": "ChIJC_sBHh8Vc2sRkJP4Qc9Z-u4", "plus_code": {"compound_code": "4P5V+32 Mayfield, New South Wales, Australia", "global_code": "4RVH4P5V+32"}, "rating": 4.5, "reference": "ChIJC_sBHh8Vc2sRkJP4Qc9Z-u4", "scope": "GOOGLE", "types": ["gym", "health", "point_of_interest", "establishment"], "user_ratings_total": 204, "vicinity": "corner Industrial Dr &, William St, Mayfield"}}, {"bus_status": "OPERATIONAL", "name": "F45 Training Cessnock", "geo": {"location": {"lat": -32.8409194, "lng": 151.3563476}, "viewport": {"northeast": {"lat": -32.83975262010728, "lng": 151.3576365798927}, "southwest": {"lat": -32.84245227989272, "lng": 151.3549369201072}}}, "distance": 1000000, "hour": {"open_now": false}, "photo": "Aap_uEDA1l4B6PZGvLSHINU3GhlpR7tUttoc_99-oIpXrCT-_KN9RUbd-3QCRcDyvbCt3IR8LkMQTmiwKQzsowSGEIWqBmlnKPPTcalcOOkXWCAXZQAscI1IHHBzH7rldr2Q0cJ-7ACR_yh_O6p9gMcg5x5U15WGqaEmDoBHd1xVsckndJmB", "price_level": "", "rating": 5, "stars": ["checked", "checked", "checked", "checked", "checked"], "tags": ["gym", "health", "point_of_interest", "establishment"], "user_total_rating": 23, "address": "6 Cessnock St, Cessnock", "map": "https://www.google.com/maps/place/?q=place_id:ChIJ7aa8xm81c2sRfapg8a5USgk", "row": {"business_status": "OPERATIONAL", "geometry": {"location": {"lat": -32.8409194, "lng": 151.3563476}, "viewport": {"northeast": {"lat": -32.83975262010728, "lng": 151.3576365798927}, "southwest": {"lat": -32.84245227989272, "lng": 151.3549369201072}}}, "icon": "https://maps.gstatic.com/mapfiles/place_api/icons/v1/png_71/generic_business-71.png", "icon_background_color": "#7B9EB0", "icon_mask_base_uri": "https://maps.gstatic.com/mapfiles/place_api/icons/v2/generic_pinlet", "name": "F45 Training Cessnock", "opening_hours": {"open_now": false}, "photos": [{"height": 720, "html_attributions": ["<a href=\"https://maps.google.com/maps/contrib/110522204255798948100\">A Google User</a>"], "photo_reference": "Aap_uEDA1l4B6PZGvLSHINU3GhlpR7tUttoc_99-oIpXrCT-_KN9RUbd-3QCRcDyvbCt3IR8LkMQTmiwKQzsowSGEIWqBmlnKPPTcalcOOkXWCAXZQAscI1IHHBzH7rldr2Q0cJ-7ACR_yh_O6p9gMcg5x5U15WGqaEmDoBHd1xVsckndJmB", "width": 720}], "place_id": "ChIJ7aa8xm81c2sRfapg8a5USgk", "plus_code": {"compound_code": "5954+JG Cessnock, New South Wales, Australia", "global_code": "4RVH5954+JG"}, "rating": 5, "reference": "ChIJ7aa8xm81c2sRfapg8a5USgk", "scope": "GOOGLE", "types": ["gym", "health", "point_of_interest", "establishment"], "user_ratings_total": 23, "vicinity": "6 Cessnock St, Cessnock"}}, {"bus_status": "OPERATIONAL", "name": "CrossFit Origin", "geo": {"location": {"lat": -32.7880821, "lng": 151.6396789}, "viewport": {"northeast": {"lat": -32.78671682010728, "lng": 151.6409105298927}, "southwest": {"lat": -32.78941647989272, "lng": 151.6382108701073}}}, "distance": 1000000, "hour": {"open_now": false}, "photo": "Aap_uEARBrC_t9bBgD6uOvWrfj_flvWwvywuQtIqHMAA31Vy0wEgl6JKFlmeNwkizR-lSXm3kQ4_spTYOxivPdHe2ub880DzYfUlh-oUYRsxcofLJrE-viZ1meq28VS9lfWj7A3UpMFk-P5U8vMoIzWmgnsLnkUzhw3_jSIZW7CViXoI6hBF", "price_level": "", "rating": 5, "stars": ["checked", "checked", "checked", "checked", "checked"], "tags": ["secondary_school", "school", "gym", "health"], "user_total_rating": 7, "address": "3 Woodford Pl, Thornton", "map": "https://www.google.com/maps/place/?q=place_id:ChIJwfFSOxdBc2sR_bxfDq6AGy4", "row": {"business_status": "OPERATIONAL", "geometry": {"location": {"lat": -32.7880821, "lng": 151.6396789}, "viewport": {"northeast": {"lat": -32.78671682010728, "lng": 151.6409105298927}, "southwest": {"lat": -32.78941647989272, "lng": 151.6382108701073}}}, "icon": "https://maps.gstatic.com/mapfiles/place_api/icons/v1/png_71/generic_business-71.png", "icon_background_color": "#7B9EB0", "icon_mask_base_uri": "https://maps.gstatic.com/mapfiles/place_api/icons/v2/generic_pinlet", "name": "CrossFit Origin", "opening_hours": {"open_now": false}, "photos": [{"height": 2000, "html_attributions": ["<a href=\"https://maps.google.com/maps/contrib/111486937133280951375\">CrossFit Origin</a>"], "photo_reference": "Aap_uEARBrC_t9bBgD6uOvWrfj_flvWwvywuQtIqHMAA31Vy0wEgl6JKFlmeNwkizR-lSXm3kQ4_spTYOxivPdHe2ub880DzYfUlh-oUYRsxcofLJrE-viZ1meq28VS9lfWj7A3UpMFk-P5U8vMoIzWmgnsLnkUzhw3_jSIZW7CViXoI6hBF", "width": 3000}], "place_id": "ChIJwfFSOxdBc2sR_bxfDq6AGy4", "plus_code": {"compound_code": "6J6Q+QV Thornton, New South Wales, Australia", "global_code": "4RVH6J6Q+QV"}, "rating": 5, "reference": "ChIJwfFSOxdBc2sR_bxfDq6AGy4", "scope": "GOOGLE", "types": ["secondary_school", "school", "gym", "health", "point_of_interest", "establishment"], "user_ratings_total": 7, "vicinity": "3 Woodford Pl, Thornton"}}]