[{"bus_status": "OPERATIONAL", "name": "Anytime Fitness", "geo": {"location": {"lat": -33.6527211, "lng": 115.3405419}, "viewport": {"northeast": {"lat": -33.65143607010728, "lng": 115.3418837798927}, "southwest": {"lat": -33.65413572989272, "lng": 115.3391841201073}}}, "distance": 1000000, "hour": {"open_now": false}, "photo": "Aap_uEBzanSm7Fdwyjh1MGlQOoWxMZQa4IP9fOTdaCCa3P_jyEThxKjF2vZZcAjzvbtEF6qDCWIWUFFKpF10Xw0mVV2ZP-TvASujt2I3ng4xHm0zRYD5-JFWE5qcj_F7QWRA-DZS9teejgdQ7BBGaTUuS7X8Miy585VUt9jIJo5cbjdXqgCG", "price_level": "", "rating": 5, "stars": ["checked", "checked", "checked", "checked", "checked"], "tags": ["gym", "health", "point_of_interest", "establishment"], "user_total_rating": 117, "address": "1/7 Bussell Hwy, Busselton", "map": "https://www.google.com/maps/place/?q=place_id:ChIJFQbI--A5LioRnU0whVMoVsY", "row": {"business_status": "OPERATIONAL", "geometry": {"location": {"lat": -33.6527211, "lng": 115.3405419}, "viewport": {"northeast": {"lat": -33.65143607010728, "lng": 115.3418837798927}, "southwest": {"lat": -33.65413572989272, "lng": 115.3391841201073}}}, "icon": "https://maps.gstatic.com/mapfiles/place_api/icons/v1/png_71/generic_business-71.png", "icon_background_color": "#7B9EB0", "icon_mask_base_uri": "https://maps.gstatic.com/mapfiles/place_api/icons/v2/generic_pinlet", "name": "Anytime Fitness", "opening_hours": {"open_now": false}, "photos": [{"height": 4032, "html_attributions": ["<a href=\"https://maps.google.com/maps/contrib/114344092966345957856\">A Google User</a>"], "photo_reference": "Aap_uEBzanSm7Fdwyjh1MGlQOoWxMZQa4IP9fOTdaCCa3P_jyEThxKjF2vZZcAjzvbtEF6qDCWIWUFFKpF10Xw0mVV2ZP-TvASujt2I3ng4xHm0zRYD5-JFWE5qcj_F7QWRA-DZS9teejgdQ7BBGaTUuS7X8Miy585VUt9jIJo5cbjdXqgCG", "width": 3024}], "place_id": "ChIJFQbI--A5LioRnU0whVMoVsY", "plus_code": {"compound_code": "88WR+W6 Busselton, Western Australia, Australia", "global_code": "4PRQ88WR+W6"}, "rating": 5, "reference": "ChIJFQbI--A5LioRnU0whVMoVsY", "scope": "GOOGLE", "types": ["gym", "health", "point_of_interest", "establishment"], "user_ratings_total": 117, "vicinity": "1/7 Bussell Hwy, Busselton"}}, {"bus_status": "OPERATIONAL", "name": "Dunsborough Gym", "geo": {"location": {"lat": -33.633163, "lng": 115.117224}, "viewport": {"northeast": {"lat": -33.63171062010728, "lng": 115.1184058298927}, "southwest": {"lat": -33.63441027989272, "lng": 115.1157061701073}}}, "distance": 1000000, "hour": {"open_now": true}, "photo": "Aap_uEAvvsLD_Tj1aFGcpCHZdQUvcqMOAkJX65z0Xojq1taxFBW2S_ru73CUS3AhOjAat-3mIp07CSAu8IUF6jp0ng6_Go_jg_wROnSjrqDgyd4c6IbV8SxbbXD3h8rYSErnZBqVxK8jPBfJfCY-_kHQBjgBb8JMWfwKNO6GPMtRtQGsqWsH", "price_level": "", "rating": 5, "stars": ["checked", "checked", "checked", "checked", "checked"], "tags": ["gym", "health", "point_of_interest", "establishment"], "user_total_rating": 21, "address": "2/30 Faure Ln, Dunsborough", "map": "https://www.google.com/maps/place/?q=place_id:ChIJUbaF9d9CLioRW3Sxwpdrg4E", "row": {"business_status": "OPERATIONAL", "geometry": {"location": {"lat": -33.633163, "lng": 115.117224}, "viewport": {"northeast": {"lat": -33.63171062010728, "lng": 115.1184058298927}, "southwest": {"lat": -33.63441027989272, "lng": 115.1157061701073}}}, "icon": "https://maps.gstatic.com/mapfiles/place_api/icons/v1/png_71/generic_business-71.png", "icon_background_color": "#7B9EB0", "icon_mask_base_uri": "https://maps.gstatic.com/mapfiles/place_api/icons/v2/generic_pinlet", "name": "Dunsborough Gym", "opening_hours": {"open_now": true}, "photos": [{"height": 480, "html_attributions": ["<a href=\"https://maps.google.com/maps/contrib/108159876842723260938\">A Google User</a>"], "photo_reference": "Aap_uEAvvsLD_Tj1aFGcpCHZdQUvcqMOAkJX65z0Xojq1taxFBW2S_ru73CUS3AhOjAat-3mIp07CSAu8IUF6jp0ng6_Go_jg_wROnSjrqDgyd4c6IbV8SxbbXD3h8rYSErnZBqVxK8jPBfJfCY-_kHQBjgBb8JMWfwKNO6GPMtRtQGsqWsH", "width": 640}], "place_id": "ChIJUbaF9d9CLioRW3Sxwpdrg4E", "plus_code": {"compound_code": "9488+PV Dunsborough, Western Australia, Australia", "global_code": "4PRQ9488+PV"}, "rating": 5, "reference": "ChIJUbaF9d9CLioRW3Sxwpdrg4E", "scope": "GOOGLE", "types": ["gym", "health", "point_of_interest", "establishment"], "user_ratings_total": 21, "vicinity": "2/30 Faure Ln, Dunsborough"}}, {"bus_status": "OPERATIONAL", "name": "Busselton Fitness Club", "geo": {"location": {"lat": -33.6510732, "lng": 115.3276156}, "viewport": {"northeast": {"lat": -33.64978922010728, "lng": 115.3288496798927}, "southwest": {"lat": -33.65248887989272, "lng": 115.3261500201073}}}, "distance": 1000000, "hour": {"open_now": true}, "photo": "", "price_level": "", "rating": 5, "stars": ["checked", "checked", "checked", "checked", "checked"], "tags": ["gym", "health", "point_of_interest", "establishment"], "user_total_rating": 6, "address": "West Busselton", "map": "https://www.google.com/maps/place/?q=place_id:ChIJvY8GuEw5LioRtoEkibB7G_s", "row": {"business_status": "OPERATIONAL", "geometry": {"location": {"lat": -33.6510732, "lng": 115.3276156}, "viewport": {"northeast": {"lat": -33.64978922010728, "lng": 115.3288496798927}, "southwest": {"lat": -33.65248887989272, "lng": 115.3261500201073}}}, "icon": "https://maps.gstatic.com/mapfiles/place_api/icons/v1/png_71/generic_business-71.png", "icon_background_color": "#7B9EB0", "icon_mask_base_uri": "https://maps.gstatic.com/mapfiles/place_api/icons/v2/generic_pinlet", "name": "Busselton Fitness Club", "opening_hours": {"open_now": true}, "place_id": "ChIJvY8GuEw5LioRtoEkibB7G_s", "plus_code": {"compound_code": "88XH+H2 West Busselton, Western Australia, Australia", "global_code": "4PRQ88XH+H2"}, "rating": 5, "reference": "ChIJvY8GuEw5LioRtoEkibB7G_s", "scope": "GOOGLE", "types": ["gym", "health", "point_of_interest", "establishment"], "user_ratings_total": 6, "vicinity": "West Busselton"}}, {"bus_status": "OPERATIONAL", "name": "Jetts Busselton", "geo": {"location": {"lat": -33.6652653, "lng": 115.3496224}, "viewport": {"northeast": {"lat": -33.66401657010728, "lng": 115.3509733798928}, "southwest": {"lat": -33.66671622989272, "lng": 115.3482737201073}}}, "distance": 1000000, "hour": {"open_now": true}, "photo": "Aap_uEBe394fYbgOv5BExoo93agSz-UPccMb0v56a3SVe4tFXa1tkIUFLX7qYZ8f4gVuGDVMg0LEIWsui1u1cGv78prnRsIARnahXLWSW00y2yRPgXJPdwR9DGt-GWs5vhDFEPS46GHxJXi4UEw3Bo8E28iOtXjRRl_Izjb9boHhz8JsrDAL", "price_level": "", "rating": 3.4, "stars": ["checked", "checked", "checked", "", ""], "tags": ["gym", "health", "point_of_interest", "establishment"], "user_total_rating": 23, "address": "home depot, 12/115 west Busselton, cnr Strelly St, Busselton", "map": "https://www.google.com/maps/place/?q=place_id:ChIJaTz02PY4LioRrvYra6W7oI8", "row": {"business_status": "OPERATIONAL", "geometry": {"location": {"lat": -33.6652653, "lng": 115.3496224}, "viewport": {"northeast": {"lat": -33.66401657010728, "lng": 115.3509733798928}, "southwest": {"lat": -33.66671622989272, "lng": 115.3482737201073}}}, "icon": "https://maps.gstatic.com/mapfiles/place_api/icons/v1/png_71/generic_business-71.png", "icon_background_color": "#7B9EB0", "icon_mask_base_uri": "https://maps.gstatic.com/mapfiles/place_api/icons/v2/generic_pinlet", "name": "Jetts Busselton", "opening_hours": {"open_now": true}, "photos": [{"height": 3036, "html_attributions": ["<a href=\"https://maps.google.com/maps/contrib/104240030164058709019\">Rory Innes</a>"], "photo_reference": "Aap_uEBe394fYbgOv5BExoo93agSz-UPccMb0v56a3SVe4tFXa1tkIUFLX7qYZ8f4gVuGDVMg0LEIWsui1u1cGv78prnRsIARnahXLWSW00y2yRPgXJPdwR9DGt-GWs5vhDFEPS46GHxJXi4UEw3Bo8E28iOtXjRRl_Izjb9boHhz8JsrDAL", "width": 4048}], "place_id": "ChIJaTz02PY4LioRrvYra6W7oI8", "plus_code": {"compound_code": "88MX+VR Busselton, Western Australia, Australia", "global_code": "4PRQ88MX+VR"}, "rating": 3.4, "reference": "ChIJaTz02PY4LioRrvYra6W7oI8", "scope": "GOOGLE", "types": ["gym", "health", "point_of_interest", "establishment"], "user_ratings_total": 23, "vicinity": "home depot, 12/115 west Busselton, cnr Strelly St, Busselton"}}, {"bus_status": "OPERATIONAL", "name": "F45 Training Vasse", "geo": {"location": {"lat": -33.6800542, "lng": 115.2335861}, "viewport": {"northeast": {"lat": -33.67864487010728, "lng": 115.2349593298927}, "southwest": {"lat": -33.68134452989272, "lng": 115.2322596701073}}}, "distance": 1000000, "hour": {"open_now": false}, "photo": "Aap_uEDoJg2bi1FMXSDpQvs4RbvwObuSbrX7sf5hTwH_LDVieTcMI3pVTMYLG-cehYmswOj2Xy-4Y9UIgzHUA7OX5hRZmCiVofGq-yCyvU4q4z1u2HJuTcCA06zT_jdeYbz6teiYGUmkA461E6wXYOS4q85QX6dJzbEQqpQ-9fEgo0PGGsGY", "price_level": "", "rating": 5, "stars": ["checked", "checked", "checked", "checked", "checked"], "tags": ["gym", "health", "point_of_interest", "establishment"], "user_total_rating": 34, "address": "2/20 Burler Dr, Vasse", "map": "https://www.google.com/maps/place/?q=place_id:ChIJlRs7U-JGLioRIZUaEh2wv2M", "row": {"business_status": "OPERATIONAL", "geometry": {"location": {"lat": -33.6800542, "lng": 115.2335861}, "viewport": {"northeast": {"lat": -33.67864487010728, "lng": 115.2349593298927}, "southwest": {"lat": -33.68134452989272, "lng": 115.2322596701073}}}, "icon": "https://maps.gstatic.com/mapfiles/place_api/icons/v1/png_71/generic_business-71.png", "icon_background_color": "#7B9EB0", "icon_mask_base_uri": "https://maps.gstatic.com/mapfiles/place_api/icons/v2/generic_pinlet", "name": "F45 Training Vasse", "opening_hours": {"open_now": false}, "photos": [{"height": 1545, "html_attributions": ["<a href=\"https://maps.google.com/maps/contrib/115918356522836691991\">F45 Training Vasse</a>"], "photo_reference": "Aap_uEDoJg2bi1FMXSDpQvs4RbvwObuSbrX7sf5hTwH_LDVieTcMI3pVTMYLG-cehYmswOj2Xy-4Y9UIgzHUA7OX5hRZmCiVofGq-yCyvU4q4z1u2HJuTcCA06zT_jdeYbz6teiYGUmkA461E6wXYOS4q85QX6dJzbEQqpQ-9fEgo0PGGsGY", "width": 2744}], "place_id": "ChIJlRs7U-JGLioRIZUaEh2wv2M", "plus_code": {"compound_code": "869M+XC Vasse, Western Australia, Australia", "global_code": "4PRQ869M+XC"}, "rating": 5, "reference": "ChIJlRs7U-JGLioRIZUaEh2wv2M", "scope": "GOOGLE", "types": ["gym", "health", "point_of_interest", "establishment"], "user_ratings_total": 34, "vicinity": "2/20 Burler Dr, Vasse"}}, {"bus_status": "OPERATIONAL", "name": "Unit VIII Strength and Fitness", "geo": {"location": {"lat": -33.6330213, "lng": 115.1173137}, "viewport": {"northeast": {"lat": -33.63157587010726, "lng": 115.1185069298927}, "southwest": {"lat": -33.63427552989271, "lng": 115.1158072701073}}}, "distance": 1000000, "hour": {"open_now": true}, "photo": "Aap_uECEtyEONG0OQulLDMVqzDKFFqqytHN6URdODjNZK7wY1Ppdphx6Wu88tlp7fY7TbVoEZExI2ols8kSuRRchTcXkt8eHS-CgOc51HFQwNguVFQArY-ajubv6Z0Tz31AabH5gRtv9IIWFSITmhO1GRhHINQek3bghBAYz-iQ4oeyeCOXD", "price_level": "", "rating": 5, "stars": ["checked", "checked", "checked", "checked", "checked"], "tags": ["gym", "health", "point_of_interest", "establishment"], "user_total_rating": 9, "address": "4/28 Faure Ln, Dunsborough", "map": "https://www.google.com/maps/place/?q=place_id:ChIJ26F4VWxDLioRibqlowqTx28", "row": {"business_status": "OPERATIONAL", "geometry": {"location": {"lat": -33.6330213, "lng": 115.1173137}, "viewport": {"northeast": {"lat": -33.63157587010726, "lng": 115.1185069298927}, "southwest": {"lat": -33.63427552989271, "lng": 115.1158072701073}}}, "icon": "https://maps.gstatic.com/mapfiles/place_api/icons/v1/png_71/generic_business-71.png", "icon_background_color": "#7B9EB0", "icon_mask_base_uri": "https://maps.gstatic.com/mapfiles/place_api/icons/v2/generic_pinlet", "name": "Unit VIII Strength and Fitness", "opening_hours": {"open_now": true}, "photos": [{"height": 1282, "html_attributions": ["<a href=\"https://maps.google.com/maps/contrib/103186764755940733991\">A Google User</a>"], "photo_reference": "Aap_uECEtyEONG0OQulLDMVqzDKFFqqytHN6URdODjNZK7wY1Ppdphx6Wu88tlp7fY7TbVoEZExI2ols8kSuRRchTcXkt8eHS-CgOc51HFQwNguVFQArY-ajubv6Z0Tz31AabH5gRtv9IIWFSITmhO1GRhHINQek3bghBAYz-iQ4oeyeCOXD", "width": 1920}], "place_id": "ChIJ26F4VWxDLioRibqlowqTx28", "plus_code": {"compound_code": "9488+QW Dunsborough, Western Australia, Australia", "global_code": "4PRQ9488+QW"}, "rating": 5, "reference": "ChIJ26F4VWxDLioRibqlowqTx28", "scope": "GOOGLE", "types": ["gym", "health", "point_of_interest", "establishment"], "user_ratings_total": 9, "vicinity": "4/28 Faure Ln, Dunsborough"}}, {"bus_status": "OPERATIONAL", "name": "The Shed - Small Group Training Studio", "geo": {"location": {"lat": -33.6600493, "lng": 115.3492977}, "viewport": {"northeast": {"lat": -33.65858972010728, "lng": 115.3507426798927}, "southwest": {"lat": -33.66128937989272, "lng": 115.3480430201073}}}, "distance": 1000000, "hour": {"open_now": false}, "photo": "Aap_uEAD4p6FX5fNvsjmjRdaKTq99e81HxJiRnQLOqUVKn_mSPJ-5HwCGmvKY5A83DGVU9ZNB6iuWtfd5XEUb6uitVyB7E76wG651O9kkWbDXvnFi5httcofGX6sch9QGn3wS8p80dk49PT7Oxlh2ldeLIhBQsX4ZHUMGyap_lfoXUckbQAg", "price_level": "", "rating": 4.2, "stars": ["checked", "checked", "checked", "checked", ""], "tags": ["gym", "health", "point_of_interest", "establishment"], "user_total_rating": 5, "address": "3/56 Strelly St, Busselton", "map": "https://www.google.com/maps/place/?q=place_id:ChIJ-ci3LAw5LioRQc17CZMxhgg", "row": {"business_status": "OPERATIONAL", "geometry": {"location": {"lat": -33.6600493, "lng": 115.3492977}, "viewport": {"northeast": {"lat": -33.65858972010728, "lng": 115.3507426798927}, "southwest": {"lat": -33.66128937989272, "lng": 115.3480430201073}}}, "icon": "https://maps.gstatic.com/mapfiles/place_api/icons/v1/png_71/generic_business-71.png", "icon_background_color": "#7B9EB0", "icon_mask_base_uri": "https://maps.gstatic.com/mapfiles/place_api/icons/v2/generic_pinlet", "name": "The Shed - Small Group Training Studio", "opening_hours": {"open_now": false}, "photos": [{"height": 720, "html_attributions": ["<a href=\"https://maps.google.com/maps/contrib/115910421410701033236\">A Google User</a>"], "photo_reference": "Aap_uEAD4p6FX5fNvsjmjRdaKTq99e81HxJiRnQLOqUVKn_mSPJ-5HwCGmvKY5A83DGVU9ZNB6iuWtfd5XEUb6uitVyB7E76wG651O9kkWbDXvnFi5httcofGX6sch9QGn3wS8p80dk49PT7Oxlh2ldeLIhBQsX4ZHUMGyap_lfoXUckbQAg", "width": 960}], "place_id": "ChIJ-ci3LAw5LioRQc17CZMxhgg", "plus_code": {"compound_code": "88QX+XP Busselton, Western Australia, Australia", "global_code": "4PRQ88QX+XP"}, "rating": 4.2, "reference": "ChIJ-ci3LAw5LioRQc17CZMxhgg", "scope": "GOOGLE", "types": ["gym", "health", "point_of_interest", "establishment"], "user_ratings_total": 5, "vicinity": "3/56 Strelly St, Busselton"}}, {"bus_status": "OPERATIONAL", "name": "Geographe Leisure Centre", "geo": {"location": {"lat": -33.6668864, "lng": 115.3252695}, "viewport": {"northeast": {"lat": -33.66563902010728, "lng": 115.3265731798927}, "southwest": {"lat": -33.66833867989272, "lng": 115.3238735201073}}}, "distance": 1000000, "hour": {"open_now": false}, "photo": "Aap_uEAraFXH2v9FfrQbFuHkhQUZlKG9ZcQwJ-rDlcXO8eIZM9NGTfpqq4qBtHx5WSWZ0qk9Ka5njetSFeNpMWG_LgGahW_vrFnfJ8_PI59jpefGiEvrA7JBh7idmzXETA87hIieAKITEo_1B0bO0kjfQqum8j7LY-L7aH9y2Ih-f9KZ2qvm", "price_level": "", "rating": 4.4, "stars": ["checked", "checked", "checked", "checked", ""], "tags": ["point_of_interest", "establishment"], "user_total_rating": 67, "address": "Recreation Ln &, Queen Elizabeth Ave, West Busselton", "map": "https://www.google.com/maps/place/?q=place_id:ChIJ7xhWdfw4LioRy0rIt6wW8OI", "row": {"business_status": "OPERATIONAL", "geometry": {"location": {"lat": -33.6668864, "lng": 115.3252695}, "viewport": {"northeast": {"lat": -33.66563902010728, "lng": 115.3265731798927}, "southwest": {"lat": -33.66833867989272, "lng": 115.3238735201073}}}, "icon": "https://maps.gstatic.com/mapfiles/place_api/icons/v1/png_71/generic_business-71.png", "icon_background_color": "#7B9EB0", "icon_mask_base_uri": "https://maps.gstatic.com/mapfiles/place_api/icons/v2/generic_pinlet", "name": "Geographe Leisure Centre", "opening_hours": {"open_now": false}, "photos": [{"height": 4000, "html_attributions": ["<a href=\"https://maps.google.com/maps/contrib/115394923056706014477\">Geographe Leisure Centre</a>"], "photo_reference": "Aap_uEAraFXH2v9FfrQbFuHkhQUZlKG9ZcQwJ-rDlcXO8eIZM9NGTfpqq4qBtHx5WSWZ0qk9Ka5njetSFeNpMWG_LgGahW_vrFnfJ8_PI59jpefGiEvrA7JBh7idmzXETA87hIieAKITEo_1B0bO0kjfQqum8j7LY-L7aH9y2Ih-f9KZ2qvm", "width": 6000}], "place_id": "ChIJ7xhWdfw4LioRy0rIt6wW8OI", "plus_code": {"compound_code": "88MG+64 West Busselton, Western Australia, Australia", "global_code": "4PRQ88MG+64"}, "rating": 4.4, "reference": "ChIJ7xhWdfw4LioRy0rIt6wW8OI", "scope": "GOOGLE", "types": ["point_of_interest", "establishment"], "user_ratings_total": 67, "vicinity": "Recreation Ln &, Queen Elizabeth Ave, West Busselton"}}, {"bus_status": "OPERATIONAL", "name": "World Gym Busselton", "geo": {"location": {"lat": -33.6547486, "lng": 115.3420221}, "viewport": {"northeast": {"lat": -33.65338742010727, "lng": 115.3431971298928}, "southwest": {"lat": -33.65608707989272, "lng": 115.3404974701073}}}, "distance": 1000000, "hour": {}, "photo": "Aap_uECXyqmLef7amRM9D12Ed-4qf0PWaCGWY-TK-KVfCysGWLEAoKVWs0vU_7T7AQpZZKOPVKvWz1EkAGNSGOvPhaJ9L5nVZ_weLMDZvtcH2Ahx4G_0zgA5PBk8uqITGU77v5AU4JXZXedU5VjL1ylbwlZ2a6_ukdtAZhf7xR7jBvNmEdIu", "price_level": "", "rating": 0, "stars": ["", "", "", "", ""], "tags": ["gym", "health", "point_of_interest", "establishment"], "user_total_rating": 0, "address": "5/81-93 West St, Busselton", "map": "https://www.google.com/maps/place/?q=place_id:ChIJiVJygPw5LioR1Wu03Rf0uco", "row": {"business_status": "OPERATIONAL", "geometry": {"location": {"lat": -33.6547486, "lng": 115.3420221}, "viewport": {"northeast": {"lat": -33.65338742010727, "lng": 115.3431971298928}, "southwest": {"lat": -33.65608707989272, "lng": 115.3404974701073}}}, "icon": "https://maps.gstatic.com/mapfiles/place_api/icons/v1/png_71/generic_business-71.png", "icon_background_color": "#7B9EB0", "icon_mask_base_uri": "https://maps.gstatic.com/mapfiles/place_api/icons/v2/generic_pinlet", "name": "World Gym Busselton", "opening_hours": {}, "photos": [{"height": 475, "html_attributions": ["<a href=\"https://maps.google.com/maps/contrib/115185800828450707970\">A Google User</a>"], "photo_reference": "Aap_uECXyqmLef7amRM9D12Ed-4qf0PWaCGWY-TK-KVfCysGWLEAoKVWs0vU_7T7AQpZZKOPVKvWz1EkAGNSGOvPhaJ9L5nVZ_weLMDZvtcH2Ahx4G_0zgA5PBk8uqITGU77v5AU4JXZXedU5VjL1ylbwlZ2a6_ukdtAZhf7xR7jBvNmEdIu", "width": 2398}], "place_id": "ChIJiVJygPw5LioR1Wu03Rf0uco", "plus_code": {"compound_code": "88WR+4R Busselton, Western Australia, Australia", "global_code": "4PRQ88WR+4R"}, "reference": "ChIJiVJygPw5LioR1Wu03Rf0uco", "scope": "GOOGLE", "types": ["gym", "health", "point_of_interest", "establishment"], "vicinity": "5/81-93 West St, Busselton"}}]