[{"bus_status": "OPERATIONAL", "name": "Burger Urge (Gladstone)", "geo": {"location": {"lat": -23.8699455, "lng": 151.2417419}, "viewport": {"northeast": {"lat": -23.86850942010728, "lng": 151.2431062798927}, "southwest": {"lat": -23.87120907989272, "lng": 151.2404066201073}}}, "distance": 1000000, "hour": {"open_now": true}, "photo": "Aap_uEDeKc1VAguDWjcqtBCVyrbiirUUh8QYLm2GbrPyaVC-Ft-thKQjFQ3orYmNZVz2oVK8wWvBKl1ESscHI0i2qu47C2SYVEYtDYyqG2bbx6cONQJVXy5P1fNyp-_DDDTDcMxRrB2NXbOfk7BRHGiiuQsERaeoY2BRST1k0TOo-2BZjE5Q", "price_level": 2, "rating": 4.2, "stars": ["checked", "checked", "checked", "checked", ""], "tags": ["restaurant", "food", "point_of_interest", "establishment"], "user_total_rating": 160, "address": "Shop F01, Stockland Gladstone Cnr Dawson Hwy and, Philip St, Gladstone Central", "map": "https://www.google.com/maps/place/?q=place_id:ChIJOcD57KV0wmsR7Det2uUY5cc", "row": {"business_status": "OPERATIONAL", "geometry": {"location": {"lat": -23.8699455, "lng": 151.2417419}, "viewport": {"northeast": {"lat": -23.86850942010728, "lng": 151.2431062798927}, "southwest": {"lat": -23.87120907989272, "lng": 151.2404066201073}}}, "icon": "https://maps.gstatic.com/mapfiles/place_api/icons/v1/png_71/restaurant-71.png", "icon_background_color": "#FF9E67", "icon_mask_base_uri": "https://maps.gstatic.com/mapfiles/place_api/icons/v2/restaurant_pinlet", "name": "Burger Urge (Gladstone)", "opening_hours": {"open_now": true}, "photos": [{"height": 5304, "html_attributions": ["<a href=\"https://maps.google.com/maps/contrib/114666921200110991903\">Burger Urge</a>"], "photo_reference": "Aap_uEDeKc1VAguDWjcqtBCVyrbiirUUh8QYLm2GbrPyaVC-Ft-thKQjFQ3orYmNZVz2oVK8wWvBKl1ESscHI0i2qu47C2SYVEYtDYyqG2bbx6cONQJVXy5P1fNyp-_DDDTDcMxRrB2NXbOfk7BRHGiiuQsERaeoY2BRST1k0TOo-2BZjE5Q", "width": 7952}], "place_id": "ChIJOcD57KV0wmsR7Det2uUY5cc", "plus_code": {"compound_code": "46JR+2M Gladstone Central, Queensland, Australia", "global_code": "5R8H46JR+2M"}, "price_level": 2, "rating": 4.2, "reference": "ChIJOcD57KV0wmsR7Det2uUY5cc", "scope": "GOOGLE", "types": ["restaurant", "food", "point_of_interest", "establishment"], "user_ratings_total": 160, "vicinity": "Shop F01, Stockland Gladstone Cnr Dawson Hwy and, Philip St, Gladstone Central"}}, {"bus_status": "OPERATIONAL", "name": "Hungry Jack's Burgers Gladstone", "geo": {"location": {"lat": -23.8622138, "lng": 151.2431634}, "viewport": {"northeast": {"lat": -23.86086397010728, "lng": 151.2445132298927}, "southwest": {"lat": -23.86356362989272, "lng": 151.2418135701072}}}, "distance": 1000000, "hour": {"open_now": true}, "photo": "Aap_uEBTT7mIEZJea8dkYDYhPRbcv781DhLc0NP76uilvhIOUp22S2rhxwAj_qlTtGF9Bq7T0HDZFj51YfkxbJXDTBiWI5C19ilvYlalMiBsoiN_Z3JSRT4f5lTwegBRmHDSNPR7NE_44P_Nc7rVwld0__NBTsKH2g48vt8dlV-kwCRX44OE", "price_level": 1, "rating": 3.4, "stars": ["checked", "checked", "checked", "", ""], "tags": ["meal_takeaway", "restaurant", "food", "point_of_interest"], "user_total_rating": 444, "address": "31 Dawson Hwy, West Gladstone", "map": "https://www.google.com/maps/place/?q=place_id:ChIJyXAGrLMMwmsRhsBZjpMZYgE", "row": {"business_status": "OPERATIONAL", "geometry": {"location": {"lat": -23.8622138, "lng": 151.2431634}, "viewport": {"northeast": {"lat": -23.86086397010728, "lng": 151.2445132298927}, "southwest": {"lat": -23.86356362989272, "lng": 151.2418135701072}}}, "icon": "https://maps.gstatic.com/mapfiles/place_api/icons/v1/png_71/restaurant-71.png", "icon_background_color": "#FF9E67", "icon_mask_base_uri": "https://maps.gstatic.com/mapfiles/place_api/icons/v2/restaurant_pinlet", "name": "Hungry Jack's Burgers Gladstone", "opening_hours": {"open_now": true}, "photos": [{"height": 331, "html_attributions": ["<a href=\"https://maps.google.com/maps/contrib/103210282323826259102\">Hungry Jack&#39;s Gladstone</a>"], "photo_reference": "Aap_uEBTT7mIEZJea8dkYDYhPRbcv781DhLc0NP76uilvhIOUp22S2rhxwAj_qlTtGF9Bq7T0HDZFj51YfkxbJXDTBiWI5C19ilvYlalMiBsoiN_Z3JSRT4f5lTwegBRmHDSNPR7NE_44P_Nc7rVwld0__NBTsKH2g48vt8dlV-kwCRX44OE", "width": 497}], "place_id": "ChIJyXAGrLMMwmsRhsBZjpMZYgE", "plus_code": {"compound_code": "46QV+47 West Gladstone, Queensland, Australia", "global_code": "5R8H46QV+47"}, "price_level": 1, "rating": 3.4, "reference": "ChIJyXAGrLMMwmsRhsBZjpMZYgE", "scope": "GOOGLE", "types": ["meal_takeaway", "restaurant", "food", "point_of_interest", "establishment"], "user_ratings_total": 444, "vicinity": "31 Dawson Hwy, West Gladstone"}}, {"bus_status": "OPERATIONAL", "name": "Chicken Treat Calliope", "geo": {"location": {"lat": -23.9974458, "lng": 151.2106278}, "viewport": {"northeast": {"lat": -23.99608437010728, "lng": 151.2118935798927}, "southwest": {"lat": -23.99878402989272, "lng": 151.2091939201073}}}, "distance": 1000000, "hour": {"open_now": false}, "photo": "Aap_uEDcVWuzWVE7XVU-H1Z9GedziDC-AVv3VTp6VZmgpAmua6SVU0p9Orlc_RMLRZ8YGgBah4UOnLtjPwQXLE3YMsdHBO2C7HquKi7KhVCB92NAVroDvvpqf2bOfOxtnrLglXP_K6cBVv1MMrDPoWEmOIYcKz8rB3fdhgvZWH-8lejmy4tt", "price_level": 1, "rating": 3.5, "stars": ["checked", "checked", "checked", "", ""], "tags": ["meal_takeaway", "restaurant", "food", "point_of_interest"], "user_total_rating": 18, "address": "Central Shopping Centre, Shop/4 Dawson Hwy, Calliope", "map": "https://www.google.com/maps/place/?q=place_id:ChIJQRmO8l-uMioR0MmRX_DHSPM", "row": {"business_status": "OPERATIONAL", "geometry": {"location": {"lat": -23.9974458, "lng": 151.2106278}, "viewport": {"northeast": {"lat": -23.99608437010728, "lng": 151.2118935798927}, "southwest": {"lat": -23.99878402989272, "lng": 151.2091939201073}}}, "icon": "https://maps.gstatic.com/mapfiles/place_api/icons/v1/png_71/restaurant-71.png", "icon_background_color": "#FF9E67", "icon_mask_base_uri": "https://maps.gstatic.com/mapfiles/place_api/icons/v2/restaurant_pinlet", "name": "Chicken Treat Calliope", "opening_hours": {"open_now": false}, "photos": [{"height": 3024, "html_attributions": ["<a href=\"https://maps.google.com/maps/contrib/109632784978867357202\">Tim Kerr</a>"], "photo_reference": "Aap_uEDcVWuzWVE7XVU-H1Z9GedziDC-AVv3VTp6VZmgpAmua6SVU0p9Orlc_RMLRZ8YGgBah4UOnLtjPwQXLE3YMsdHBO2C7HquKi7KhVCB92NAVroDvvpqf2bOfOxtnrLglXP_K6cBVv1MMrDPoWEmOIYcKz8rB3fdhgvZWH-8lejmy4tt", "width": 4032}], "place_id": "ChIJQRmO8l-uMioR0MmRX_DHSPM", "plus_code": {"compound_code": "2636+27 Calliope, Queensland, Australia", "global_code": "5R8H2636+27"}, "price_level": 1, "rating": 3.5, "reference": "ChIJQRmO8l-uMioR0MmRX_DHSPM", "scope": "GOOGLE", "types": ["meal_takeaway", "restaurant", "food", "point_of_interest", "establishment"], "user_ratings_total": 18, "vicinity": "Central Shopping Centre, Shop/4 Dawson Hwy, Calliope"}}, {"bus_status": "OPERATIONAL", "name": "McDonald's Gladstone City", "geo": {"location": {"lat": -23.8428444, "lng": 151.2526028}, "viewport": {"northeast": {"lat": -23.84145432010728, "lng": 151.2540198298927}, "southwest": {"lat": -23.84415397989272, "lng": 151.2513201701073}}}, "distance": 1000000, "hour": {"open_now": true}, "photo": "Aap_uEALpgQ1-QV41EpZIwNIaQztrcFolJe9bmEQgy1ili80XWncwa6XDY8mCgt6L-OC2HxeTvUL2KneSIyctTUJf9KFDYKM30jZHylF-vbjh61vbcHCBB8on0--uC1eY4s0EHIm3bp3t6UXuaUXGBoT2a03vnkYi7zx1sBwMIzDX5PsAZKw", "price_level": 1, "rating": 3.4, "stars": ["checked", "checked", "checked", "", ""], "tags": ["meal_takeaway", "cafe", "restaurant", "food"], "user_total_rating": 807, "address": "39 Glenlyon St, Gladstone Central", "map": "https://www.google.com/maps/place/?q=place_id:ChIJS6YtR4p0wmsRWI6qBSmy2V8", "row": {"business_status": "OPERATIONAL", "geometry": {"location": {"lat": -23.8428444, "lng": 151.2526028}, "viewport": {"northeast": {"lat": -23.84145432010728, "lng": 151.2540198298927}, "southwest": {"lat": -23.84415397989272, "lng": 151.2513201701073}}}, "icon": "https://maps.gstatic.com/mapfiles/place_api/icons/v1/png_71/restaurant-71.png", "icon_background_color": "#FF9E67", "icon_mask_base_uri": "https://maps.gstatic.com/mapfiles/place_api/icons/v2/restaurant_pinlet", "name": "McDonald's Gladstone City", "opening_hours": {"open_now": true}, "photos": [{"height": 1024, "html_attributions": ["<a href=\"https://maps.google.com/maps/contrib/102993950172199927428\">McDonalds Gladstone City</a>"], "photo_reference": "Aap_uEALpgQ1-QV41EpZIwNIaQztrcFolJe9bmEQgy1ili80XWncwa6XDY8mCgt6L-OC2HxeTvUL2KneSIyctTUJf9KFDYKM30jZHylF-vbjh61vbcHCBB8on0--uC1eY4s0EHIm3bp3t6UXuaUXGBoT2a03vnkYi7zx1sBwMIzDX5PsAZKw", "width": 1024}], "place_id": "ChIJS6YtR4p0wmsRWI6qBSmy2V8", "plus_code": {"compound_code": "5743+V2 Gladstone Central, Queensland, Australia", "global_code": "5R8H5743+V2"}, "price_level": 1, "rating": 3.4, "reference": "ChIJS6YtR4p0wmsRWI6qBSmy2V8", "scope": "GOOGLE", "types": ["meal_takeaway", "cafe", "restaurant", "food", "point_of_interest", "store", "establishment"], "user_ratings_total": 807, "vicinity": "39 Glenlyon St, Gladstone Central"}}, {"bus_status": "OPERATIONAL", "name": "McDonald's Gladstone Kirkwood", "geo": {"location": {"lat": -23.8967631, "lng": 151.2454949}, "viewport": {"northeast": {"lat": -23.89535912010728, "lng": 151.2468267298927}, "southwest": {"lat": -23.89805877989273, "lng": 151.2441270701073}}}, "distance": 1000000, "hour": {"open_now": true}, "photo": "Aap_uECxPVjEAcOMRj4iqtpHLeigXCCqngwTF8mDefVfKtE2pjb6AxgpqXwSG2pwR8a6ay19sjRwCfjAb_l46QJjOOl1lA_FiPOm1pYJaVicrobIsmbvb1NkHPAAfmmJqYU-q63kARRK0ONwLZaj9_C_voSpDt9fPa-bRXcV2OAxuc4AgMhi", "price_level": 1, "rating": 3.3, "stars": ["checked", "checked", "checked", "", ""], "tags": ["meal_takeaway", "cafe", "restaurant", "food"], "user_total_rating": 273, "address": "550 Kirkwood Rd, Kirkwood", "map": "https://www.google.com/maps/place/?q=place_id:ChIJA_Lw3bkMwmsRZuryHYI2Zb0", "row": {"business_status": "OPERATIONAL", "geometry": {"location": {"lat": -23.8967631, "lng": 151.2454949}, "viewport": {"northeast": {"lat": -23.89535912010728, "lng": 151.2468267298927}, "southwest": {"lat": -23.89805877989273, "lng": 151.2441270701073}}}, "icon": "https://maps.gstatic.com/mapfiles/place_api/icons/v1/png_71/restaurant-71.png", "icon_background_color": "#FF9E67", "icon_mask_base_uri": "https://maps.gstatic.com/mapfiles/place_api/icons/v2/restaurant_pinlet", "name": "McDonald's Gladstone Kirkwood", "opening_hours": {"open_now": true}, "photos": [{"height": 4032, "html_attributions": ["<a href=\"https://maps.google.com/maps/contrib/115327375712001524546\">Kirkwood Produce</a>"], "photo_reference": "Aap_uECxPVjEAcOMRj4iqtpHLeigXCCqngwTF8mDefVfKtE2pjb6AxgpqXwSG2pwR8a6ay19sjRwCfjAb_l46QJjOOl1lA_FiPOm1pYJaVicrobIsmbvb1NkHPAAfmmJqYU-q63kARRK0ONwLZaj9_C_voSpDt9fPa-bRXcV2OAxuc4AgMhi", "width": 2268}], "place_id": "ChIJA_Lw3bkMwmsRZuryHYI2Zb0", "plus_code": {"compound_code": "463W+75 Kirkwood, Queensland, Australia", "global_code": "5R8H463W+75"}, "price_level": 1, "rating": 3.3, "reference": "ChIJA_Lw3bkMwmsRZuryHYI2Zb0", "scope": "GOOGLE", "types": ["meal_takeaway", "cafe", "restaurant", "food", "point_of_interest", "store", "establishment"], "user_ratings_total": 273, "vicinity": "550 Kirkwood Rd, Kirkwood"}}, {"bus_status": "OPERATIONAL", "name": "McDonald's Gladstone", "geo": {"location": {"lat": -23.870482, "lng": 151.2399806}, "viewport": {"northeast": {"lat": -23.86927102010728, "lng": 151.2413063298927}, "southwest": {"lat": -23.87197067989272, "lng": 151.2386066701073}}}, "distance": 1000000, "hour": {"open_now": true}, "photo": "Aap_uEDn5x-z0ThfOIhdb-Ib5dHS19M4mnU3XVsO5SxdMIsJUoTeii5lAs1NmDYVJ9kEprz6St9ACei9QA3WJ4OfMz0b2lBWNmArk5XswDa9sRKCyizJdgO9Bw0nGpXhN4CvB3rV68z4AKmdnHEbMw6gX8es3o3QlzXtBgIay8UH07cyFqu-", "price_level": 1, "rating": 3.6, "stars": ["checked", "checked", "checked", "", ""], "tags": ["meal_takeaway", "cafe", "restaurant", "food"], "user_total_rating": 515, "address": "91 Dawson Hwy, Gladstone Central", "map": "https://www.google.com/maps/place/?q=place_id:ChIJtfes4KR0wmsRDrXBoWckImI", "row": {"business_status": "OPERATIONAL", "geometry": {"location": {"lat": -23.870482, "lng": 151.2399806}, "viewport": {"northeast": {"lat": -23.86927102010728, "lng": 151.2413063298927}, "southwest": {"lat": -23.87197067989272, "lng": 151.2386066701073}}}, "icon": "https://maps.gstatic.com/mapfiles/place_api/icons/v1/png_71/restaurant-71.png", "icon_background_color": "#FF9E67", "icon_mask_base_uri": "https://maps.gstatic.com/mapfiles/place_api/icons/v2/restaurant_pinlet", "name": "McDonald's Gladstone", "opening_hours": {"open_now": true}, "photos": [{"height": 3840, "html_attributions": ["<a href=\"https://maps.google.com/maps/contrib/110461630971795524965\">Rusty Chain</a>"], "photo_reference": "Aap_uEDn5x-z0ThfOIhdb-Ib5dHS19M4mnU3XVsO5SxdMIsJUoTeii5lAs1NmDYVJ9kEprz6St9ACei9QA3WJ4OfMz0b2lBWNmArk5XswDa9sRKCyizJdgO9Bw0nGpXhN4CvB3rV68z4AKmdnHEbMw6gX8es3o3QlzXtBgIay8UH07cyFqu-", "width": 2160}], "place_id": "ChIJtfes4KR0wmsRDrXBoWckImI", "plus_code": {"compound_code": "46HQ+RX Gladstone Central, Queensland, Australia", "global_code": "5R8H46HQ+RX"}, "price_level": 1, "rating": 3.6, "reference": "ChIJtfes4KR0wmsRDrXBoWckImI", "scope": "GOOGLE", "types": ["meal_takeaway", "cafe", "restaurant", "food", "point_of_interest", "store", "establishment"], "user_ratings_total": 515, "vicinity": "91 Dawson Hwy, Gladstone Central"}}, {"bus_status": "OPERATIONAL", "name": "McDonald's Boyne Island", "geo": {"location": {"lat": -23.9476171, "lng": 151.3543976}, "viewport": {"northeast": {"lat": -23.94617232010728, "lng": 151.3555959298927}, "southwest": {"lat": -23.94887197989272, "lng": 151.3528962701073}}}, "distance": 1000000, "hour": {"open_now": true}, "photo": "Aap_uEBlABoB16dwiq3Vzn2tr5uWiMRAqMf5VXG_56xP_fyaa6kwdr0JXS2zubzWpVk4UBwG-bz63LPvAF3Y1prfzTwgKAybdw3EMCV5cqPKsx-fEgtlvJUjDF3Zw4wNFz5d3jkQh4kQyGMIpYQ1HxfPfEnyNZHMXX7XDSGcisJm767rEZwN", "price_level": 1, "rating": 3.6, "stars": ["checked", "checked", "checked", "", ""], "tags": ["meal_takeaway", "cafe", "restaurant", "food"], "user_total_rating": 336, "address": "Wyndham Ave, Boyne Island", "map": "https://www.google.com/maps/place/?q=place_id:ChIJ44ToOEvg6WsRyyGq1gk_t_Q", "row": {"business_status": "OPERATIONAL", "geometry": {"location": {"lat": -23.9476171, "lng": 151.3543976}, "viewport": {"northeast": {"lat": -23.94617232010728, "lng": 151.3555959298927}, "southwest": {"lat": -23.94887197989272, "lng": 151.3528962701073}}}, "icon": "https://maps.gstatic.com/mapfiles/place_api/icons/v1/png_71/restaurant-71.png", "icon_background_color": "#FF9E67", "icon_mask_base_uri": "https://maps.gstatic.com/mapfiles/place_api/icons/v2/restaurant_pinlet", "name": "McDonald's Boyne Island", "opening_hours": {"open_now": true}, "photos": [{"height": 4000, "html_attributions": ["<a href=\"https://maps.google.com/maps/contrib/106045683581726658552\">A Google User</a>"], "photo_reference": "Aap_uEBlABoB16dwiq3Vzn2tr5uWiMRAqMf5VXG_56xP_fyaa6kwdr0JXS2zubzWpVk4UBwG-bz63LPvAF3Y1prfzTwgKAybdw3EMCV5cqPKsx-fEgtlvJUjDF3Zw4wNFz5d3jkQh4kQyGMIpYQ1HxfPfEnyNZHMXX7XDSGcisJm767rEZwN", "width": 3000}], "place_id": "ChIJ44ToOEvg6WsRyyGq1gk_t_Q", "plus_code": {"compound_code": "3923+XQ Boyne Island, Queensland, Australia", "global_code": "5R8H3923+XQ"}, "price_level": 1, "rating": 3.6, "reference": "ChIJ44ToOEvg6WsRyyGq1gk_t_Q", "scope": "GOOGLE", "types": ["meal_takeaway", "cafe", "restaurant", "food", "point_of_interest", "store", "establishment"], "user_ratings_total": 336, "vicinity": "Wyndham Ave, Boyne Island"}}, {"bus_status": "OPERATIONAL", "name": "Red Rooster", "geo": {"location": {"lat": -23.85997, "lng": 151.244569}, "viewport": {"northeast": {"lat": -23.85851492010728, "lng": 151.2459003798927}, "southwest": {"lat": -23.86121457989272, "lng": 151.2432007201073}}}, "distance": 1000000, "hour": {"open_now": true}, "photo": "Aap_uEDzSvD87s8SNBsltIp2yK0xCAFJ2pap4qmJuQxTFq-Cwkzwy4QMliTG8Xcdfhm00d_oRsqVjndCADbbO7Yiaovfobsqej3yAJJLl_kk5TAcBLno0FmToe0Lc340EW-SpojguUsT92fm8BEA3h1NPU-kXHmiSXaC_IgaNBC6oFxUhdT8", "price_level": 1, "rating": 4, "stars": ["checked", "checked", "checked", "checked", ""], "tags": ["restaurant", "food", "point_of_interest", "establishment"], "user_total_rating": 143, "address": "36 Far St, Gladstone Central", "map": "https://www.google.com/maps/place/?q=place_id:ChIJIeWZEJh0wmsRz75TzEGQtXU", "row": {"business_status": "OPERATIONAL", "geometry": {"location": {"lat": -23.85997, "lng": 151.244569}, "viewport": {"northeast": {"lat": -23.85851492010728, "lng": 151.2459003798927}, "southwest": {"lat": -23.86121457989272, "lng": 151.2432007201073}}}, "icon": "https://maps.gstatic.com/mapfiles/place_api/icons/v1/png_71/restaurant-71.png", "icon_background_color": "#FF9E67", "icon_mask_base_uri": "https://maps.gstatic.com/mapfiles/place_api/icons/v2/restaurant_pinlet", "name": "Red Rooster", "opening_hours": {"open_now": true}, "photos": [{"height": 1920, "html_attributions": ["<a href=\"https://maps.google.com/maps/contrib/106693551690659490925\">Wesley Pailthorpe</a>"], "photo_reference": "Aap_uEDzSvD87s8SNBsltIp2yK0xCAFJ2pap4qmJuQxTFq-Cwkzwy4QMliTG8Xcdfhm00d_oRsqVjndCADbbO7Yiaovfobsqej3yAJJLl_kk5TAcBLno0FmToe0Lc340EW-SpojguUsT92fm8BEA3h1NPU-kXHmiSXaC_IgaNBC6oFxUhdT8", "width": 1080}], "place_id": "ChIJIeWZEJh0wmsRz75TzEGQtXU", "plus_code": {"compound_code": "46RV+2R Gladstone Central, Queensland, Australia", "global_code": "5R8H46RV+2R"}, "price_level": 1, "rating": 4, "reference": "ChIJIeWZEJh0wmsRz75TzEGQtXU", "scope": "GOOGLE", "types": ["restaurant", "food", "point_of_interest", "establishment"], "user_ratings_total": 143, "vicinity": "36 Far St, Gladstone Central"}}, {"bus_status": "OPERATIONAL", "name": "Wendy's", "geo": {"location": {"lat": -23.8700146, "lng": 151.2427588}, "viewport": {"northeast": {"lat": -23.86866207010728, "lng": 151.2444818798927}, "southwest": {"lat": -23.87136172989272, "lng": 151.2417822201073}}}, "distance": 1000000, "hour": {"open_now": true}, "photo": "", "price_level": "", "rating": 1, "stars": ["checked", "", "", "", ""], "tags": ["restaurant", "food", "point_of_interest", "establishment"], "user_total_rating": 1, "address": "Gladstoneshop 4 Stockland Gladstone Cnr Dawson Highway & Phillip Street, Gladstone Central", "map": "https://www.google.com/maps/place/?q=place_id:ChIJAQAADKV0wmsRMu3RaAe040Y", "row": {"business_status": "OPERATIONAL", "geometry": {"location": {"lat": -23.8700146, "lng": 151.2427588}, "viewport": {"northeast": {"lat": -23.86866207010728, "lng": 151.2444818798927}, "southwest": {"lat": -23.87136172989272, "lng": 151.2417822201073}}}, "icon": "https://maps.gstatic.com/mapfiles/place_api/icons/v1/png_71/restaurant-71.png", "icon_background_color": "#FF9E67", "icon_mask_base_uri": "https://maps.gstatic.com/mapfiles/place_api/icons/v2/restaurant_pinlet", "name": "Wendy's", "opening_hours": {"open_now": true}, "place_id": "ChIJAQAADKV0wmsRMu3RaAe040Y", "plus_code": {"compound_code": "46HV+X4 Gladstone Central, Queensland, Australia", "global_code": "5R8H46HV+X4"}, "rating": 1, "reference": "ChIJAQAADKV0wmsRMu3RaAe040Y", "scope": "GOOGLE", "types": ["restaurant", "food", "point_of_interest", "establishment"], "user_ratings_total": 1, "vicinity": "Gladstoneshop 4 Stockland Gladstone Cnr Dawson Highway & Phillip Street, Gladstone Central"}}, {"bus_status": "OPERATIONAL", "name": "Schnitz", "geo": {"location": {"lat": -23.8701852, "lng": 151.2421114}, "viewport": {"northeast": {"lat": -23.86862927010728, "lng": 151.2432352298927}, "southwest": {"lat": -23.87132892989272, "lng": 151.2405355701073}}}, "distance": 1000000, "hour": {"open_now": true}, "photo": "Aap_uEBv5mrKzqlqeh8t4yDCt_qntLTlBJkvOJyWzHkyv44gDPde6QFLd_As9DaYv74HZ1QcTYV0Ezn2WmzyIbbqyxVRhTw4cUy9b8TvsoXBOSbfSGi6qylhARWBQL91swzWKL0FHYyo4DIfjWR1NN4KVaYoak0tCVL6e5SKmtAnAweqrwDb", "price_level": 2, "rating": 4, "stars": ["checked", "checked", "checked", "checked", ""], "tags": ["restaurant", "food", "point_of_interest", "establishment"], "user_total_rating": 123, "address": "Stockland Gladstone, 019 Philip St &, Dawson Hwy, Gladstone Central", "map": "https://www.google.com/maps/place/?q=place_id:ChIJdaYmoKV0wmsRlQIhROgl9bs", "row": {"business_status": "OPERATIONAL", "geometry": {"location": {"lat": -23.8701852, "lng": 151.2421114}, "viewport": {"northeast": {"lat": -23.86862927010728, "lng": 151.2432352298927}, "southwest": {"lat": -23.87132892989272, "lng": 151.2405355701073}}}, "icon": "https://maps.gstatic.com/mapfiles/place_api/icons/v1/png_71/restaurant-71.png", "icon_background_color": "#FF9E67", "icon_mask_base_uri": "https://maps.gstatic.com/mapfiles/place_api/icons/v2/restaurant_pinlet", "name": "Schnitz", "opening_hours": {"open_now": true}, "photos": [{"height": 2161, "html_attributions": ["<a href=\"https://maps.google.com/maps/contrib/110429685062139899679\">Kelsey Mallett</a>"], "photo_reference": "Aap_uEBv5mrKzqlqeh8t4yDCt_qntLTlBJkvOJyWzHkyv44gDPde6QFLd_As9DaYv74HZ1QcTYV0Ezn2WmzyIbbqyxVRhTw4cUy9b8TvsoXBOSbfSGi6qylhARWBQL91swzWKL0FHYyo4DIfjWR1NN4KVaYoak0tCVL6e5SKmtAnAweqrwDb", "width": 3036}], "place_id": "ChIJdaYmoKV0wmsRlQIhROgl9bs", "plus_code": {"compound_code": "46HR+WR Gladstone Central, Queensland, Australia", "global_code": "5R8H46HR+WR"}, "price_level": 2, "rating": 4, "reference": "ChIJdaYmoKV0wmsRlQIhROgl9bs", "scope": "GOOGLE", "types": ["restaurant", "food", "point_of_interest", "establishment"], "user_ratings_total": 123, "vicinity": "Stockland Gladstone, 019 Philip St &, Dawson Hwy, Gladstone Central"}}, {"bus_status": "OPERATIONAL", "name": "Truffle Pig", "geo": {"location": {"lat": -23.9477718, "lng": 151.3742453}, "viewport": {"northeast": {"lat": -23.94642197010727, "lng": 151.3755951298927}, "southwest": {"lat": -23.94912162989272, "lng": 151.3728954701072}}}, "distance": 1000000, "hour": {"open_now": false}, "photo": "Aap_uEDNQ_OoM_E6YGOmny_bqoCc5K4kSWSzyehpEv3BbLHxP8BsTo7REER3IJYDdeNpjqNXkHlZmDEJbatzN7z4Ni5mMo_-8VU3NGYJEMaHMbFfqrQoLeZmsqyCndiq_j5uMEBEwRzaXxN_KQcSwNym_3sn6vYgKwCjphWMpi8kD7wekX9r", "price_level": 2, "rating": 4.5, "stars": ["checked", "checked", "checked", "checked", ""], "tags": ["restaurant", "food", "point_of_interest", "establishment"], "user_total_rating": 211, "address": "5/1 Pacific Ave, Tannum Sands", "map": "https://www.google.com/maps/place/?q=place_id:ChIJEzbFWv_g6WsRntVzi3G5Wj0", "row": {"business_status": "OPERATIONAL", "geometry": {"location": {"lat": -23.9477718, "lng": 151.3742453}, "viewport": {"northeast": {"lat": -23.94642197010727, "lng": 151.3755951298927}, "southwest": {"lat": -23.94912162989272, "lng": 151.3728954701072}}}, "icon": "https://maps.gstatic.com/mapfiles/place_api/icons/v1/png_71/restaurant-71.png", "icon_background_color": "#FF9E67", "icon_mask_base_uri": "https://maps.gstatic.com/mapfiles/place_api/icons/v2/restaurant_pinlet", "name": "Truffle Pig", "opening_hours": {"open_now": false}, "photos": [{"height": 2268, "html_attributions": ["<a href=\"https://maps.google.com/maps/contrib/109876663536828349092\">Russell Soanes</a>"], "photo_reference": "Aap_uEDNQ_OoM_E6YGOmny_bqoCc5K4kSWSzyehpEv3BbLHxP8BsTo7REER3IJYDdeNpjqNXkHlZmDEJbatzN7z4Ni5mMo_-8VU3NGYJEMaHMbFfqrQoLeZmsqyCndiq_j5uMEBEwRzaXxN_KQcSwNym_3sn6vYgKwCjphWMpi8kD7wekX9r", "width": 4032}], "place_id": "ChIJEzbFWv_g6WsRntVzi3G5Wj0", "plus_code": {"compound_code": "392F+VM Tannum Sands, Queensland, Australia", "global_code": "5R8H392F+VM"}, "price_level": 2, "rating": 4.5, "reference": "ChIJEzbFWv_g6WsRntVzi3G5Wj0", "scope": "GOOGLE", "types": ["restaurant", "food", "point_of_interest", "establishment"], "user_ratings_total": 211, "vicinity": "5/1 Pacific Ave, Tannum Sands"}}, {"bus_status": "OPERATIONAL", "name": "McDonald's Calliope Travel Centre", "geo": {"location": {"lat": -23.9824137, "lng": 151.2122851}, "viewport": {"northeast": {"lat": -23.98106387010728, "lng": 151.2136349298927}, "southwest": {"lat": -23.98376352989272, "lng": 151.2109352701073}}}, "distance": 1000000, "hour": {"open_now": true}, "photo": "Aap_uED_mS_HB2OB5fniIl87MaPWuw767mqnA5mKmkDH-K8aixIOO4EO4SoeuBuw46hgi8ZDTHEfDVztHncpssiw5RASNsWy-3M5ICCBiVS5p6fta2CuC1kCZTt8W8bsnjMn-bHL8sWp4c8eWGJ6wZkLntGORY_UhJXmKBydq-iHJNyJI2iM", "price_level": 1, "rating": 3.5, "stars": ["checked", "checked", "checked", "", ""], "tags": ["meal_takeaway", "cafe", "restaurant", "food"], "user_total_rating": 562, "address": "1906 Dawson Hwy, Calliope", "map": "https://www.google.com/maps/place/?q=place_id:ChIJodAOvr8OwmsRJNch2Z_fUnI", "row": {"business_status": "OPERATIONAL", "geometry": {"location": {"lat": -23.9824137, "lng": 151.2122851}, "viewport": {"northeast": {"lat": -23.98106387010728, "lng": 151.2136349298927}, "southwest": {"lat": -23.98376352989272, "lng": 151.2109352701073}}}, "icon": "https://maps.gstatic.com/mapfiles/place_api/icons/v1/png_71/restaurant-71.png", "icon_background_color": "#FF9E67", "icon_mask_base_uri": "https://maps.gstatic.com/mapfiles/place_api/icons/v2/restaurant_pinlet", "name": "McDonald's Calliope Travel Centre", "opening_hours": {"open_now": true}, "photos": [{"height": 1024, "html_attributions": ["<a href=\"https://maps.google.com/maps/contrib/108063476057557746178\">McDonalds Calliope Travel Centre</a>"], "photo_reference": "Aap_uED_mS_HB2OB5fniIl87MaPWuw767mqnA5mKmkDH-K8aixIOO4EO4SoeuBuw46hgi8ZDTHEfDVztHncpssiw5RASNsWy-3M5ICCBiVS5p6fta2CuC1kCZTt8W8bsnjMn-bHL8sWp4c8eWGJ6wZkLntGORY_UhJXmKBydq-iHJNyJI2iM", "width": 1024}], "place_id": "ChIJodAOvr8OwmsRJNch2Z_fUnI", "plus_code": {"compound_code": "2696+2W Calliope, Queensland, Australia", "global_code": "5R8H2696+2W"}, "price_level": 1, "rating": 3.5, "reference": "ChIJodAOvr8OwmsRJNch2Z_fUnI", "scope": "GOOGLE", "types": ["meal_takeaway", "cafe", "restaurant", "food", "point_of_interest", "store", "establishment"], "user_ratings_total": 562, "vicinity": "1906 Dawson Hwy, Calliope"}}, {"bus_status": "OPERATIONAL", "name": "Hog's Breath Cafe Gladstone", "geo": {"location": {"lat": -23.8468204, "lng": 151.2583575}, "viewport": {"northeast": {"lat": -23.84553922010728, "lng": 151.2597824298927}, "southwest": {"lat": -23.84823887989272, "lng": 151.2570827701072}}}, "distance": 1000000, "hour": {"open_now": false}, "photo": "Aap_uECT51WANxHOJ9ptdOm7-A84Ggwarq_hl137Cci3pptHkfr45cYNyff4ArLZmuoJxzw09K5tk0G-giwMQpbCG-ToSwyiMdyHVYnQUgeBIHXxa_0-qIYZ7t9PPZC9oDU9BY4Fbywr_74pbv0kvbjC_1GLbbo8XYaHjIIhYiaQ2dPueW6D", "price_level": 2, "rating": 4, "stars": ["checked", "checked", "checked", "checked", ""], "tags": ["restaurant", "food", "point_of_interest", "establishment"], "user_total_rating": 459, "address": "shop 3/172 Goondoon St, Gladstone Central", "map": "https://www.google.com/maps/place/?q=place_id:ChIJCd12lPR0wmsRhgUy_9Q1t0c", "row": {"business_status": "OPERATIONAL", "geometry": {"location": {"lat": -23.8468204, "lng": 151.2583575}, "viewport": {"northeast": {"lat": -23.84553922010728, "lng": 151.2597824298927}, "southwest": {"lat": -23.84823887989272, "lng": 151.2570827701072}}}, "icon": "https://maps.gstatic.com/mapfiles/place_api/icons/v1/png_71/restaurant-71.png", "icon_background_color": "#FF9E67", "icon_mask_base_uri": "https://maps.gstatic.com/mapfiles/place_api/icons/v2/restaurant_pinlet", "name": "Hog's Breath Cafe Gladstone", "opening_hours": {"open_now": false}, "photos": [{"height": 12000, "html_attributions": ["<a href=\"https://maps.google.com/maps/contrib/108990340338109620026\">A Google User</a>"], "photo_reference": "Aap_uECT51WANxHOJ9ptdOm7-A84Ggwarq_hl137Cci3pptHkfr45cYNyff4ArLZmuoJxzw09K5tk0G-giwMQpbCG-ToSwyiMdyHVYnQUgeBIHXxa_0-qIYZ7t9PPZC9oDU9BY4Fbywr_74pbv0kvbjC_1GLbbo8XYaHjIIhYiaQ2dPueW6D", "width": 9000}], "place_id": "ChIJCd12lPR0wmsRhgUy_9Q1t0c", "plus_code": {"compound_code": "5735+78 Gladstone Central, Queensland, Australia", "global_code": "5R8H5735+78"}, "price_level": 2, "rating": 4, "reference": "ChIJCd12lPR0wmsRhgUy_9Q1t0c", "scope": "GOOGLE", "types": ["restaurant", "food", "point_of_interest", "establishment"], "user_ratings_total": 459, "vicinity": "shop 3/172 Goondoon St, Gladstone Central"}}, {"bus_status": "OPERATIONAL", "name": "Harvey Road Tavern", "geo": {"location": {"lat": -23.8782188, "lng": 151.2237055}, "viewport": {"northeast": {"lat": -23.87684022010728, "lng": 151.2249668798927}, "southwest": {"lat": -23.87953987989272, "lng": 151.2222672201073}}}, "distance": 1000000, "hour": {"open_now": true}, "photo": "Aap_uECZzJ7ULZLM1p6b6jQe5nfORfhA7QQwVUeeDZpBvOPmTH_QOg88b6pRFRUTbZqayt5zDJlVbG-R5yTqJp_p9DHNMG4Nk7EZNwTef84S6FH4Msl7L1nufJm5Z3CJBwZzVmnDv6ToVDDCrgAvzImWx9rydMWpsUTIVOI50NKwlmwAnNV-", "price_level": 2, "rating": 4.1, "stars": ["checked", "checked", "checked", "checked", ""], "tags": ["bar", "restaurant", "food", "point_of_interest"], "user_total_rating": 622, "address": "1 Harvey Rd, Clinton", "map": "https://www.google.com/maps/place/?q=place_id:ChIJr52Wbq0MwmsRZjFy_PhKpQA", "row": {"business_status": "OPERATIONAL", "geometry": {"location": {"lat": -23.8782188, "lng": 151.2237055}, "viewport": {"northeast": {"lat": -23.87684022010728, "lng": 151.2249668798927}, "southwest": {"lat": -23.87953987989272, "lng": 151.2222672201073}}}, "icon": "https://maps.gstatic.com/mapfiles/place_api/icons/v1/png_71/bar-71.png", "icon_background_color": "#FF9E67", "icon_mask_base_uri": "https://maps.gstatic.com/mapfiles/place_api/icons/v2/bar_pinlet", "name": "Harvey Road Tavern", "opening_hours": {"open_now": true}, "photos": [{"height": 3000, "html_attributions": ["<a href=\"https://maps.google.com/maps/contrib/117027195725420590219\">The Harvey Road Tavern</a>"], "photo_reference": "Aap_uECZzJ7ULZLM1p6b6jQe5nfORfhA7QQwVUeeDZpBvOPmTH_QOg88b6pRFRUTbZqayt5zDJlVbG-R5yTqJp_p9DHNMG4Nk7EZNwTef84S6FH4Msl7L1nufJm5Z3CJBwZzVmnDv6ToVDDCrgAvzImWx9rydMWpsUTIVOI50NKwlmwAnNV-", "width": 3000}], "place_id": "ChIJr52Wbq0MwmsRZjFy_PhKpQA", "plus_code": {"compound_code": "46CF+PF Clinton, Queensland, Australia", "global_code": "5R8H46CF+PF"}, "price_level": 2, "rating": 4.1, "reference": "ChIJr52Wbq0MwmsRZjFy_PhKpQA", "scope": "GOOGLE", "types": ["bar", "restaurant", "food", "point_of_interest", "establishment"], "user_ratings_total": 622, "vicinity": "1 Harvey Rd, Clinton"}}, {"bus_status": "OPERATIONAL", "name": "Clinton Takeaway", "geo": {"location": {"lat": -23.875471, "lng": 151.225121}, "viewport": {"northeast": {"lat": -23.87412117010727, "lng": 151.2264708298927}, "southwest": {"lat": -23.87682082989272, "lng": 151.2237711701073}}}, "distance": 1000000, "hour": {"open_now": false}, "photo": "Aap_uEDJZkjuZ-CKxcyqMLHaUvaK9D_xbGZLajPRuKbS_OT0M3HXrrJKvateutUPMwh_B01JqOWW4CjhC7szRtRtM9qGQeKYKLKnXvZfAWIKzNYSPQEn0FXc0achtEUvDGJSPOAirjFn2ZVGkJu6-UAlN0JLJBwni9KNxxzTSOntTJyFs9ac", "price_level": 2, "rating": 4.1, "stars": ["checked", "checked", "checked", "checked", ""], "tags": ["meal_takeaway", "restaurant", "food", "point_of_interest"], "user_total_rating": 139, "address": "3/221 Dawson Hwy, Gladstone Central", "map": "https://www.google.com/maps/place/?q=place_id:ChIJ00kWslNzwmsR7OcU_cPBzQ0", "row": {"business_status": "OPERATIONAL", "geometry": {"location": {"lat": -23.875471, "lng": 151.225121}, "viewport": {"northeast": {"lat": -23.87412117010727, "lng": 151.2264708298927}, "southwest": {"lat": -23.87682082989272, "lng": 151.2237711701073}}}, "icon": "https://maps.gstatic.com/mapfiles/place_api/icons/v1/png_71/restaurant-71.png", "icon_background_color": "#FF9E67", "icon_mask_base_uri": "https://maps.gstatic.com/mapfiles/place_api/icons/v2/restaurant_pinlet", "name": "Clinton Takeaway", "opening_hours": {"open_now": false}, "photos": [{"height": 3456, "html_attributions": ["<a href=\"https://maps.google.com/maps/contrib/100350818913063061444\">James M</a>"], "photo_reference": "Aap_uEDJZkjuZ-CKxcyqMLHaUvaK9D_xbGZLajPRuKbS_OT0M3HXrrJKvateutUPMwh_B01JqOWW4CjhC7szRtRtM9qGQeKYKLKnXvZfAWIKzNYSPQEn0FXc0achtEUvDGJSPOAirjFn2ZVGkJu6-UAlN0JLJBwni9KNxxzTSOntTJyFs9ac", "width": 4608}], "place_id": "ChIJ00kWslNzwmsR7OcU_cPBzQ0", "plus_code": {"compound_code": "46FG+R2 Gladstone Central, Queensland, Australia", "global_code": "5R8H46FG+R2"}, "price_level": 2, "rating": 4.1, "reference": "ChIJ00kWslNzwmsR7OcU_cPBzQ0", "scope": "GOOGLE", "types": ["meal_takeaway", "restaurant", "food", "point_of_interest", "establishment"], "user_ratings_total": 139, "vicinity": "3/221 Dawson Hwy, Gladstone Central"}}, {"bus_status": "OPERATIONAL", "name": "Guzman Y Gomez", "geo": {"location": {"lat": -23.8701015, "lng": 151.2417792}, "viewport": {"northeast": {"lat": -23.86876997010728, "lng": 151.2430870298927}, "southwest": {"lat": -23.87146962989272, "lng": 151.2403873701073}}}, "distance": 1000000, "hour": {"open_now": true}, "photo": "Aap_uEA9pH5Wc9KOT6QsTx_LxAf4u2oSlv72JGw2Zp1JZRuE8zQsunaGEHt1wxJaqDYOtWU-T_SXQoV4HygtlAxipEJOS5_Z5XNDtXIxscX51y2vkmAZrssM14ZIRqM_vgXlRkuJ65ulcSQRUqC8W5dVH_DoOeLKLEUYmYjEZjE3erwS-MSV", "price_level": 2, "rating": 4.2, "stars": ["checked", "checked", "checked", "checked", ""], "tags": ["restaurant", "food", "point_of_interest", "establishment"], "user_total_rating": 327, "address": "Stockland Shopping Centre, Dawson Hwy, Gladstone Central", "map": "https://www.google.com/maps/place/?q=place_id:ChIJRXRac6V0wmsRZf4i2plAdIM", "row": {"business_status": "OPERATIONAL", "geometry": {"location": {"lat": -23.8701015, "lng": 151.2417792}, "viewport": {"northeast": {"lat": -23.86876997010728, "lng": 151.2430870298927}, "southwest": {"lat": -23.87146962989272, "lng": 151.2403873701073}}}, "icon": "https://maps.gstatic.com/mapfiles/place_api/icons/v1/png_71/restaurant-71.png", "icon_background_color": "#FF9E67", "icon_mask_base_uri": "https://maps.gstatic.com/mapfiles/place_api/icons/v2/restaurant_pinlet", "name": "Guzman Y Gomez", "opening_hours": {"open_now": true}, "photos": [{"height": 3024, "html_attributions": ["<a href=\"https://maps.google.com/maps/contrib/100235663228483806047\">A Google User</a>"], "photo_reference": "Aap_uEA9pH5Wc9KOT6QsTx_LxAf4u2oSlv72JGw2Zp1JZRuE8zQsunaGEHt1wxJaqDYOtWU-T_SXQoV4HygtlAxipEJOS5_Z5XNDtXIxscX51y2vkmAZrssM14ZIRqM_vgXlRkuJ65ulcSQRUqC8W5dVH_DoOeLKLEUYmYjEZjE3erwS-MSV", "width": 4032}], "place_id": "ChIJRXRac6V0wmsRZf4i2plAdIM", "plus_code": {"compound_code": "46HR+XP Gladstone Central, Queensland, Australia", "global_code": "5R8H46HR+XP"}, "price_level": 2, "rating": 4.2, "reference": "ChIJRXRac6V0wmsRZf4i2plAdIM", "scope": "GOOGLE", "types": ["restaurant", "food", "point_of_interest", "establishment"], "user_ratings_total": 327, "vicinity": "Stockland Shopping Centre, Dawson Hwy, Gladstone Central"}}, {"bus_status": "OPERATIONAL", "name": "Fordy's Seafood", "geo": {"location": {"lat": -23.847356, "lng": 151.261788}, "viewport": {"northeast": {"lat": -23.84611717010728, "lng": 151.2632020298927}, "southwest": {"lat": -23.84881682989272, "lng": 151.2605023701073}}}, "distance": 1000000, "hour": {"open_now": false}, "photo": "Aap_uEDgi8xEVrj7-HPrrVWyzWMgGc0t2BChskaA96sB5JD2TU7CK6uO0p9Z3u4ufq-w7jda58gOA9TnekYhM-MyimLC4PrY_bLH4bh8ikxvhEaDj-9FDzbIijkY7ngevAPJVMFxra_x6s7oLFwJORzt0Cxsp4CbsDsXDdRlobKYlnLfHmd2", "price_level": "", "rating": 4.1, "stars": ["checked", "checked", "checked", "checked", ""], "tags": ["meal_takeaway", "restaurant", "food", "point_of_interest"], "user_total_rating": 109, "address": "18 Tank St, Gladstone-City", "map": "https://www.google.com/maps/place/?q=place_id:ChIJx53PFvR0wmsRVQTvYmtXEK8", "row": {"business_status": "OPERATIONAL", "geometry": {"location": {"lat": -23.847356, "lng": 151.261788}, "viewport": {"northeast": {"lat": -23.84611717010728, "lng": 151.2632020298927}, "southwest": {"lat": -23.84881682989272, "lng": 151.2605023701073}}}, "icon": "https://maps.gstatic.com/mapfiles/place_api/icons/v1/png_71/restaurant-71.png", "icon_background_color": "#FF9E67", "icon_mask_base_uri": "https://maps.gstatic.com/mapfiles/place_api/icons/v2/restaurant_pinlet", "name": "Fordy's Seafood", "opening_hours": {"open_now": false}, "photos": [{"height": 2175, "html_attributions": ["<a href=\"https://maps.google.com/maps/contrib/100886764205652181076\">A Google User</a>"], "photo_reference": "Aap_uEDgi8xEVrj7-HPrrVWyzWMgGc0t2BChskaA96sB5JD2TU7CK6uO0p9Z3u4ufq-w7jda58gOA9TnekYhM-MyimLC4PrY_bLH4bh8ikxvhEaDj-9FDzbIijkY7ngevAPJVMFxra_x6s7oLFwJORzt0Cxsp4CbsDsXDdRlobKYlnLfHmd2", "width": 3244}], "place_id": "ChIJx53PFvR0wmsRVQTvYmtXEK8", "plus_code": {"compound_code": "5736+3P Gladstone Central, Queensland, Australia", "global_code": "5R8H5736+3P"}, "rating": 4.1, "reference": "ChIJx53PFvR0wmsRVQTvYmtXEK8", "scope": "GOOGLE", "types": ["meal_takeaway", "restaurant", "food", "point_of_interest", "establishment"], "user_ratings_total": 109, "vicinity": "18 Tank St, Gladstone-City"}}, {"bus_status": "OPERATIONAL", "name": "The Coffee Club Caf\u00e9 - Gladstone Grand Hotel", "geo": {"location": {"lat": -23.8418809, "lng": 151.2547109}, "viewport": {"northeast": {"lat": -23.84044192010728, "lng": 151.2561046298927}, "southwest": {"lat": -23.84314157989272, "lng": 151.2534049701073}}}, "distance": 1000000, "hour": {"open_now": false}, "photo": "Aap_uEBWE5CUsHXY4ko5o5ux2E1n4Prh0iYyTXsQ-DCgz1sVCKbcx3Yi-hbry7XuiIyRLJfh1HAhNR-k7P3LDMBhXP9rmHOGt-bl-TBMzOWMzMlkObt4nFGP0wSm3GwN9tNnk88s71E8mx4YThbG8hZK56_Vm7WzvnTM0lDCc-mJpFcC8kE", "price_level": 2, "rating": 4, "stars": ["checked", "checked", "checked", "checked", ""], "tags": ["cafe", "restaurant", "food", "point_of_interest"], "user_total_rating": 217, "address": "79 Goondoon St, Gladstone Central", "map": "https://www.google.com/maps/place/?q=place_id:ChIJ34GXhIp0wmsRwDR7i70m9QI", "row": {"business_status": "OPERATIONAL", "geometry": {"location": {"lat": -23.8418809, "lng": 151.2547109}, "viewport": {"northeast": {"lat": -23.84044192010728, "lng": 151.2561046298927}, "southwest": {"lat": -23.84314157989272, "lng": 151.2534049701073}}}, "icon": "https://maps.gstatic.com/mapfiles/place_api/icons/v1/png_71/cafe-71.png", "icon_background_color": "#FF9E67", "icon_mask_base_uri": "https://maps.gstatic.com/mapfiles/place_api/icons/v2/cafe_pinlet", "name": "The Coffee Club Caf\u00e9 - Gladstone Grand Hotel", "opening_hours": {"open_now": false}, "photos": [{"height": 4032, "html_attributions": ["<a href=\"https://maps.google.com/maps/contrib/103117619820586837630\">A Google User</a>"], "photo_reference": "Aap_uEBWE5CUsHXY4ko5o5ux2E1n4Prh0iYyTXsQ-DCgz1sVCKbcx3Yi-hbry7XuiIyRLJfh1HAhNR-k7P3LDMBhXP9rmHOGt-bl-TBMzOWMzMlkObt4nFGP0wSm3GwN9tNnk88s71E8mx4YThbG8hZK56_Vm7WzvnTM0lDCc-mJpFcC8kE", "width": 3024}], "place_id": "ChIJ34GXhIp0wmsRwDR7i70m9QI", "plus_code": {"compound_code": "5753+6V Gladstone Central, Queensland, Australia", "global_code": "5R8H5753+6V"}, "price_level": 2, "rating": 4, "reference": "ChIJ34GXhIp0wmsRwDR7i70m9QI", "scope": "GOOGLE", "types": ["cafe", "restaurant", "food", "point_of_interest", "store", "establishment"], "user_ratings_total": 217, "vicinity": "79 Goondoon St, Gladstone Central"}}, {"bus_status": "OPERATIONAL", "name": "Flavours Marina", "geo": {"location": {"lat": -23.8338904, "lng": 151.2469448}, "viewport": {"northeast": {"lat": -23.83261417010727, "lng": 151.2482931298927}, "southwest": {"lat": -23.83531382989272, "lng": 151.2455934701073}}}, "distance": 1000000, "hour": {"open_now": true}, "photo": "Aap_uECHvql_g3VMv0BfPFFbVBhX-97Nxpx4fWf4nIOYbHX2JIKPEy1MMJh7IZbMfEn6iS0lNaqway8GP7Mlj2tsVN6adaeKykzJ-5bDOM121AgkkBcjqEkhlnqaJ_V90emMWk6-mKMJXWZIPe0s8yxfFKwq7urwnaYZ4WL4BiRB5s8y6YC7", "price_level": 2, "rating": 4, "stars": ["checked", "checked", "checked", "checked", ""], "tags": ["restaurant", "food", "point_of_interest", "establishment"], "user_total_rating": 88, "address": "72 Bryan Jordan Dr, Callemondah", "map": "https://www.google.com/maps/place/?q=place_id:ChIJp8cjVxR1wmsR2jTfAimfAKM", "row": {"business_status": "OPERATIONAL", "geometry": {"location": {"lat": -23.8338904, "lng": 151.2469448}, "viewport": {"northeast": {"lat": -23.83261417010727, "lng": 151.2482931298927}, "southwest": {"lat": -23.83531382989272, "lng": 151.2455934701073}}}, "icon": "https://maps.gstatic.com/mapfiles/place_api/icons/v1/png_71/restaurant-71.png", "icon_background_color": "#FF9E67", "icon_mask_base_uri": "https://maps.gstatic.com/mapfiles/place_api/icons/v2/restaurant_pinlet", "name": "Flavours Marina", "opening_hours": {"open_now": true}, "photos": [{"height": 3024, "html_attributions": ["<a href=\"https://maps.google.com/maps/contrib/106045683581726658552\">A Google User</a>"], "photo_reference": "Aap_uECHvql_g3VMv0BfPFFbVBhX-97Nxpx4fWf4nIOYbHX2JIKPEy1MMJh7IZbMfEn6iS0lNaqway8GP7Mlj2tsVN6adaeKykzJ-5bDOM121AgkkBcjqEkhlnqaJ_V90emMWk6-mKMJXWZIPe0s8yxfFKwq7urwnaYZ4WL4BiRB5s8y6YC7", "width": 4032}], "place_id": "ChIJp8cjVxR1wmsR2jTfAimfAKM", "plus_code": {"compound_code": "568W+CQ Callemondah, Queensland, Australia", "global_code": "5R8H568W+CQ"}, "price_level": 2, "rating": 4, "reference": "ChIJp8cjVxR1wmsR2jTfAimfAKM", "scope": "GOOGLE", "types": ["restaurant", "food", "point_of_interest", "establishment"], "user_ratings_total": 88, "vicinity": "72 Bryan Jordan Dr, Callemondah"}}, {"bus_status": "OPERATIONAL", "name": "The Coffee Club Caf\u00e9 - Gladstone", "geo": {"location": {"lat": -23.8532903, "lng": 151.2490985}, "viewport": {"northeast": {"lat": -23.85204227010728, "lng": 151.2506831798927}, "southwest": {"lat": -23.85474192989273, "lng": 151.2479835201073}}}, "distance": 1000000, "hour": {"open_now": false}, "photo": "Aap_uEBtc7rx7z80OHTLPY3eIzEVUQeRPdjW69dtdTVGBd1GS8ZVal7d8k2iGyRx4bFXwQ_WsKUcmJGhmz4yL_BisPk2ByQqvr2EQ_timTBBPiRR2qmN1qINKfl3zTOIRfpZ4kHbg3cdp77r6MbQPPMLknJbj2pcCfUKZKy2Iy4iOJVkR4AQ", "price_level": 2, "rating": 4.1, "stars": ["checked", "checked", "checked", "checked", ""], "tags": ["cafe", "restaurant", "food", "point_of_interest"], "user_total_rating": 230, "address": "45/55 Dawson Hwy, West Gladstone", "map": "https://www.google.com/maps/place/?q=place_id:ChIJuTO-R6R0wmsRSc74yCLd4Hg", "row": {"business_status": "OPERATIONAL", "geometry": {"location": {"lat": -23.8532903, "lng": 151.2490985}, "viewport": {"northeast": {"lat": -23.85204227010728, "lng": 151.2506831798927}, "southwest": {"lat": -23.85474192989273, "lng": 151.2479835201073}}}, "icon": "https://maps.gstatic.com/mapfiles/place_api/icons/v1/png_71/cafe-71.png", "icon_background_color": "#FF9E67", "icon_mask_base_uri": "https://maps.gstatic.com/mapfiles/place_api/icons/v2/cafe_pinlet", "name": "The Coffee Club Caf\u00e9 - Gladstone", "opening_hours": {"open_now": false}, "photos": [{"height": 4032, "html_attributions": ["<a href=\"https://maps.google.com/maps/contrib/105101979136455503764\">Gavin Sawtell</a>"], "photo_reference": "Aap_uEBtc7rx7z80OHTLPY3eIzEVUQeRPdjW69dtdTVGBd1GS8ZVal7d8k2iGyRx4bFXwQ_WsKUcmJGhmz4yL_BisPk2ByQqvr2EQ_timTBBPiRR2qmN1qINKfl3zTOIRfpZ4kHbg3cdp77r6MbQPPMLknJbj2pcCfUKZKy2Iy4iOJVkR4AQ", "width": 3024}], "place_id": "ChIJuTO-R6R0wmsRSc74yCLd4Hg", "plus_code": {"compound_code": "46WX+MJ West Gladstone, Queensland, Australia", "global_code": "5R8H46WX+MJ"}, "price_level": 2, "rating": 4.1, "reference": "ChIJuTO-R6R0wmsRSc74yCLd4Hg", "scope": "GOOGLE", "types": ["cafe", "restaurant", "food", "point_of_interest", "store", "establishment"], "user_ratings_total": 230, "vicinity": "45/55 Dawson Hwy, West Gladstone"}}]